timestamp,cpu_percent,memory_percent,request_rate,post_scaling
2024-01-15T00:00:00,18.26,34.18,160.5,False
2024-01-15T00:00:30,23.73,36.62,266.9,False
2024-01-15T00:01:00,15.75,31.59,255.8,False
2024-01-15T00:01:30,19.76,34.07,335.0,False
2024-01-15T00:02:00,21.22,34.34,268.8,False
2024-01-15T00:02:30,22.46,37.77,182.2,False
2024-01-15T00:03:00,22.81,34.91,269.8,False
2024-01-15T00:03:30,23.02,32.03,281.8,False
2024-01-15T00:04:00,19.57,34.91,300.9,False
2024-01-15T00:04:30,19.2,34.05,255.5,False
2024-01-15T00:05:00,23.13,35.41,233.9,False
2024-01-15T00:05:30,19.95,36.82,298.1,False
2024-01-15T00:06:00,16.67,27.89,256.1,False
2024-01-15T00:06:30,17.06,36.7,208.5,False
2024-01-15T00:07:00,17.67,35.97,270.2,False
2024-01-15T00:07:30,21.89,34.71,253.3,False
2024-01-15T00:08:00,20.8,34.52,254.5,False
2024-01-15T00:08:30,22.41,37.24,258.1,False
2024-01-15T00:09:00,19.03,35.61,239.9,False
2024-01-15T00:09:30,20.76,34.14,302.3,False
2024-01-15T00:10:00,22.13,32.86,205.6,False
2024-01-15T00:10:30,19.3,38.91,298.5,False
2024-01-15T00:11:00,21.57,37.73,279.6,False
2024-01-15T00:11:30,18.18,34.44,229.8,False
2024-01-15T00:12:00,19.05,34.91,253.2,False
2024-01-15T00:12:30,18.96,35.76,215.3,False
2024-01-15T00:13:00,16.49,34.77,166.7,False
2024-01-15T00:13:30,21.51,31.62,236.9,False
2024-01-15T00:14:00,18.61,33.65,173.1,False
2024-01-15T00:14:30,20.03,34.15,206.1,False
2024-01-15T00:15:00,21.41,35.43,206.3,False
2024-01-15T00:15:30,21.27,37.23,319.1,False
2024-01-15T00:16:00,21.9,32.42,223.8,False
2024-01-15T00:16:30,19.58,32.14,255.0,False
2024-01-15T00:17:00,18.58,32.98,293.3,False
2024-01-15T00:17:30,19.58,35.15,290.7,False
2024-01-15T00:18:00,14.73,34.08,206.0,False
2024-01-15T00:18:30,15.42,36.03,211.8,False
2024-01-15T00:19:00,15.77,32.37,233.3,False
2024-01-15T00:19:30,16.72,35.08,318.2,False
2024-01-15T00:20:00,20.88,36.92,283.5,False
2024-01-15T00:20:30,16.93,34.61,262.2,False
2024-01-15T00:21:00,18.49,34.26,338.6,False
2024-01-15T00:21:30,23.49,36.01,299.1,False
2024-01-15T00:22:00,18.5,32.19,293.9,False
2024-01-15T00:22:30,21.75,33.68,293.1,False
2024-01-15T00:23:00,16.71,34.12,252.2,False
2024-01-15T00:23:30,18.87,34.4,212.4,False
2024-01-15T00:24:00,16.61,32.55,187.7,False
2024-01-15T00:24:30,18.41,35.61,226.8,False
2024-01-15T00:25:00,21.92,35.64,310.7,False
2024-01-15T00:25:30,14.19,30.35,246.9,False
2024-01-15T00:26:00,20.65,34.87,318.5,False
2024-01-15T00:26:30,20.03,36.74,259.8,False
2024-01-15T00:27:00,17.51,31.79,261.6,False
2024-01-15T00:27:30,14.93,32.97,241.1,False
2024-01-15T00:28:00,19.46,34.7,251.3,False
2024-01-15T00:28:30,17.62,32.38,228.1,False
2024-01-15T00:29:00,42.79,45.9,683.0,False
2024-01-15T00:29:30,65.7,54.8,919.5,False
2024-01-15T00:30:00,88.61,69.62,1104.7,False
2024-01-15T00:30:30,87.02,65.87,1141.5,False
2024-01-15T00:31:00,88.44,71.46,1156.9,False
2024-01-15T00:31:30,88.72,69.27,1115.6,False
2024-01-15T00:32:00,87.55,67.73,1183.0,False
2024-01-15T00:32:30,88.84,71.84,1118.3,False
2024-01-15T00:33:00,88.88,67.48,1152.4,False
2024-01-15T00:33:30,88.13,67.67,1101.1,False
2024-01-15T00:34:00,90.65,66.77,1079.6,False
2024-01-15T00:34:30,89.04,72.25,1095.3,False
2024-01-15T00:35:00,89.74,73.72,1176.9,False
2024-01-15T00:35:30,87.16,65.34,1086.7,False
2024-01-15T00:36:00,87.15,67.05,1078.5,False
2024-01-15T00:36:30,89.07,69.79,1112.4,False
2024-01-15T00:37:00,90.47,69.32,1108.2,False
2024-01-15T00:37:30,65.1,57.6,968.6,False
2024-01-15T00:38:00,39.07,44.42,788.0,False
2024-01-15T00:38:30,15.65,33.75,525.4,False
2024-01-15T00:39:00,15.69,31.02,247.1,True
2024-01-15T00:39:30,16.93,33.95,274.3,True
2024-01-15T00:40:00,19.69,32.71,261.8,True
2024-01-15T00:40:30,21.87,35.21,239.8,True
2024-01-15T00:41:00,15.85,29.56,210.4,True
2024-01-15T00:41:30,12.46,30.53,216.2,True
2024-01-15T00:42:00,9.7,28.81,193.3,True
2024-01-15T00:42:30,15.44,34.72,151.8,True
2024-01-15T00:43:00,12.82,31.41,185.1,True
2024-01-15T00:43:30,13.76,32.24,180.6,True
2024-01-15T00:44:00,16.58,33.36,268.0,False
2024-01-15T00:44:30,17.97,29.85,215.9,False
2024-01-15T00:45:00,21.57,31.91,254.1,False
2024-01-15T00:45:30,18.82,33.89,230.7,False
2024-01-15T00:46:00,17.85,34.6,274.4,False
2024-01-15T00:46:30,15.19,32.25,260.3,False
2024-01-15T00:47:00,13.25,30.02,225.7,False
2024-01-15T00:47:30,16.79,33.04,278.6,False
2024-01-15T00:48:00,18.07,33.51,293.9,False
2024-01-15T00:48:30,23.51,38.44,215.6,False
2024-01-15T00:49:00,18.57,35.86,272.2,False
2024-01-15T00:49:30,21.1,34.58,254.0,False
2024-01-15T00:50:00,16.63,33.35,182.8,False
2024-01-15T00:50:30,14.55,32.96,203.6,False
2024-01-15T00:51:00,15.19,33.58,250.8,False
2024-01-15T00:51:30,15.89,36.39,285.3,False
2024-01-15T00:52:00,24.42,37.3,241.6,False
2024-01-15T00:52:30,15.55,35.25,249.2,False
2024-01-15T00:53:00,20.51,33.08,342.7,False
2024-01-15T00:53:30,15.26,31.5,295.3,False
2024-01-15T00:54:00,20.74,31.25,127.8,False
2024-01-15T00:54:30,19.08,34.99,339.8,False
2024-01-15T00:55:00,17.43,35.16,277.9,False
2024-01-15T00:55:30,17.76,28.92,149.8,False
2024-01-15T00:56:00,15.89,33.47,196.5,False
2024-01-15T00:56:30,19.17,35.95,303.7,False
2024-01-15T00:57:00,16.45,34.47,246.0,False
2024-01-15T00:57:30,14.11,29.82,189.9,False
2024-01-15T00:58:00,13.93,33.67,214.1,False
2024-01-15T00:58:30,18.26,34.31,267.9,False
2024-01-15T00:59:00,22.46,37.57,256.5,False
2024-01-15T00:59:30,18.18,34.0,240.4,False
2024-01-15T01:00:00,17.32,34.59,274.5,False
2024-01-15T01:00:30,18.52,36.64,220.1,False
2024-01-15T01:01:00,21.55,35.54,218.2,False
2024-01-15T01:01:30,18.27,34.87,220.7,False
2024-01-15T01:02:00,16.36,35.85,195.3,False
2024-01-15T01:02:30,20.89,35.35,242.9,False
2024-01-15T01:03:00,18.84,32.34,181.6,False
2024-01-15T01:03:30,22.14,37.59,286.5,False
2024-01-15T01:04:00,18.06,37.07,279.2,False
2024-01-15T01:04:30,13.81,34.66,178.0,False
2024-01-15T01:05:00,13.36,33.29,180.8,False
2024-01-15T01:05:30,22.4,31.69,271.7,False
2024-01-15T01:06:00,22.59,35.21,244.3,False
2024-01-15T01:06:30,16.86,32.45,274.3,False
2024-01-15T01:07:00,16.23,33.39,194.3,False
2024-01-15T01:07:30,21.75,39.44,252.9,False
2024-01-15T01:08:00,14.02,30.04,181.6,False
2024-01-15T01:08:30,14.64,36.99,257.4,False
2024-01-15T01:09:00,19.23,34.04,244.6,False
2024-01-15T01:09:30,16.1,31.71,308.5,False
2024-01-15T01:10:00,17.24,35.51,252.1,False
2024-01-15T01:10:30,16.75,35.42,280.3,False
2024-01-15T01:11:00,18.23,35.61,232.9,False
2024-01-15T01:11:30,21.42,34.37,233.7,False
2024-01-15T01:12:00,17.45,34.93,238.3,False
2024-01-15T01:12:30,19.09,32.68,225.6,False
2024-01-15T01:13:00,10.99,29.1,108.0,False
2024-01-15T01:13:30,16.97,33.5,276.3,False
2024-01-15T01:14:00,14.57,30.85,217.9,False
2024-01-15T01:14:30,13.43,34.03,179.4,False
2024-01-15T01:15:00,14.43,31.27,230.5,False
2024-01-15T01:15:30,16.04,32.79,230.2,False
2024-01-15T01:16:00,19.77,33.34,314.6,False
2024-01-15T01:16:30,13.03,33.8,221.5,False
2024-01-15T01:17:00,17.08,32.42,230.3,False
2024-01-15T01:17:30,15.51,35.26,251.9,False
2024-01-15T01:18:00,15.97,35.34,226.3,False
2024-01-15T01:18:30,19.94,34.3,266.9,False
2024-01-15T01:19:00,18.53,34.54,297.2,False
2024-01-15T01:19:30,20.9,34.73,220.5,False
2024-01-15T01:20:00,16.41,34.52,196.8,False
2024-01-15T01:20:30,14.77,32.22,201.4,False
2024-01-15T01:21:00,16.17,32.47,218.4,False
2024-01-15T01:21:30,17.55,34.09,286.6,False
2024-01-15T01:22:00,17.33,30.73,182.1,False
2024-01-15T01:22:30,13.53,31.84,207.1,False
2024-01-15T01:23:00,17.04,35.05,214.3,False
2024-01-15T01:23:30,17.43,34.23,307.5,False
2024-01-15T01:24:00,24.28,39.28,329.6,False
2024-01-15T01:24:30,22.34,35.65,288.3,False
2024-01-15T01:25:00,14.13,31.39,251.8,False
2024-01-15T01:25:30,15.81,30.91,173.7,False
2024-01-15T01:26:00,12.27,30.56,279.2,False
2024-01-15T01:26:30,14.87,36.61,185.3,False
2024-01-15T01:27:00,17.57,34.58,290.8,False
2024-01-15T01:27:30,20.22,34.19,283.9,False
2024-01-15T01:28:00,14.4,30.44,225.8,False
2024-01-15T01:28:30,14.61,29.36,265.5,False
2024-01-15T01:29:00,10.11,28.65,220.8,False
2024-01-15T01:29:30,16.05,34.8,232.7,False
2024-01-15T01:30:00,13.34,31.07,189.8,False
2024-01-15T01:30:30,14.92,30.8,224.3,False
2024-01-15T01:31:00,13.86,30.49,206.8,False
2024-01-15T01:31:30,16.19,34.65,243.7,False
2024-01-15T01:32:00,11.18,30.69,230.3,False
2024-01-15T01:32:30,12.04,30.03,215.1,False
2024-01-15T01:33:00,22.81,36.05,289.9,False
2024-01-15T01:33:30,12.55,35.95,174.2,False
2024-01-15T01:34:00,13.1,34.26,217.8,False
2024-01-15T01:34:30,21.89,39.15,207.3,False
2024-01-15T01:35:00,25.08,34.3,268.7,False
2024-01-15T01:35:30,12.83,31.38,226.9,False
2024-01-15T01:36:00,15.22,31.59,257.2,False
2024-01-15T01:36:30,17.34,35.03,237.9,False
2024-01-15T01:37:00,21.48,38.14,279.9,False
2024-01-15T01:37:30,13.32,32.59,221.4,False
2024-01-15T01:38:00,15.53,31.3,251.5,False
2024-01-15T01:38:30,18.58,33.25,240.6,False
2024-01-15T01:39:00,17.54,35.29,201.0,False
2024-01-15T01:39:30,15.09,34.27,236.2,False
2024-01-15T01:40:00,15.8,33.47,304.8,False
2024-01-15T01:40:30,12.07,31.58,159.6,False
2024-01-15T01:41:00,15.46,33.12,218.6,False
2024-01-15T01:41:30,15.36,33.51,207.5,False
2024-01-15T01:42:00,16.84,35.14,331.3,False
2024-01-15T01:42:30,14.47,33.78,177.3,False
2024-01-15T01:43:00,17.53,34.11,233.8,False
2024-01-15T01:43:30,19.14,34.77,238.5,False
2024-01-15T01:44:00,16.56,33.4,182.3,False
2024-01-15T01:44:30,17.13,32.3,184.7,False
2024-01-15T01:45:00,16.22,31.82,252.5,False
2024-01-15T01:45:30,16.05,34.41,256.7,False
2024-01-15T01:46:00,13.87,30.81,188.6,False
2024-01-15T01:46:30,16.97,35.42,292.1,False
2024-01-15T01:47:00,15.71,33.06,135.7,False
2024-01-15T01:47:30,22.27,38.08,227.8,False
2024-01-15T01:48:00,20.7,36.93,232.6,False
2024-01-15T01:48:30,17.12,35.56,236.6,False
2024-01-15T01:49:00,13.66,31.19,191.3,False
2024-01-15T01:49:30,12.6,32.43,192.8,False
2024-01-15T01:50:00,19.5,36.54,275.4,False
2024-01-15T01:50:30,16.7,30.56,291.9,False
2024-01-15T01:51:00,17.34,37.39,270.8,False
2024-01-15T01:51:30,10.65,35.18,187.5,False
2024-01-15T01:52:00,18.66,36.54,246.0,False
2024-01-15T01:52:30,17.22,35.55,281.9,False
2024-01-15T01:53:00,12.52,32.76,275.5,False
2024-01-15T01:53:30,14.42,31.89,240.9,False
2024-01-15T01:54:00,16.61,33.41,213.3,False
2024-01-15T01:54:30,15.97,35.24,238.1,False
2024-01-15T01:55:00,14.92,30.84,242.6,False
2024-01-15T01:55:30,15.48,30.95,201.6,False
2024-01-15T01:56:00,15.02,32.05,254.8,False
2024-01-15T01:56:30,16.22,34.76,240.3,False
2024-01-15T01:57:00,20.17,33.69,307.9,False
2024-01-15T01:57:30,8.04,28.9,125.2,False
2024-01-15T01:58:00,15.02,32.63,150.5,False
2024-01-15T01:58:30,16.25,31.44,214.3,False
2024-01-15T01:59:00,16.59,28.76,233.7,False
2024-01-15T01:59:30,14.58,30.58,144.6,False
2024-01-15T02:00:00,10.41,31.07,159.0,False
2024-01-15T02:00:30,16.65,34.64,284.6,False
2024-01-15T02:01:00,20.84,36.76,288.1,False
2024-01-15T02:01:30,11.05,32.09,193.9,False
2024-01-15T02:02:00,18.23,33.21,203.6,False
2024-01-15T02:02:30,14.64,30.99,267.1,False
2024-01-15T02:03:00,15.43,33.82,206.8,False
2024-01-15T02:03:30,12.45,31.15,203.4,False
2024-01-15T02:04:00,14.59,34.47,233.0,False
2024-01-15T02:04:30,19.48,35.86,262.7,False
2024-01-15T02:05:00,17.32,36.59,298.2,False
2024-01-15T02:05:30,20.76,34.81,289.1,False
2024-01-15T02:06:00,19.08,37.04,266.2,False
2024-01-15T02:06:30,16.86,37.86,231.4,False
2024-01-15T02:07:00,20.76,35.85,283.4,False
2024-01-15T02:07:30,16.84,34.78,226.3,False
2024-01-15T02:08:00,18.0,32.5,251.5,False
2024-01-15T02:08:30,14.61,34.46,203.2,False
2024-01-15T02:09:00,15.69,35.48,205.6,False
2024-01-15T02:09:30,13.39,31.08,170.5,False
2024-01-15T02:10:00,18.44,35.77,236.7,False
2024-01-15T02:10:30,11.93,31.9,182.0,False
2024-01-15T02:11:00,17.8,35.06,315.6,False
2024-01-15T02:11:30,14.87,34.44,258.7,False
2024-01-15T02:12:00,18.95,35.89,246.2,False
2024-01-15T02:12:30,17.68,33.94,224.5,False
2024-01-15T02:13:00,20.88,37.49,291.7,False
2024-01-15T02:13:30,17.6,36.41,318.5,False
2024-01-15T02:14:00,10.69,29.62,217.3,False
2024-01-15T02:14:30,15.19,32.98,152.7,False
2024-01-15T02:15:00,11.87,27.79,229.5,False
2024-01-15T02:15:30,13.82,33.47,252.2,False
2024-01-15T02:16:00,19.9,37.79,347.2,False
2024-01-15T02:16:30,17.27,33.51,228.2,False
2024-01-15T02:17:00,13.25,32.29,211.6,False
2024-01-15T02:17:30,12.3,31.11,216.4,False
2024-01-15T02:18:00,15.43,32.35,192.9,False
2024-01-15T02:18:30,11.68,31.7,159.2,False
2024-01-15T02:19:00,13.31,30.49,222.4,False
2024-01-15T02:19:30,16.25,33.06,168.3,False
2024-01-15T02:20:00,18.77,32.98,197.5,False
2024-01-15T02:20:30,17.12,35.14,269.6,False
2024-01-15T02:21:00,8.42,30.09,187.2,False
2024-01-15T02:21:30,16.19,32.64,279.5,False
2024-01-15T02:22:00,15.49,33.23,242.5,False
2024-01-15T02:22:30,16.51,33.22,232.5,False
2024-01-15T02:23:00,20.11,37.75,312.4,False
2024-01-15T02:23:30,9.06,29.06,155.6,False
2024-01-15T02:24:00,13.47,33.42,194.4,False
2024-01-15T02:24:30,17.01,32.51,233.5,False
2024-01-15T02:25:00,10.49,32.29,201.9,False
2024-01-15T02:25:30,19.65,37.32,254.6,False
2024-01-15T02:26:00,16.32,35.75,171.2,False
2024-01-15T02:26:30,17.75,37.24,231.4,False
2024-01-15T02:27:00,13.49,32.76,206.7,False
2024-01-15T02:27:30,17.64,36.72,245.7,False
2024-01-15T02:28:00,18.4,37.88,229.2,False
2024-01-15T02:28:30,15.89,31.13,247.3,False
2024-01-15T02:29:00,15.89,32.17,162.7,False
2024-01-15T02:29:30,15.99,30.43,244.5,False
2024-01-15T02:30:00,12.58,33.85,272.4,False
2024-01-15T02:30:30,14.72,29.78,193.5,False
2024-01-15T02:31:00,14.7,29.23,219.9,False
2024-01-15T02:31:30,16.3,31.4,220.6,False
2024-01-15T02:32:00,18.15,31.04,236.0,False
2024-01-15T02:32:30,11.97,31.97,154.6,False
2024-01-15T02:33:00,14.76,30.66,297.8,False
2024-01-15T02:33:30,19.58,31.85,272.1,False
2024-01-15T02:34:00,12.9,31.81,176.4,False
2024-01-15T02:34:30,12.66,31.81,169.9,False
2024-01-15T02:35:00,15.73,29.57,228.3,False
2024-01-15T02:35:30,17.65,32.85,154.5,False
2024-01-15T02:36:00,15.14,32.87,263.3,False
2024-01-15T02:36:30,19.09,34.29,232.2,False
2024-01-15T02:37:00,17.67,33.63,256.9,False
2024-01-15T02:37:30,17.62,36.63,258.4,False
2024-01-15T02:38:00,16.75,38.13,272.6,False
2024-01-15T02:38:30,22.07,35.87,296.3,False
2024-01-15T02:39:00,14.47,30.05,245.5,False
2024-01-15T02:39:30,9.07,29.53,213.3,False
2024-01-15T02:40:00,19.89,35.8,245.9,False
2024-01-15T02:40:30,13.7,32.21,295.6,False
2024-01-15T02:41:00,15.39,34.38,237.3,False
2024-01-15T02:41:30,18.99,39.39,250.8,False
2024-01-15T02:42:00,10.25,27.17,148.4,False
2024-01-15T02:42:30,11.3,30.11,182.1,False
2024-01-15T02:43:00,10.25,33.68,198.1,False
2024-01-15T02:43:30,12.67,30.76,205.2,False
2024-01-15T02:44:00,16.37,35.24,304.0,False
2024-01-15T02:44:30,16.62,35.05,217.3,False
2024-01-15T02:45:00,15.87,35.89,254.1,False
2024-01-15T02:45:30,10.8,34.71,141.4,False
2024-01-15T02:46:00,8.11,30.2,252.2,False
2024-01-15T02:46:30,15.2,29.59,173.8,False
2024-01-15T02:47:00,13.62,30.89,291.9,False
2024-01-15T02:47:30,16.41,38.06,225.8,False
2024-01-15T02:48:00,17.13,31.23,147.7,False
2024-01-15T02:48:30,15.44,34.2,277.6,False
2024-01-15T02:49:00,17.3,29.11,241.7,False
2024-01-15T02:49:30,15.71,30.64,207.5,False
2024-01-15T02:50:00,16.61,35.57,258.5,False
2024-01-15T02:50:30,12.9,32.02,229.8,False
2024-01-15T02:51:00,14.48,31.98,232.4,False
2024-01-15T02:51:30,15.6,31.67,270.2,False
2024-01-15T02:52:00,17.47,30.24,249.9,False
2024-01-15T02:52:30,13.83,33.8,236.6,False
2024-01-15T02:53:00,16.57,33.22,211.7,False
2024-01-15T02:53:30,14.21,29.57,244.3,False
2024-01-15T02:54:00,14.65,32.89,196.5,False
2024-01-15T02:54:30,17.49,35.42,195.0,False
2024-01-15T02:55:00,9.03,29.62,164.0,False
2024-01-15T02:55:30,11.11,31.3,177.9,False
2024-01-15T02:56:00,10.56,30.87,221.6,False
2024-01-15T02:56:30,8.0,28.1,105.9,False
2024-01-15T02:57:00,12.97,32.11,247.5,False
2024-01-15T02:57:30,17.25,35.61,213.1,False
2024-01-15T02:58:00,14.15,34.66,114.6,False
2024-01-15T02:58:30,15.59,34.9,176.5,False
2024-01-15T02:59:00,18.27,33.3,233.8,False
2024-01-15T02:59:30,18.98,36.29,269.6,False
2024-01-15T03:00:00,14.79,33.85,213.0,False
2024-01-15T03:00:30,19.06,33.64,204.1,False
2024-01-15T03:01:00,15.28,32.24,191.1,False
2024-01-15T03:01:30,12.49,33.13,152.2,False
2024-01-15T03:02:00,13.22,34.89,216.1,False
2024-01-15T03:02:30,10.56,27.19,180.9,False
2024-01-15T03:03:00,12.34,34.98,223.2,False
2024-01-15T03:03:30,13.93,34.83,140.6,False
2024-01-15T03:04:00,17.41,34.64,218.0,False
2024-01-15T03:04:30,20.17,35.14,342.5,False
2024-01-15T03:05:00,10.86,31.75,212.5,False
2024-01-15T03:05:30,16.18,32.35,217.6,False
2024-01-15T03:06:00,11.89,31.13,155.6,False
2024-01-15T03:06:30,16.43,30.81,275.8,False
2024-01-15T03:07:00,14.62,29.37,278.2,False
2024-01-15T03:07:30,9.52,34.97,130.2,False
2024-01-15T03:08:00,17.8,34.57,200.2,False
2024-01-15T03:08:30,13.2,32.56,216.7,False
2024-01-15T03:09:00,13.41,32.2,222.2,False
2024-01-15T03:09:30,11.81,29.8,213.8,False
2024-01-15T03:10:00,13.06,31.47,278.2,False
2024-01-15T03:10:30,16.3,33.89,191.6,False
2024-01-15T03:11:00,14.46,32.39,217.2,False
2024-01-15T03:11:30,16.01,32.06,256.9,False
2024-01-15T03:12:00,16.11,34.58,257.3,False
2024-01-15T03:12:30,18.99,35.43,226.0,False
2024-01-15T03:13:00,14.0,33.35,187.7,False
2024-01-15T03:13:30,10.6,32.28,166.5,False
2024-01-15T03:14:00,18.24,34.34,314.1,False
2024-01-15T03:14:30,14.05,32.25,173.2,False
2024-01-15T03:15:00,18.39,37.73,234.1,False
2024-01-15T03:15:30,16.2,31.78,260.6,False
2024-01-15T03:16:00,14.66,29.15,173.7,False
2024-01-15T03:16:30,16.1,34.73,239.1,False
2024-01-15T03:17:00,20.91,34.77,191.3,False
2024-01-15T03:17:30,21.29,34.07,278.0,False
2024-01-15T03:18:00,15.27,34.98,224.3,False
2024-01-15T03:18:30,15.55,33.06,230.9,False
2024-01-15T03:19:00,18.3,32.2,211.6,False
2024-01-15T03:19:30,12.54,35.72,209.4,False
2024-01-15T03:20:00,16.08,30.4,227.0,False
2024-01-15T03:20:30,15.0,32.91,272.0,False
2024-01-15T03:21:00,16.03,29.82,253.7,False
2024-01-15T03:21:30,12.59,32.42,142.7,False
2024-01-15T03:22:00,10.32,29.47,149.3,False
2024-01-15T03:22:30,8.88,31.67,146.4,False
2024-01-15T03:23:00,11.75,31.43,201.2,False
2024-01-15T03:23:30,13.73,35.16,203.1,False
2024-01-15T03:24:00,14.23,31.85,206.9,False
2024-01-15T03:24:30,20.93,32.85,380.1,False
2024-01-15T03:25:00,18.44,35.29,227.0,False
2024-01-15T03:25:30,12.24,31.21,253.5,False
2024-01-15T03:26:00,16.17,30.05,223.5,False
2024-01-15T03:26:30,13.91,30.45,124.2,False
2024-01-15T03:27:00,14.29,31.27,221.9,False
2024-01-15T03:27:30,15.7,36.57,270.4,False
2024-01-15T03:28:00,17.01,35.53,261.4,False
2024-01-15T03:28:30,14.14,31.98,223.3,False
2024-01-15T03:29:00,18.35,35.73,247.8,False
2024-01-15T03:29:30,11.74,27.4,174.1,False
2024-01-15T03:30:00,15.19,32.08,257.4,False
2024-01-15T03:30:30,22.97,37.9,266.4,False
2024-01-15T03:31:00,15.85,33.87,201.2,False
2024-01-15T03:31:30,19.49,34.28,272.3,False
2024-01-15T03:32:00,15.47,33.28,211.8,False
2024-01-15T03:32:30,16.94,34.77,286.8,False
2024-01-15T03:33:00,15.04,33.12,239.0,False
2024-01-15T03:33:30,14.7,34.7,186.5,False
2024-01-15T03:34:00,12.88,32.7,157.3,False
2024-01-15T03:34:30,16.52,34.91,209.2,False
2024-01-15T03:35:00,12.68,35.39,294.9,False
2024-01-15T03:35:30,17.24,35.9,228.4,False
2024-01-15T03:36:00,18.5,38.36,278.3,False
2024-01-15T03:36:30,16.35,32.47,178.6,False
2024-01-15T03:37:00,14.4,29.65,171.9,False
2024-01-15T03:37:30,16.63,33.67,225.5,False
2024-01-15T03:38:00,14.35,32.36,282.8,False
2024-01-15T03:38:30,18.09,37.6,193.1,False
2024-01-15T03:39:00,9.79,28.28,153.2,False
2024-01-15T03:39:30,14.29,32.63,250.4,False
2024-01-15T03:40:00,9.33,31.12,238.4,False
2024-01-15T03:40:30,10.83,31.26,204.1,False
2024-01-15T03:41:00,19.41,35.01,282.3,False
2024-01-15T03:41:30,18.01,35.37,208.2,False
2024-01-15T03:42:00,13.18,34.4,152.5,False
2024-01-15T03:42:30,10.84,34.14,140.9,False
2024-01-15T03:43:00,6.46,28.95,116.7,False
2024-01-15T03:43:30,13.73,30.89,218.9,False
2024-01-15T03:44:00,22.63,40.04,232.2,False
2024-01-15T03:44:30,16.68,31.84,243.5,False
2024-01-15T03:45:00,13.71,36.09,197.0,False
2024-01-15T03:45:30,16.79,36.74,211.8,False
2024-01-15T03:46:00,10.72,34.0,221.2,False
2024-01-15T03:46:30,14.52,34.29,177.8,False
2024-01-15T03:47:00,15.72,29.3,283.2,False
2024-01-15T03:47:30,15.17,31.17,254.6,False
2024-01-15T03:48:00,17.81,35.19,202.9,False
2024-01-15T03:48:30,16.48,32.56,279.9,False
2024-01-15T03:49:00,17.46,33.77,195.4,False
2024-01-15T03:49:30,13.4,33.6,258.9,False
2024-01-15T03:50:00,18.17,34.42,258.7,False
2024-01-15T03:50:30,20.37,33.42,199.8,False
2024-01-15T03:51:00,12.58,33.74,148.8,False
2024-01-15T03:51:30,12.84,33.13,186.5,False
2024-01-15T03:52:00,19.52,34.94,290.9,False
2024-01-15T03:52:30,14.95,34.58,212.8,False
2024-01-15T03:53:00,19.74,35.74,250.1,False
2024-01-15T03:53:30,14.21,35.45,215.3,False
2024-01-15T03:54:00,19.92,35.95,179.5,False
2024-01-15T03:54:30,15.96,36.31,260.6,False
2024-01-15T03:55:00,16.35,30.12,284.4,False
2024-01-15T03:55:30,20.28,36.75,293.8,False
2024-01-15T03:56:00,14.51,32.15,199.1,False
2024-01-15T03:56:30,12.78,30.37,166.8,False
2024-01-15T03:57:00,14.27,35.15,170.9,False
2024-01-15T03:57:30,16.98,35.97,190.5,False
2024-01-15T03:58:00,10.94,27.15,278.1,False
2024-01-15T03:58:30,17.56,35.91,237.3,False
2024-01-15T03:59:00,14.04,33.91,248.5,False
2024-01-15T03:59:30,19.11,33.81,286.9,False
2024-01-15T04:00:00,8.5,28.28,173.7,False
2024-01-15T04:00:30,13.33,29.19,169.4,False
2024-01-15T04:01:00,10.64,30.35,205.9,False
2024-01-15T04:01:30,13.24,31.97,162.6,False
2024-01-15T04:02:00,16.47,35.54,255.9,False
2024-01-15T04:02:30,15.2,33.85,180.1,False
2024-01-15T04:03:00,14.99,31.09,202.5,False
2024-01-15T04:03:30,15.29,33.83,204.8,False
2024-01-15T04:04:00,16.38,33.4,287.0,False
2024-01-15T04:04:30,12.76,30.23,104.7,False
2024-01-15T04:05:00,17.92,31.5,336.6,False
2024-01-15T04:05:30,17.8,35.87,210.2,False
2024-01-15T04:06:00,16.98,35.1,230.9,False
2024-01-15T04:06:30,17.51,35.59,256.6,False
2024-01-15T04:07:00,16.74,32.64,247.0,False
2024-01-15T04:07:30,21.97,37.05,309.5,False
2024-01-15T04:08:00,15.61,30.78,249.3,False
2024-01-15T04:08:30,14.97,31.24,301.2,False
2024-01-15T04:09:00,13.64,32.62,238.4,False
2024-01-15T04:09:30,12.82,32.66,197.8,False
2024-01-15T04:10:00,12.19,28.57,175.4,False
2024-01-15T04:10:30,13.27,30.26,183.0,False
2024-01-15T04:11:00,15.74,32.88,277.7,False
2024-01-15T04:11:30,16.97,36.14,306.0,False
2024-01-15T04:12:00,16.13,32.18,269.2,False
2024-01-15T04:12:30,13.7,32.87,83.0,False
2024-01-15T04:13:00,18.71,35.59,159.8,False
2024-01-15T04:13:30,18.24,34.36,245.6,False
2024-01-15T04:14:00,15.55,34.06,217.8,False
2024-01-15T04:14:30,14.09,30.1,213.5,False
2024-01-15T04:15:00,17.71,33.29,291.7,False
2024-01-15T04:15:30,16.64,36.94,281.2,False
2024-01-15T04:16:00,11.75,34.63,201.0,False
2024-01-15T04:16:30,15.9,35.39,166.2,False
2024-01-15T04:17:00,16.9,36.41,186.1,False
2024-01-15T04:17:30,13.43,28.82,210.2,False
2024-01-15T04:18:00,16.72,32.22,250.4,False
2024-01-15T04:18:30,11.8,31.04,145.7,False
2024-01-15T04:19:00,20.19,40.68,287.9,False
2024-01-15T04:19:30,19.94,35.1,189.4,False
2024-01-15T04:20:00,15.45,34.98,117.1,False
2024-01-15T04:20:30,17.31,35.18,203.5,False
2024-01-15T04:21:00,9.01,30.98,227.0,False
2024-01-15T04:21:30,12.78,32.11,263.1,False
2024-01-15T04:22:00,15.39,31.06,159.3,False
2024-01-15T04:22:30,13.07,26.9,143.8,False
2024-01-15T04:23:00,18.44,37.56,278.0,False
2024-01-15T04:23:30,22.3,35.69,260.8,False
2024-01-15T04:24:00,12.8,28.44,257.0,False
2024-01-15T04:24:30,13.83,33.57,240.4,False
2024-01-15T04:25:00,17.07,35.15,273.2,False
2024-01-15T04:25:30,21.21,37.92,236.8,False
2024-01-15T04:26:00,12.72,34.38,219.5,False
2024-01-15T04:26:30,17.15,32.52,317.9,False
2024-01-15T04:27:00,21.89,34.98,280.8,False
2024-01-15T04:27:30,11.48,30.89,190.1,False
2024-01-15T04:28:00,12.61,33.74,183.5,False
2024-01-15T04:28:30,15.2,29.18,157.5,False
2024-01-15T04:29:00,14.93,33.51,175.5,False
2024-01-15T04:29:30,18.94,37.13,215.9,False
2024-01-15T04:30:00,17.25,36.2,172.2,False
2024-01-15T04:30:30,11.21,32.82,128.0,False
2024-01-15T04:31:00,18.1,36.97,146.9,False
2024-01-15T04:31:30,14.84,27.72,187.4,False
2024-01-15T04:32:00,20.41,39.23,290.3,False
2024-01-15T04:32:30,14.72,33.82,205.1,False
2024-01-15T04:33:00,14.71,35.83,205.2,False
2024-01-15T04:33:30,18.26,32.59,276.8,False
2024-01-15T04:34:00,18.95,31.77,319.1,False
2024-01-15T04:34:30,18.02,38.39,335.1,False
2024-01-15T04:35:00,11.64,29.77,198.9,False
2024-01-15T04:35:30,18.33,34.35,235.3,False
2024-01-15T04:36:00,13.63,33.68,192.5,False
2024-01-15T04:36:30,17.45,36.09,263.3,False
2024-01-15T04:37:00,12.49,34.22,193.7,False
2024-01-15T04:37:30,18.12,35.32,238.9,False
2024-01-15T04:38:00,14.38,30.9,211.6,False
2024-01-15T04:38:30,12.97,33.72,166.1,False
2024-01-15T04:39:00,18.98,36.76,158.5,False
2024-01-15T04:39:30,17.58,30.98,213.9,False
2024-01-15T04:40:00,15.03,36.18,278.6,False
2024-01-15T04:40:30,21.25,31.47,326.4,False
2024-01-15T04:41:00,15.59,35.69,262.3,False
2024-01-15T04:41:30,17.03,33.07,216.5,False
2024-01-15T04:42:00,17.76,36.12,210.4,False
2024-01-15T04:42:30,15.11,34.41,285.8,False
2024-01-15T04:43:00,18.4,34.96,203.9,False
2024-01-15T04:43:30,15.4,34.44,224.8,False
2024-01-15T04:44:00,15.79,33.56,293.9,False
2024-01-15T04:44:30,21.13,37.83,274.0,False
2024-01-15T04:45:00,13.94,37.18,199.8,False
2024-01-15T04:45:30,9.84,28.08,225.1,False
2024-01-15T04:46:00,21.93,30.43,278.4,False
2024-01-15T04:46:30,24.77,37.4,306.0,False
2024-01-15T04:47:00,15.92,32.84,288.0,False
2024-01-15T04:47:30,11.35,30.77,89.0,False
2024-01-15T04:48:00,16.25,32.12,244.3,False
2024-01-15T04:48:30,16.34,35.76,200.1,False
2024-01-15T04:49:00,16.65,31.41,224.9,False
2024-01-15T04:49:30,13.9,33.7,215.7,False
2024-01-15T04:50:00,19.0,36.63,225.0,False
2024-01-15T04:50:30,18.85,35.91,260.0,False
2024-01-15T04:51:00,12.82,33.24,218.0,False
2024-01-15T04:51:30,19.42,37.47,263.5,False
2024-01-15T04:52:00,23.5,37.72,292.4,False
2024-01-15T04:52:30,17.88,34.11,238.3,False
2024-01-15T04:53:00,16.37,35.02,227.0,False
2024-01-15T04:53:30,16.98,35.55,239.0,False
2024-01-15T04:54:00,19.27,37.28,216.5,False
2024-01-15T04:54:30,12.25,28.57,248.8,False
2024-01-15T04:55:00,17.96,34.48,240.0,False
2024-01-15T04:55:30,16.32,31.9,214.4,False
2024-01-15T04:56:00,23.05,38.52,300.2,False
2024-01-15T04:56:30,17.01,35.83,231.5,False
2024-01-15T04:57:00,22.55,36.6,330.1,False
2024-01-15T04:57:30,14.26,31.55,249.9,False
2024-01-15T04:58:00,19.35,36.75,258.6,False
2024-01-15T04:58:30,18.57,34.9,286.1,False
2024-01-15T04:59:00,15.03,36.25,229.6,False
2024-01-15T04:59:30,18.19,38.52,199.4,False
2024-01-15T05:00:00,21.32,38.54,306.1,False
2024-01-15T05:00:30,16.73,34.72,157.8,False
2024-01-15T05:01:00,12.65,35.86,60.5,False
2024-01-15T05:01:30,17.69,35.22,269.5,False
2024-01-15T05:02:00,15.06,32.46,238.2,False
2024-01-15T05:02:30,16.76,32.92,249.2,False
2024-01-15T05:03:00,17.57,33.27,296.1,False
2024-01-15T05:03:30,12.72,32.24,200.7,False
2024-01-15T05:04:00,13.01,33.33,188.9,False
2024-01-15T05:04:30,19.33,32.73,286.5,False
2024-01-15T05:05:00,16.33,33.17,202.1,False
2024-01-15T05:05:30,10.23,31.44,172.3,False
2024-01-15T05:06:00,20.3,37.34,272.5,False
2024-01-15T05:06:30,18.79,35.24,263.6,False
2024-01-15T05:07:00,15.85,34.32,213.5,False
2024-01-15T05:07:30,14.07,30.46,192.9,False
2024-01-15T05:08:00,20.55,34.36,219.6,False
2024-01-15T05:08:30,19.11,35.34,221.4,False
2024-01-15T05:09:00,25.23,39.55,374.6,False
2024-01-15T05:09:30,19.37,36.06,244.3,False
2024-01-15T05:10:00,19.3,33.86,261.9,False
2024-01-15T05:10:30,17.65,34.27,181.6,False
2024-01-15T05:11:00,20.63,39.26,367.6,False
2024-01-15T05:11:30,20.08,37.05,226.2,False
2024-01-15T05:12:00,21.98,36.59,228.9,False
2024-01-15T05:12:30,16.69,32.21,231.0,False
2024-01-15T05:13:00,16.97,32.98,200.0,False
2024-01-15T05:13:30,16.86,34.37,249.5,False
2024-01-15T05:14:00,20.69,36.82,205.1,False
2024-01-15T05:14:30,22.84,38.48,328.2,False
2024-01-15T05:15:00,16.99,35.2,273.5,False
2024-01-15T05:15:30,17.12,33.75,232.2,False
2024-01-15T05:16:00,19.36,34.59,188.7,False
2024-01-15T05:16:30,17.71,38.88,209.2,False
2024-01-15T05:17:00,21.32,35.48,273.1,False
2024-01-15T05:17:30,11.74,29.22,145.5,False
2024-01-15T05:18:00,16.04,30.68,186.4,False
2024-01-15T05:18:30,16.19,33.33,271.5,False
2024-01-15T05:19:00,11.61,33.62,199.0,False
2024-01-15T05:19:30,15.7,32.64,230.5,False
2024-01-15T05:20:00,15.87,36.83,248.1,False
2024-01-15T05:20:30,18.04,34.95,237.8,False
2024-01-15T05:21:00,22.01,39.17,273.7,False
2024-01-15T05:21:30,17.96,33.41,261.9,False
2024-01-15T05:22:00,15.63,32.28,257.4,False
2024-01-15T05:22:30,18.57,35.42,268.5,False
2024-01-15T05:23:00,21.92,37.88,333.7,False
2024-01-15T05:23:30,15.87,33.53,227.9,False
2024-01-15T05:24:00,16.09,34.58,174.8,False
2024-01-15T05:24:30,20.52,37.39,307.7,False
2024-01-15T05:25:00,18.21,32.22,235.8,False
2024-01-15T05:25:30,20.84,35.7,236.0,False
2024-01-15T05:26:00,18.88,34.37,279.5,False
2024-01-15T05:26:30,21.05,35.55,283.3,False
2024-01-15T05:27:00,15.87,34.71,175.8,False
2024-01-15T05:27:30,18.96,34.44,278.5,False
2024-01-15T05:28:00,18.4,31.16,322.1,False
2024-01-15T05:28:30,15.41,33.2,236.2,False
2024-01-15T05:29:00,14.39,31.04,204.9,False
2024-01-15T05:29:30,21.16,37.55,202.5,False
2024-01-15T05:30:00,18.08,36.63,326.7,False
2024-01-15T05:30:30,16.09,29.67,208.1,False
2024-01-15T05:31:00,18.9,33.88,194.9,False
2024-01-15T05:31:30,22.6,37.98,285.2,False
2024-01-15T05:32:00,12.4,29.36,239.5,False
2024-01-15T05:32:30,14.78,34.93,267.7,False
2024-01-15T05:33:00,16.53,36.34,205.3,False
2024-01-15T05:33:30,23.7,37.51,285.7,False
2024-01-15T05:34:00,20.2,34.54,261.6,False
2024-01-15T05:34:30,21.68,32.2,312.5,False
2024-01-15T05:35:00,15.98,35.61,251.6,False
2024-01-15T05:35:30,16.07,38.03,239.4,False
2024-01-15T05:36:00,20.8,39.98,303.0,False
2024-01-15T05:36:30,19.66,35.43,202.8,False
2024-01-15T05:37:00,21.16,34.39,286.1,False
2024-01-15T05:37:30,18.98,37.16,260.7,False
2024-01-15T05:38:00,20.4,35.94,261.2,False
2024-01-15T05:38:30,20.07,36.99,250.6,False
2024-01-15T05:39:00,21.96,37.58,281.0,False
2024-01-15T05:39:30,22.07,37.22,253.8,False
2024-01-15T05:40:00,14.82,35.47,327.6,False
2024-01-15T05:40:30,12.97,34.62,258.1,False
2024-01-15T05:41:00,22.74,36.33,325.6,False
2024-01-15T05:41:30,23.33,35.83,265.4,False
2024-01-15T05:42:00,16.73,29.38,195.6,False
2024-01-15T05:42:30,14.24,32.44,205.4,False
2024-01-15T05:43:00,20.15,33.9,265.7,False
2024-01-15T05:43:30,22.67,38.19,223.4,False
2024-01-15T05:44:00,25.3,37.99,321.6,False
2024-01-15T05:44:30,21.48,36.3,315.2,False
2024-01-15T05:45:00,18.85,37.07,161.4,False
2024-01-15T05:45:30,17.31,35.47,202.5,False
2024-01-15T05:46:00,20.06,35.82,309.6,False
2024-01-15T05:46:30,19.15,38.97,268.2,False
2024-01-15T05:47:00,17.03,36.02,201.6,False
2024-01-15T05:47:30,26.25,38.32,339.4,False
2024-01-15T05:48:00,25.49,38.03,280.2,False
2024-01-15T05:48:30,23.57,39.39,279.2,False
2024-01-15T05:49:00,17.43,35.15,193.9,False
2024-01-15T05:49:30,22.79,35.18,283.0,False
2024-01-15T05:50:00,22.17,38.91,318.1,False
2024-01-15T05:50:30,21.61,39.36,253.8,False
2024-01-15T05:51:00,24.06,40.43,318.3,False
2024-01-15T05:51:30,22.25,40.25,276.0,False
2024-01-15T05:52:00,22.59,41.47,323.9,False
2024-01-15T05:52:30,22.31,40.66,260.0,False
2024-01-15T05:53:00,21.45,37.45,333.8,False
2024-01-15T05:53:30,15.11,33.18,248.2,False
2024-01-15T05:54:00,20.74,32.76,275.7,False
2024-01-15T05:54:30,18.85,35.5,262.1,False
2024-01-15T05:55:00,16.71,35.44,215.1,False
2024-01-15T05:55:30,25.63,38.95,283.9,False
2024-01-15T05:56:00,25.8,35.18,316.9,False
2024-01-15T05:56:30,24.72,37.84,249.8,False
2024-01-15T05:57:00,21.44,38.07,247.4,False
2024-01-15T05:57:30,24.76,36.38,260.6,False
2024-01-15T05:58:00,20.77,36.77,289.0,False
2024-01-15T05:58:30,21.37,37.61,294.5,False
2024-01-15T05:59:00,17.52,37.05,290.8,False
2024-01-15T05:59:30,22.02,40.5,262.8,False
2024-01-15T06:00:00,21.04,35.83,236.0,False
2024-01-15T06:00:30,16.98,34.92,177.1,False
2024-01-15T06:01:00,20.77,36.88,277.0,False
2024-01-15T06:01:30,20.71,37.72,321.6,False
2024-01-15T06:02:00,26.37,40.33,308.0,False
2024-01-15T06:02:30,23.7,40.77,290.6,False
2024-01-15T06:03:00,21.08,31.95,268.4,False
2024-01-15T06:03:30,21.82,37.82,284.7,False
2024-01-15T06:04:00,21.24,37.67,309.8,False
2024-01-15T06:04:30,20.53,35.87,341.0,False
2024-01-15T06:05:00,17.92,30.51,263.3,False
2024-01-15T06:05:30,20.75,36.33,288.6,False
2024-01-15T06:06:00,18.99,34.16,242.4,False
2024-01-15T06:06:30,17.51,38.2,235.8,False
2024-01-15T06:07:00,22.83,38.25,277.8,False
2024-01-15T06:07:30,22.5,35.75,265.4,False
2024-01-15T06:08:00,16.0,29.98,233.1,False
2024-01-15T06:08:30,21.02,37.78,293.2,False
2024-01-15T06:09:00,24.41,39.69,297.8,False
2024-01-15T06:09:30,24.63,37.98,285.8,False
2024-01-15T06:10:00,24.57,39.58,301.6,False
2024-01-15T06:10:30,21.64,36.22,234.7,False
2024-01-15T06:11:00,19.02,37.74,284.3,False
2024-01-15T06:11:30,18.33,37.25,230.1,False
2024-01-15T06:12:00,22.65,34.15,235.0,False
2024-01-15T06:12:30,22.79,34.7,300.8,False
2024-01-15T06:13:00,25.54,42.94,324.8,False
2024-01-15T06:13:30,25.01,40.48,265.7,False
2024-01-15T06:14:00,21.35,34.26,295.8,False
2024-01-15T06:14:30,18.05,31.99,269.7,False
2024-01-15T06:15:00,20.86,36.95,345.8,False
2024-01-15T06:15:30,22.5,35.07,270.6,False
2024-01-15T06:16:00,21.27,36.11,268.0,False
2024-01-15T06:16:30,20.18,36.11,237.2,False
2024-01-15T06:17:00,22.7,37.29,301.4,False
2024-01-15T06:17:30,20.47,38.6,263.5,False
2024-01-15T06:18:00,20.13,39.85,300.5,False
2024-01-15T06:18:30,22.98,36.65,266.5,False
2024-01-15T06:19:00,20.87,34.3,285.8,False
2024-01-15T06:19:30,22.84,38.32,273.2,False
2024-01-15T06:20:00,22.96,40.87,210.0,False
2024-01-15T06:20:30,18.76,34.7,275.2,False
2024-01-15T06:21:00,20.77,38.21,196.2,False
2024-01-15T06:21:30,26.56,37.73,306.1,False
2024-01-15T06:22:00,18.79,35.57,244.6,False
2024-01-15T06:22:30,15.96,31.79,227.4,False
2024-01-15T06:23:00,16.76,34.53,236.0,False
2024-01-15T06:23:30,22.47,37.13,281.2,False
2024-01-15T06:24:00,22.51,38.61,294.6,False
2024-01-15T06:24:30,22.09,40.74,272.4,False
2024-01-15T06:25:00,26.12,38.42,413.6,False
2024-01-15T06:25:30,14.5,29.39,202.3,False
2024-01-15T06:26:00,23.74,37.61,241.0,False
2024-01-15T06:26:30,27.27,40.38,261.7,False
2024-01-15T06:27:00,19.23,36.17,280.2,False
2024-01-15T06:27:30,21.51,36.59,208.4,False
2024-01-15T06:28:00,20.43,39.34,215.0,False
2024-01-15T06:28:30,20.04,36.44,206.2,False
2024-01-15T06:29:00,21.78,36.83,292.5,False
2024-01-15T06:29:30,27.07,38.13,369.8,False
2024-01-15T06:30:00,28.34,36.83,288.9,False
2024-01-15T06:30:30,21.85,37.74,291.7,False
2024-01-15T06:31:00,28.61,40.95,223.4,False
2024-01-15T06:31:30,23.04,35.56,254.5,False
2024-01-15T06:32:00,28.22,40.18,349.9,False
2024-01-15T06:32:30,22.72,37.23,269.3,False
2024-01-15T06:33:00,23.43,36.63,327.2,False
2024-01-15T06:33:30,24.16,36.66,204.0,False
2024-01-15T06:34:00,32.64,43.3,331.7,False
2024-01-15T06:34:30,25.69,38.56,323.6,False
2024-01-15T06:35:00,21.05,35.51,286.0,False
2024-01-15T06:35:30,26.12,37.5,329.6,False
2024-01-15T06:36:00,22.16,36.99,285.6,False
2024-01-15T06:36:30,21.81,38.93,228.7,False
2024-01-15T06:37:00,26.04,39.61,277.2,False
2024-01-15T06:37:30,23.44,37.42,380.2,False
2024-01-15T06:38:00,24.22,38.91,243.4,False
2024-01-15T06:38:30,23.46,40.64,231.1,False
2024-01-15T06:39:00,24.47,39.39,322.9,False
2024-01-15T06:39:30,24.77,39.09,255.8,False
2024-01-15T06:40:00,17.72,36.32,313.4,False
2024-01-15T06:40:30,25.56,38.65,413.9,False
2024-01-15T06:41:00,20.65,36.88,255.6,False
2024-01-15T06:41:30,19.31,34.86,266.9,False
2024-01-15T06:42:00,23.5,34.84,215.0,False
2024-01-15T06:42:30,23.96,38.86,332.9,False
2024-01-15T06:43:00,21.66,37.72,183.8,False
2024-01-15T06:43:30,26.27,38.76,256.6,False
2024-01-15T06:44:00,19.79,38.16,263.1,False
2024-01-15T06:44:30,22.63,36.07,303.0,False
2024-01-15T06:45:00,22.13,33.72,217.7,False
2024-01-15T06:45:30,23.79,36.7,268.6,False
2024-01-15T06:46:00,24.8,35.52,231.9,False
2024-01-15T06:46:30,20.97,37.37,255.1,False
2024-01-15T06:47:00,26.21,37.8,277.6,False
2024-01-15T06:47:30,24.26,40.31,268.6,False
2024-01-15T06:48:00,18.43,37.35,273.5,False
2024-01-15T06:48:30,18.27,33.49,257.4,False
2024-01-15T06:49:00,24.14,36.67,315.6,False
2024-01-15T06:49:30,23.55,39.06,283.3,False
2024-01-15T06:50:00,23.94,40.15,320.2,False
2024-01-15T06:50:30,24.21,34.29,292.3,False
2024-01-15T06:51:00,25.0,39.28,280.4,False
2024-01-15T06:51:30,27.21,35.43,340.5,False
2024-01-15T06:52:00,21.07,35.66,251.6,False
2024-01-15T06:52:30,20.92,38.87,254.2,False
2024-01-15T06:53:00,21.2,42.84,312.3,False
2024-01-15T06:53:30,25.38,38.44,342.0,False
2024-01-15T06:54:00,28.28,37.87,314.4,False
2024-01-15T06:54:30,23.29,36.85,321.3,False
2024-01-15T06:55:00,17.12,34.92,185.8,False
2024-01-15T06:55:30,19.55,34.66,244.7,False
2024-01-15T06:56:00,22.2,35.48,247.5,False
2024-01-15T06:56:30,23.06,36.91,284.4,False
2024-01-15T06:57:00,23.55,38.8,317.8,False
2024-01-15T06:57:30,24.93,38.36,321.6,False
2024-01-15T06:58:00,23.91,36.43,308.1,False
2024-01-15T06:58:30,28.03,38.92,329.8,False
2024-01-15T06:59:00,22.9,36.86,276.8,False
2024-01-15T06:59:30,22.38,35.43,327.0,False
2024-01-15T07:00:00,26.44,38.05,249.6,False
2024-01-15T07:00:30,20.43,37.75,236.8,False
2024-01-15T07:01:00,26.24,38.91,326.4,False
2024-01-15T07:01:30,25.42,35.45,364.5,False
2024-01-15T07:02:00,24.71,40.65,283.8,False
2024-01-15T07:02:30,29.95,42.06,329.2,False
2024-01-15T07:03:00,23.36,35.17,235.3,False
2024-01-15T07:03:30,31.45,41.25,329.9,False
2024-01-15T07:04:00,24.63,36.99,325.3,False
2024-01-15T07:04:30,21.51,38.37,335.3,False
2024-01-15T07:05:00,25.59,38.31,293.0,False
2024-01-15T07:05:30,22.19,37.21,245.6,False
2024-01-15T07:06:00,43.12,47.44,747.8,False
2024-01-15T07:06:30,63.04,54.82,839.8,False
2024-01-15T07:07:00,82.96,70.56,1113.1,False
2024-01-15T07:07:30,81.95,68.57,1006.4,False
2024-01-15T07:08:00,83.11,66.33,1077.4,False
2024-01-15T07:08:30,81.73,67.52,1065.8,False
2024-01-15T07:09:00,82.24,69.34,1083.1,False
2024-01-15T07:09:30,83.16,67.96,1075.5,False
2024-01-15T07:10:00,82.47,70.62,1059.9,False
2024-01-15T07:10:30,81.66,72.94,1070.4,False
2024-01-15T07:11:00,81.64,66.84,1086.5,False
2024-01-15T07:11:30,81.08,65.65,1120.5,False
2024-01-15T07:12:00,83.44,66.02,1023.4,False
2024-01-15T07:12:30,83.56,63.63,994.9,False
2024-01-15T07:13:00,83.56,70.56,1006.6,False
2024-01-15T07:13:30,82.05,66.6,983.9,False
2024-01-15T07:14:00,83.97,70.02,1023.8,False
2024-01-15T07:14:30,64.43,60.65,862.4,False
2024-01-15T07:15:00,44.63,46.44,740.4,False
2024-01-15T07:15:30,26.42,37.64,645.6,False
2024-01-15T07:16:00,21.0,40.09,293.1,True
2024-01-15T07:16:30,22.09,37.01,251.9,True
2024-01-15T07:17:00,23.85,36.7,269.3,True
2024-01-15T07:17:30,25.03,36.53,380.7,True
2024-01-15T07:18:00,21.85,36.75,298.6,True
2024-01-15T07:18:30,22.56,40.4,287.4,True
2024-01-15T07:19:00,18.41,36.68,252.2,True
2024-01-15T07:19:30,21.0,36.97,256.4,True
2024-01-15T07:20:00,23.49,41.03,368.1,True
2024-01-15T07:20:30,23.35,40.58,279.2,True
2024-01-15T07:21:00,27.26,40.41,324.1,False
2024-01-15T07:21:30,29.33,46.33,268.7,False
2024-01-15T07:22:00,28.18,39.71,300.0,False
2024-01-15T07:22:30,30.35,43.49,320.7,False
2024-01-15T07:23:00,27.65,39.16,340.7,False
2024-01-15T07:23:30,25.76,40.81,275.1,False
2024-01-15T07:24:00,27.87,39.56,324.9,False
2024-01-15T07:24:30,18.11,36.1,220.7,False
2024-01-15T07:25:00,28.09,44.95,280.7,False
2024-01-15T07:25:30,16.04,36.05,182.7,False
2024-01-15T07:26:00,21.85,38.01,267.9,False
2024-01-15T07:26:30,28.42,38.79,331.5,False
2024-01-15T07:27:00,28.54,40.78,320.6,False
2024-01-15T07:27:30,23.66,35.95,255.9,False
2024-01-15T07:28:00,25.05,40.43,294.9,False
2024-01-15T07:28:30,31.34,43.53,337.8,False
2024-01-15T07:29:00,25.81,38.68,264.8,False
2024-01-15T07:29:30,34.03,46.48,375.6,False
2024-01-15T07:30:00,27.34,42.86,391.1,False
2024-01-15T07:30:30,28.61,40.75,322.9,False
2024-01-15T07:31:00,32.28,43.41,299.8,False
2024-01-15T07:31:30,27.86,38.9,381.6,False
2024-01-15T07:32:00,24.5,37.85,346.3,False
2024-01-15T07:32:30,27.22,37.6,375.1,False
2024-01-15T07:33:00,27.48,38.93,318.2,False
2024-01-15T07:33:30,23.54,37.71,256.9,False
2024-01-15T07:34:00,26.9,36.28,279.5,False
2024-01-15T07:34:30,25.48,40.05,349.5,False
2024-01-15T07:35:00,30.52,43.46,408.4,False
2024-01-15T07:35:30,27.9,40.09,286.4,False
2024-01-15T07:36:00,26.98,34.26,215.1,False
2024-01-15T07:36:30,27.55,39.43,319.7,False
2024-01-15T07:37:00,28.58,37.67,292.5,False
2024-01-15T07:37:30,29.81,39.85,310.2,False
2024-01-15T07:38:00,25.0,41.57,290.4,False
2024-01-15T07:38:30,24.91,33.75,315.7,False
2024-01-15T07:39:00,31.39,40.23,319.9,False
2024-01-15T07:39:30,26.88,41.27,320.5,False
2024-01-15T07:40:00,23.91,36.72,286.2,False
2024-01-15T07:40:30,29.53,39.38,244.0,False
2024-01-15T07:41:00,29.63,45.05,358.9,False
2024-01-15T07:41:30,23.69,38.78,271.5,False
2024-01-15T07:42:00,29.01,42.55,281.5,False
2024-01-15T07:42:30,30.57,42.45,315.5,False
2024-01-15T07:43:00,29.53,41.27,344.4,False
2024-01-15T07:43:30,30.34,43.88,344.6,False
2024-01-15T07:44:00,24.28,42.13,320.0,False
2024-01-15T07:44:30,29.52,37.58,353.6,False
2024-01-15T07:45:00,27.66,39.95,274.4,False
2024-01-15T07:45:30,27.16,39.68,199.1,False
2024-01-15T07:46:00,31.27,40.96,355.0,False
2024-01-15T07:46:30,33.13,44.72,390.3,False
2024-01-15T07:47:00,34.12,43.76,364.9,False
2024-01-15T07:47:30,32.72,46.4,388.2,False
2024-01-15T07:48:00,28.49,42.64,287.9,False
2024-01-15T07:48:30,29.92,43.88,325.5,False
2024-01-15T07:49:00,31.2,39.4,312.8,False
2024-01-15T07:49:30,29.31,39.24,362.4,False
2024-01-15T07:50:00,29.38,39.44,298.6,False
2024-01-15T07:50:30,31.5,44.6,434.4,False
2024-01-15T07:51:00,28.89,38.71,311.1,False
2024-01-15T07:51:30,26.92,37.79,347.3,False
2024-01-15T07:52:00,27.91,37.92,303.7,False
2024-01-15T07:52:30,31.1,47.26,402.3,False
2024-01-15T07:53:00,29.25,40.55,385.9,False
2024-01-15T07:53:30,30.3,42.42,329.4,False
2024-01-15T07:54:00,31.33,39.6,361.6,False
2024-01-15T07:54:30,28.24,42.25,376.9,False
2024-01-15T07:55:00,31.67,38.5,365.6,False
2024-01-15T07:55:30,30.58,39.55,307.8,False
2024-01-15T07:56:00,25.78,37.65,309.1,False
2024-01-15T07:56:30,33.86,43.59,340.9,False
2024-01-15T07:57:00,28.07,38.67,330.6,False
2024-01-15T07:57:30,24.65,41.59,265.7,False
2024-01-15T07:58:00,26.52,40.49,327.1,False
2024-01-15T07:58:30,26.63,38.16,241.5,False
2024-01-15T07:59:00,29.9,43.17,294.3,False
2024-01-15T07:59:30,28.96,39.92,300.0,False
2024-01-15T08:00:00,28.81,39.46,324.1,False
2024-01-15T08:00:30,31.72,43.89,293.3,False
2024-01-15T08:01:00,30.93,36.79,312.1,False
2024-01-15T08:01:30,30.9,43.15,378.3,False
2024-01-15T08:02:00,31.22,40.42,385.7,False
2024-01-15T08:02:30,31.88,40.75,253.7,False
2024-01-15T08:03:00,23.75,42.03,266.6,False
2024-01-15T08:03:30,29.03,39.69,383.2,False
2024-01-15T08:04:00,23.62,39.96,304.4,False
2024-01-15T08:04:30,30.31,41.96,358.8,False
2024-01-15T08:05:00,30.23,42.13,364.4,False
2024-01-15T08:05:30,33.43,42.46,329.0,False
2024-01-15T08:06:00,33.89,42.59,379.7,False
2024-01-15T08:06:30,30.98,44.8,366.7,False
2024-01-15T08:07:00,28.91,42.57,335.6,False
2024-01-15T08:07:30,31.91,41.21,339.6,False
2024-01-15T08:08:00,28.92,38.62,329.4,False
2024-01-15T08:08:30,30.54,40.36,298.7,False
2024-01-15T08:09:00,33.54,44.99,392.9,False
2024-01-15T08:09:30,28.96,43.09,274.2,False
2024-01-15T08:10:00,33.09,43.91,332.1,False
2024-01-15T08:10:30,32.75,39.4,389.2,False
2024-01-15T08:11:00,27.89,41.72,334.7,False
2024-01-15T08:11:30,33.72,45.73,350.4,False
2024-01-15T08:12:00,32.94,43.08,295.0,False
2024-01-15T08:12:30,31.19,45.82,347.7,False
2024-01-15T08:13:00,28.64,37.95,303.9,False
2024-01-15T08:13:30,28.39,41.84,346.4,False
2024-01-15T08:14:00,29.4,38.93,314.5,False
2024-01-15T08:14:30,32.68,44.73,291.4,False
2024-01-15T08:15:00,28.23,41.62,270.5,False
2024-01-15T08:15:30,32.45,46.11,342.5,False
2024-01-15T08:16:00,27.46,41.01,324.0,False
2024-01-15T08:16:30,30.61,40.78,298.4,False
2024-01-15T08:17:00,31.6,41.1,322.4,False
2024-01-15T08:17:30,38.65,45.11,440.9,False
2024-01-15T08:18:00,27.22,38.87,362.2,False
2024-01-15T08:18:30,35.81,46.89,397.6,False
2024-01-15T08:19:00,31.89,44.78,343.7,False
2024-01-15T08:19:30,32.72,39.65,336.9,False
2024-01-15T08:20:00,31.88,42.31,376.6,False
2024-01-15T08:20:30,32.9,42.87,350.6,False
2024-01-15T08:21:00,31.15,40.31,386.0,False
2024-01-15T08:21:30,36.02,45.18,427.1,False
2024-01-15T08:22:00,30.33,44.38,359.0,False
2024-01-15T08:22:30,35.14,45.65,361.2,False
2024-01-15T08:23:00,29.85,43.92,322.0,False
2024-01-15T08:23:30,31.65,40.69,287.4,False
2024-01-15T08:24:00,28.66,40.7,327.1,False
2024-01-15T08:24:30,33.28,41.41,362.9,False
2024-01-15T08:25:00,36.29,44.93,335.2,False
2024-01-15T08:25:30,31.77,42.85,448.7,False
2024-01-15T08:26:00,31.45,43.95,373.9,False
2024-01-15T08:26:30,28.74,43.31,296.3,False
2024-01-15T08:27:00,31.44,43.41,433.7,False
2024-01-15T08:27:30,27.39,38.29,299.3,False
2024-01-15T08:28:00,29.48,38.35,369.0,False
2024-01-15T08:28:30,32.94,43.83,367.0,False
2024-01-15T08:29:00,36.26,47.45,371.6,False
2024-01-15T08:29:30,40.77,46.66,412.7,False
2024-01-15T08:30:00,30.63,38.58,402.5,False
2024-01-15T08:30:30,36.74,48.86,429.0,False
2024-01-15T08:31:00,33.21,43.91,360.8,False
2024-01-15T08:31:30,32.07,42.7,274.5,False
2024-01-15T08:32:00,33.86,40.92,383.1,False
2024-01-15T08:32:30,32.79,42.76,312.5,False
2024-01-15T08:33:00,32.98,44.19,385.4,False
2024-01-15T08:33:30,31.47,43.07,323.2,False
2024-01-15T08:34:00,28.54,39.24,304.0,False
2024-01-15T08:34:30,28.15,40.29,299.7,False
2024-01-15T08:35:00,34.78,42.49,419.1,False
2024-01-15T08:35:30,32.04,45.68,285.6,False
2024-01-15T08:36:00,31.12,43.69,378.5,False
2024-01-15T08:36:30,32.98,41.78,377.5,False
2024-01-15T08:37:00,35.38,41.69,380.1,False
2024-01-15T08:37:30,33.58,43.69,350.7,False
2024-01-15T08:38:00,31.11,40.92,368.4,False
2024-01-15T08:38:30,36.81,43.91,376.8,False
2024-01-15T08:39:00,37.91,43.03,385.3,False
2024-01-15T08:39:30,34.7,41.67,380.1,False
2024-01-15T08:40:00,36.18,44.76,458.2,False
2024-01-15T08:40:30,37.03,44.33,335.7,False
2024-01-15T08:41:00,36.73,49.71,413.9,False
2024-01-15T08:41:30,35.23,45.16,376.1,False
2024-01-15T08:42:00,35.23,41.67,373.0,False
2024-01-15T08:42:30,35.03,40.8,319.2,False
2024-01-15T08:43:00,30.23,42.27,271.6,False
2024-01-15T08:43:30,35.66,43.4,398.9,False
2024-01-15T08:44:00,29.54,43.79,285.5,False
2024-01-15T08:44:30,31.26,42.56,390.8,False
2024-01-15T08:45:00,37.6,41.2,360.2,False
2024-01-15T08:45:30,36.26,42.46,412.1,False
2024-01-15T08:46:00,38.24,44.14,382.9,False
2024-01-15T08:46:30,33.01,43.76,339.1,False
2024-01-15T08:47:00,30.41,39.47,306.7,False
2024-01-15T08:47:30,33.19,43.27,383.0,False
2024-01-15T08:48:00,34.26,40.83,402.7,False
2024-01-15T08:48:30,34.23,43.5,361.2,False
2024-01-15T08:49:00,37.44,45.84,423.2,False
2024-01-15T08:49:30,33.0,45.8,364.5,False
2024-01-15T08:50:00,35.18,44.46,328.1,False
2024-01-15T08:50:30,31.21,40.35,364.8,False
2024-01-15T08:51:00,35.57,47.15,372.5,False
2024-01-15T08:51:30,34.27,43.15,269.6,False
2024-01-15T08:52:00,32.05,43.96,340.8,False
2024-01-15T08:52:30,33.64,41.98,301.4,False
2024-01-15T08:53:00,33.84,43.49,321.4,False
2024-01-15T08:53:30,33.62,41.6,359.0,False
2024-01-15T08:54:00,39.79,46.93,415.3,False
2024-01-15T08:54:30,34.22,45.11,340.4,False
2024-01-15T08:55:00,33.83,42.32,391.7,False
2024-01-15T08:55:30,28.31,39.45,321.9,False
2024-01-15T08:56:00,31.97,43.1,338.8,False
2024-01-15T08:56:30,33.91,41.7,373.0,False
2024-01-15T08:57:00,32.68,39.71,409.6,False
2024-01-15T08:57:30,38.93,46.57,325.4,False
2024-01-15T08:58:00,34.33,43.35,426.6,False
2024-01-15T08:58:30,38.73,45.51,385.2,False
2024-01-15T08:59:00,35.1,45.0,349.6,False
2024-01-15T08:59:30,35.07,45.26,364.5,False
2024-01-15T09:00:00,34.73,43.45,542.4,False
2024-01-15T09:00:30,35.06,41.69,538.8,False
2024-01-15T09:01:00,40.24,45.26,655.8,False
2024-01-15T09:01:30,28.17,41.67,531.8,False
2024-01-15T09:02:00,29.17,41.27,456.7,False
2024-01-15T09:02:30,33.59,42.11,595.7,False
2024-01-15T09:03:00,35.31,42.5,603.6,False
2024-01-15T09:03:30,37.38,46.34,539.6,False
2024-01-15T09:04:00,36.77,44.36,601.4,False
2024-01-15T09:04:30,34.24,45.05,598.7,False
2024-01-15T09:05:00,38.49,47.43,543.8,False
2024-01-15T09:05:30,38.57,45.09,620.0,False
2024-01-15T09:06:00,36.08,46.37,561.6,False
2024-01-15T09:06:30,38.46,45.93,629.3,False
2024-01-15T09:07:00,36.43,45.18,554.1,False
2024-01-15T09:07:30,33.97,39.04,613.4,False
2024-01-15T09:08:00,37.79,43.39,592.6,False
2024-01-15T09:08:30,36.07,42.64,564.0,False
2024-01-15T09:09:00,35.79,43.69,557.4,False
2024-01-15T09:09:30,40.25,46.79,656.9,False
2024-01-15T09:10:00,28.52,41.01,499.2,False
2024-01-15T09:10:30,31.66,42.84,595.7,False
2024-01-15T09:11:00,32.4,41.27,567.7,False
2024-01-15T09:11:30,34.91,45.28,523.9,False
2024-01-15T09:12:00,35.28,47.71,583.3,False
2024-01-15T09:12:30,31.57,41.52,554.4,False
2024-01-15T09:13:00,33.18,41.71,508.7,False
2024-01-15T09:13:30,33.59,41.88,569.1,False
2024-01-15T09:14:00,43.59,48.42,670.4,False
2024-01-15T09:14:30,41.67,46.24,678.5,False
2024-01-15T09:15:00,35.07,40.53,624.0,False
2024-01-15T09:15:30,35.26,41.17,677.6,False
2024-01-15T09:16:00,32.95,44.97,563.6,False
2024-01-15T09:16:30,30.71,44.38,567.9,False
2024-01-15T09:17:00,36.13,47.73,564.8,False
2024-01-15T09:17:30,33.53,43.68,643.6,False
2024-01-15T09:18:00,36.31,42.64,554.9,False
2024-01-15T09:18:30,31.81,41.5,628.1,False
2024-01-15T09:19:00,34.37,40.67,643.4,False
2024-01-15T09:19:30,37.15,41.98,565.8,False
2024-01-15T09:20:00,37.84,45.9,644.2,False
2024-01-15T09:20:30,38.04,46.57,622.6,False
2024-01-15T09:21:00,32.87,46.82,546.5,False
2024-01-15T09:21:30,39.44,46.03,610.1,False
2024-01-15T09:22:00,34.52,41.02,586.7,False
2024-01-15T09:22:30,38.86,45.66,625.3,False
2024-01-15T09:23:00,36.97,44.4,655.5,False
2024-01-15T09:23:30,32.92,41.96,586.2,False
2024-01-15T09:24:00,36.14,45.24,558.3,False
2024-01-15T09:24:30,38.23,43.17,635.6,False
2024-01-15T09:25:00,39.02,46.25,542.2,False
2024-01-15T09:25:30,36.8,46.19,578.9,False
2024-01-15T09:26:00,41.86,50.26,623.3,False
2024-01-15T09:26:30,40.33,47.28,649.0,False
2024-01-15T09:27:00,36.58,46.87,663.5,False
2024-01-15T09:27:30,39.64,45.43,625.9,False
2024-01-15T09:28:00,43.24,47.5,631.5,False
2024-01-15T09:28:30,43.36,50.87,619.0,False
2024-01-15T09:29:00,33.84,40.67,604.1,False
2024-01-15T09:29:30,34.79,43.09,570.5,False
2024-01-15T09:30:00,42.07,49.79,616.4,False
2024-01-15T09:30:30,34.48,43.32,613.9,False
2024-01-15T09:31:00,33.73,42.8,616.6,False
2024-01-15T09:31:30,36.28,44.11,551.9,False
2024-01-15T09:32:00,39.04,46.26,552.5,False
2024-01-15T09:32:30,37.52,47.44,596.2,False
2024-01-15T09:33:00,35.92,46.32,541.7,False
2024-01-15T09:33:30,35.89,44.48,536.0,False
2024-01-15T09:34:00,35.82,46.61,544.9,False
2024-01-15T09:34:30,35.36,44.88,624.7,False
2024-01-15T09:35:00,44.89,50.68,685.1,False
2024-01-15T09:35:30,38.98,43.95,710.1,False
2024-01-15T09:36:00,40.79,50.39,600.6,False
2024-01-15T09:36:30,36.7,45.31,646.8,False
2024-01-15T09:37:00,37.66,39.85,621.0,False
2024-01-15T09:37:30,36.12,47.9,566.7,False
2024-01-15T09:38:00,30.35,41.71,536.9,False
2024-01-15T09:38:30,34.21,42.84,551.2,False
2024-01-15T09:39:00,32.96,41.79,574.0,False
2024-01-15T09:39:30,31.68,43.25,592.9,False
2024-01-15T09:40:00,34.89,42.2,564.4,False
2024-01-15T09:40:30,42.49,46.62,673.9,False
2024-01-15T09:41:00,38.43,44.64,658.3,False
2024-01-15T09:41:30,42.47,47.19,699.5,False
2024-01-15T09:42:00,39.88,45.44,572.1,False
2024-01-15T09:42:30,41.04,48.76,626.3,False
2024-01-15T09:43:00,36.03,45.09,616.6,False
2024-01-15T09:43:30,40.35,47.5,579.3,False
2024-01-15T09:44:00,41.0,48.26,575.6,False
2024-01-15T09:44:30,37.13,44.92,596.0,False
2024-01-15T09:45:00,40.58,44.79,608.1,False
2024-01-15T09:45:30,40.64,50.48,618.3,False
2024-01-15T09:46:00,37.34,47.07,579.9,False
2024-01-15T09:46:30,35.66,47.61,671.7,False
2024-01-15T09:47:00,35.52,46.38,565.7,False
2024-01-15T09:47:30,39.38,45.32,638.4,False
2024-01-15T09:48:00,40.14,41.93,641.9,False
2024-01-15T09:48:30,36.82,42.51,527.0,False
2024-01-15T09:49:00,39.32,47.49,673.2,False
2024-01-15T09:49:30,41.0,46.85,653.0,False
2024-01-15T09:50:00,41.18,46.31,635.7,False
2024-01-15T09:50:30,44.03,43.58,694.5,False
2024-01-15T09:51:00,43.24,48.16,644.0,False
2024-01-15T09:51:30,36.45,42.63,626.9,False
2024-01-15T09:52:00,44.55,47.39,581.3,False
2024-01-15T09:52:30,37.95,47.24,636.3,False
2024-01-15T09:53:00,42.72,45.87,649.1,False
2024-01-15T09:53:30,39.83,44.62,626.6,False
2024-01-15T09:54:00,38.43,46.16,573.8,False
2024-01-15T09:54:30,34.29,45.46,565.6,False
2024-01-15T09:55:00,39.24,45.39,604.0,False
2024-01-15T09:55:30,35.12,47.07,535.4,False
2024-01-15T09:56:00,42.74,45.39,656.3,False
2024-01-15T09:56:30,44.43,45.89,718.4,False
2024-01-15T09:57:00,37.53,42.27,543.4,False
2024-01-15T09:57:30,40.87,43.71,646.6,False
2024-01-15T09:58:00,37.83,46.17,585.8,False
2024-01-15T09:58:30,38.16,43.71,583.9,False
2024-01-15T09:59:00,42.42,44.97,642.3,False
2024-01-15T09:59:30,40.02,47.36,623.7,False
2024-01-15T10:00:00,45.4,50.94,670.5,False
2024-01-15T10:00:30,38.77,48.08,564.9,False
2024-01-15T10:01:00,43.26,49.97,689.7,False
2024-01-15T10:01:30,40.59,45.06,628.0,False
2024-01-15T10:02:00,42.73,48.51,665.6,False
2024-01-15T10:02:30,39.05,47.11,660.9,False
2024-01-15T10:03:00,40.28,45.79,545.4,False
2024-01-15T10:03:30,40.12,46.99,646.2,False
2024-01-15T10:04:00,38.0,43.1,597.5,False
2024-01-15T10:04:30,42.54,46.62,681.1,False
2024-01-15T10:05:00,42.55,48.62,608.3,False
2024-01-15T10:05:30,42.42,50.83,676.8,False
2024-01-15T10:06:00,45.29,51.56,620.1,False
2024-01-15T10:06:30,45.07,50.47,676.6,False
2024-01-15T10:07:00,39.64,46.59,628.5,False
2024-01-15T10:07:30,41.92,47.42,629.2,False
2024-01-15T10:08:00,38.98,43.21,570.5,False
2024-01-15T10:08:30,40.96,45.42,612.9,False
2024-01-15T10:09:00,39.13,44.58,650.0,False
2024-01-15T10:09:30,45.83,50.68,726.2,False
2024-01-15T10:10:00,42.11,49.56,715.0,False
2024-01-15T10:10:30,40.4,48.3,644.3,False
2024-01-15T10:11:00,44.68,51.33,667.5,False
2024-01-15T10:11:30,34.63,44.08,595.0,False
2024-01-15T10:12:00,35.14,42.23,658.2,False
2024-01-15T10:12:30,43.61,48.33,669.7,False
2024-01-15T10:13:00,41.44,45.9,635.0,False
2024-01-15T10:13:30,42.06,48.97,625.4,False
2024-01-15T10:14:00,37.37,44.6,592.5,False
2024-01-15T10:14:30,41.32,47.1,646.0,False
2024-01-15T10:15:00,47.44,51.74,649.5,False
2024-01-15T10:15:30,43.94,47.13,626.5,False
2024-01-15T10:16:00,42.02,49.58,633.6,False
2024-01-15T10:16:30,40.24,44.06,603.8,False
2024-01-15T10:17:00,40.41,47.46,647.1,False
2024-01-15T10:17:30,35.25,44.08,608.9,False
2024-01-15T10:18:00,42.45,49.52,650.1,False
2024-01-15T10:18:30,44.25,46.02,673.6,False
2024-01-15T10:19:00,37.03,42.1,601.0,False
2024-01-15T10:19:30,39.82,48.06,466.8,False
2024-01-15T10:20:00,38.37,45.05,571.9,False
2024-01-15T10:20:30,38.99,45.96,640.2,False
2024-01-15T10:21:00,42.08,46.37,603.1,False
2024-01-15T10:21:30,35.71,46.34,619.9,False
2024-01-15T10:22:00,43.85,49.18,687.2,False
2024-01-15T10:22:30,44.31,49.29,643.8,False
2024-01-15T10:23:00,41.33,44.99,607.0,False
2024-01-15T10:23:30,34.68,45.01,577.9,False
2024-01-15T10:24:00,39.18,44.27,611.7,False
2024-01-15T10:24:30,45.91,48.3,692.3,False
2024-01-15T10:25:00,33.91,40.89,477.7,False
2024-01-15T10:25:30,41.25,46.98,600.6,False
2024-01-15T10:26:00,38.79,48.19,569.8,False
2024-01-15T10:26:30,44.78,49.52,557.5,False
2024-01-15T10:27:00,40.39,45.98,603.3,False
2024-01-15T10:27:30,43.66,48.72,589.3,False
2024-01-15T10:28:00,44.19,48.98,638.0,False
2024-01-15T10:28:30,48.04,50.83,664.8,False
2024-01-15T10:29:00,41.96,48.01,653.8,False
2024-01-15T10:29:30,43.74,46.47,639.9,False
2024-01-15T10:30:00,38.2,45.99,537.9,False
2024-01-15T10:30:30,46.27,46.3,684.0,False
2024-01-15T10:31:00,40.45,48.06,720.4,False
2024-01-15T10:31:30,41.09,45.03,671.7,False
2024-01-15T10:32:00,42.75,50.42,669.2,False
2024-01-15T10:32:30,38.17,40.88,597.5,False
2024-01-15T10:33:00,43.58,51.83,629.0,False
2024-01-15T10:33:30,45.84,46.33,644.3,False
2024-01-15T10:34:00,43.85,46.22,660.5,False
2024-01-15T10:34:30,38.25,46.42,560.5,False
2024-01-15T10:35:00,42.68,49.27,650.3,False
2024-01-15T10:35:30,45.32,48.79,636.0,False
2024-01-15T10:36:00,37.5,47.23,531.4,False
2024-01-15T10:36:30,39.95,45.08,592.5,False
2024-01-15T10:37:00,45.84,48.82,716.8,False
2024-01-15T10:37:30,44.06,48.13,658.1,False
2024-01-15T10:38:00,44.53,47.89,514.1,False
2024-01-15T10:38:30,48.91,47.29,664.4,False
2024-01-15T10:39:00,44.78,49.05,694.4,False
2024-01-15T10:39:30,45.39,49.17,651.2,False
2024-01-15T10:40:00,51.58,54.66,733.6,False
2024-01-15T10:40:30,42.85,45.56,627.0,False
2024-01-15T10:41:00,41.14,46.0,636.5,False
2024-01-15T10:41:30,44.85,51.55,660.2,False
2024-01-15T10:42:00,44.93,49.77,633.6,False
2024-01-15T10:42:30,42.07,48.85,659.4,False
2024-01-15T10:43:00,40.59,47.92,686.0,False
2024-01-15T10:43:30,50.66,52.97,720.6,False
2024-01-15T10:44:00,44.75,52.74,662.1,False
2024-01-15T10:44:30,41.61,47.71,599.2,False
2024-01-15T10:45:00,46.59,48.0,710.3,False
2024-01-15T10:45:30,43.56,49.78,628.0,False
2024-01-15T10:46:00,43.17,47.18,667.7,False
2024-01-15T10:46:30,45.65,49.33,695.7,False
2024-01-15T10:47:00,40.13,47.53,660.5,False
2024-01-15T10:47:30,45.1,47.64,701.0,False
2024-01-15T10:48:00,49.82,50.62,737.3,False
2024-01-15T10:48:30,45.52,50.45,613.9,False
2024-01-15T10:49:00,43.03,47.15,609.9,False
2024-01-15T10:49:30,42.67,50.02,586.5,False
2024-01-15T10:50:00,43.0,46.27,586.4,False
2024-01-15T10:50:30,59.54,54.53,1137.3,False
2024-01-15T10:51:00,75.56,68.34,1165.1,False
2024-01-15T10:51:30,91.59,69.48,1287.7,False
2024-01-15T10:52:00,92.3,72.84,1336.1,False
2024-01-15T10:52:30,91.6,76.25,1302.9,False
2024-01-15T10:53:00,91.43,72.41,1421.9,False
2024-01-15T10:53:30,90.94,74.91,1316.6,False
2024-01-15T10:54:00,91.78,73.95,1352.1,False
2024-01-15T10:54:30,93.21,73.34,1314.4,False
2024-01-15T10:55:00,92.73,72.86,1275.3,False
2024-01-15T10:55:30,91.33,68.18,1301.5,False
2024-01-15T10:56:00,92.13,72.18,1308.3,False
2024-01-15T10:56:30,90.49,72.47,1294.9,False
2024-01-15T10:57:00,92.32,73.38,1274.6,False
2024-01-15T10:57:30,90.76,77.07,1331.5,False
2024-01-15T10:58:00,92.28,73.47,1324.8,False
2024-01-15T10:58:30,94.56,75.31,1294.8,False
2024-01-15T10:59:00,76.59,67.39,1217.0,False
2024-01-15T10:59:30,60.86,58.28,1117.4,False
2024-01-15T11:00:00,45.87,49.53,1014.9,False
2024-01-15T11:00:30,39.57,46.13,519.7,True
2024-01-15T11:01:00,39.0,45.31,582.8,True
2024-01-15T11:01:30,29.21,42.0,478.8,True
2024-01-15T11:02:00,35.36,43.85,556.8,True
2024-01-15T11:02:30,35.76,45.64,641.6,True
2024-01-15T11:03:00,31.98,40.48,526.7,True
2024-01-15T11:03:30,36.44,45.03,572.5,True
2024-01-15T11:04:00,39.24,49.24,580.7,True
2024-01-15T11:04:30,33.66,42.9,634.3,True
2024-01-15T11:05:00,37.11,48.76,504.9,True
2024-01-15T11:05:30,42.67,48.18,619.1,False
2024-01-15T11:06:00,43.43,48.13,612.8,False
2024-01-15T11:06:30,49.92,51.72,630.5,False
2024-01-15T11:07:00,43.9,47.85,695.3,False
2024-01-15T11:07:30,46.95,46.04,603.5,False
2024-01-15T11:08:00,39.98,48.28,601.5,False
2024-01-15T11:08:30,51.22,56.53,706.6,False
2024-01-15T11:09:00,47.48,51.23,649.8,False
2024-01-15T11:09:30,45.16,50.2,591.9,False
2024-01-15T11:10:00,47.47,49.91,673.1,False
2024-01-15T11:10:30,41.55,49.63,602.0,False
2024-01-15T11:11:00,49.37,51.14,727.3,False
2024-01-15T11:11:30,44.88,49.52,679.7,False
2024-01-15T11:12:00,45.28,46.05,740.0,False
2024-01-15T11:12:30,44.45,47.71,660.0,False
2024-01-15T11:13:00,44.22,49.39,677.4,False
2024-01-15T11:13:30,48.09,52.4,670.3,False
2024-01-15T11:14:00,46.81,51.82,742.9,False
2024-01-15T11:14:30,48.03,47.4,684.7,False
2024-01-15T11:15:00,46.09,46.64,664.6,False
2024-01-15T11:15:30,47.69,51.56,703.1,False
2024-01-15T11:16:00,44.93,47.52,633.6,False
2024-01-15T11:16:30,52.91,54.8,703.3,False
2024-01-15T11:17:00,41.55,44.07,654.0,False
2024-01-15T11:17:30,50.07,51.4,729.9,False
2024-01-15T11:18:00,50.43,51.71,727.3,False
2024-01-15T11:18:30,43.81,49.42,647.3,False
2024-01-15T11:19:00,53.09,51.04,735.5,False
2024-01-15T11:19:30,49.42,47.34,733.8,False
2024-01-15T11:20:00,49.38,51.6,651.3,False
2024-01-15T11:20:30,46.59,50.91,672.8,False
2024-01-15T11:21:00,45.89,51.53,550.7,False
2024-01-15T11:21:30,45.95,48.83,697.2,False
2024-01-15T11:22:00,47.79,52.01,651.0,False
2024-01-15T11:22:30,50.85,52.97,676.6,False
2024-01-15T11:23:00,47.23,52.83,673.0,False
2024-01-15T11:23:30,43.99,48.46,676.7,False
2024-01-15T11:24:00,49.23,47.73,789.5,False
2024-01-15T11:24:30,49.55,51.22,634.3,False
2024-01-15T11:25:00,48.79,51.15,656.3,False
2024-01-15T11:25:30,49.1,52.17,701.9,False
2024-01-15T11:26:00,46.08,46.56,639.6,False
2024-01-15T11:26:30,44.14,48.03,686.6,False
2024-01-15T11:27:00,44.36,50.5,648.2,False
2024-01-15T11:27:30,42.1,47.43,672.2,False
2024-01-15T11:28:00,47.75,49.85,672.0,False
2024-01-15T11:28:30,46.82,53.81,696.4,False
2024-01-15T11:29:00,45.79,47.34,628.0,False
2024-01-15T11:29:30,38.27,48.2,683.7,False
2024-01-15T11:30:00,43.43,50.35,579.5,False
2024-01-15T11:30:30,50.57,51.43,676.3,False
2024-01-15T11:31:00,45.25,49.16,605.2,False
2024-01-15T11:31:30,48.36,50.71,718.9,False
2024-01-15T11:32:00,43.14,48.53,666.7,False
2024-01-15T11:32:30,51.66,51.24,664.6,False
2024-01-15T11:33:00,46.95,49.22,715.5,False
2024-01-15T11:33:30,48.29,50.04,658.3,False
2024-01-15T11:34:00,54.43,53.17,750.9,False
2024-01-15T11:34:30,52.03,52.0,741.2,False
2024-01-15T11:35:00,46.6,45.43,663.0,False
2024-01-15T11:35:30,45.77,49.69,702.6,False
2024-01-15T11:36:00,46.61,48.86,667.1,False
2024-01-15T11:36:30,49.15,47.46,706.7,False
2024-01-15T11:37:00,47.34,49.58,667.7,False
2024-01-15T11:37:30,46.5,49.11,597.3,False
2024-01-15T11:38:00,52.12,55.23,712.0,False
2024-01-15T11:38:30,47.41,49.25,644.4,False
2024-01-15T11:39:00,54.69,55.3,793.2,False
2024-01-15T11:39:30,48.09,53.44,630.2,False
2024-01-15T11:40:00,53.21,51.97,774.7,False
2024-01-15T11:40:30,48.96,51.01,684.5,False
2024-01-15T11:41:00,50.81,55.49,722.7,False
2024-01-15T11:41:30,45.78,49.98,611.1,False
2024-01-15T11:42:00,45.43,50.09,651.1,False
2024-01-15T11:42:30,49.4,50.52,668.6,False
2024-01-15T11:43:00,51.02,53.52,792.3,False
2024-01-15T11:43:30,48.21,50.66,658.1,False
2024-01-15T11:44:00,44.26,45.1,700.2,False
2024-01-15T11:44:30,44.07,47.96,699.3,False
2024-01-15T11:45:00,43.91,46.23,696.8,False
2024-01-15T11:45:30,42.92,48.32,619.6,False
2024-01-15T11:46:00,48.58,49.1,760.8,False
2024-01-15T11:46:30,51.66,53.43,793.8,False
2024-01-15T11:47:00,48.28,50.87,700.9,False
2024-01-15T11:47:30,41.57,44.94,613.9,False
2024-01-15T11:48:00,47.81,49.57,648.1,False
2024-01-15T11:48:30,47.93,51.85,702.3,False
2024-01-15T11:49:00,54.74,56.31,740.5,False
2024-01-15T11:49:30,44.11,46.9,660.2,False
2024-01-15T11:50:00,47.34,48.13,624.8,False
2024-01-15T11:50:30,53.66,57.39,730.6,False
2024-01-15T11:51:00,49.93,51.6,745.2,False
2024-01-15T11:51:30,50.3,51.99,735.0,False
2024-01-15T11:52:00,48.98,49.67,675.3,False
2024-01-15T11:52:30,49.66,51.92,692.9,False
2024-01-15T11:53:00,51.04,55.61,649.6,False
2024-01-15T11:53:30,46.31,50.33,643.8,False
2024-01-15T11:54:00,51.4,54.5,697.6,False
2024-01-15T11:54:30,44.68,49.07,682.8,False
2024-01-15T11:55:00,49.82,49.53,670.3,False
2024-01-15T11:55:30,49.4,50.0,653.7,False
2024-01-15T11:56:00,47.04,47.96,706.7,False
2024-01-15T11:56:30,48.86,51.54,673.9,False
2024-01-15T11:57:00,47.09,52.67,643.1,False
2024-01-15T11:57:30,45.77,49.88,698.7,False
2024-01-15T11:58:00,47.96,50.04,702.0,False
2024-01-15T11:58:30,45.74,47.97,657.6,False
2024-01-15T11:59:00,50.05,52.42,686.3,False
2024-01-15T11:59:30,45.66,47.04,680.5,False
2024-01-15T12:00:00,51.28,50.06,731.8,False
2024-01-15T12:00:30,45.63,51.3,673.4,False
2024-01-15T12:01:00,47.5,49.88,684.9,False
2024-01-15T12:01:30,47.36,49.77,654.6,False
2024-01-15T12:02:00,53.24,52.97,704.1,False
2024-01-15T12:02:30,50.29,53.29,695.4,False
2024-01-15T12:03:00,48.69,51.37,651.1,False
2024-01-15T12:03:30,50.85,50.63,663.7,False
2024-01-15T12:04:00,43.07,46.81,640.9,False
2024-01-15T12:04:30,49.29,50.95,733.9,False
2024-01-15T12:05:00,55.44,55.02,660.6,False
2024-01-15T12:05:30,49.87,51.57,683.3,False
2024-01-15T12:06:00,49.71,51.31,708.6,False
2024-01-15T12:06:30,51.18,52.39,752.3,False
2024-01-15T12:07:00,52.25,52.76,790.0,False
2024-01-15T12:07:30,43.6,46.95,638.5,False
2024-01-15T12:08:00,44.58,51.21,735.5,False
2024-01-15T12:08:30,50.29,50.89,720.5,False
2024-01-15T12:09:00,47.54,50.74,712.9,False
2024-01-15T12:09:30,53.65,49.42,686.6,False
2024-01-15T12:10:00,48.8,50.68,708.5,False
2024-01-15T12:10:30,43.97,46.5,687.8,False
2024-01-15T12:11:00,46.0,47.76,640.4,False
2024-01-15T12:11:30,41.58,52.36,528.5,False
2024-01-15T12:12:00,49.16,51.8,699.2,False
2024-01-15T12:12:30,49.33,53.84,686.0,False
2024-01-15T12:13:00,48.65,52.76,743.0,False
2024-01-15T12:13:30,53.19,55.28,704.0,False
2024-01-15T12:14:00,53.57,53.12,700.4,False
2024-01-15T12:14:30,49.5,54.69,649.1,False
2024-01-15T12:15:00,43.63,50.24,623.9,False
2024-01-15T12:15:30,51.92,52.77,822.0,False
2024-01-15T12:16:00,51.76,53.14,650.6,False
2024-01-15T12:16:30,51.05,51.99,655.0,False
2024-01-15T12:17:00,53.1,53.39,722.6,False
2024-01-15T12:17:30,46.69,49.99,752.5,False
2024-01-15T12:18:00,56.23,55.62,779.5,False
2024-01-15T12:18:30,47.36,53.9,741.0,False
2024-01-15T12:19:00,52.51,50.59,704.7,False
2024-01-15T12:19:30,45.23,51.64,606.2,False
2024-01-15T12:20:00,47.53,49.77,662.3,False
2024-01-15T12:20:30,54.9,56.73,734.2,False
2024-01-15T12:21:00,49.59,50.88,697.2,False
2024-01-15T12:21:30,52.92,54.04,714.8,False
2024-01-15T12:22:00,51.14,52.0,732.8,False
2024-01-15T12:22:30,50.15,48.36,672.7,False
2024-01-15T12:23:00,54.58,57.52,699.5,False
2024-01-15T12:23:30,49.81,49.77,650.3,False
2024-01-15T12:24:00,45.2,49.52,669.8,False
2024-01-15T12:24:30,48.16,48.73,689.5,False
2024-01-15T12:25:00,52.25,50.21,761.7,False
2024-01-15T12:25:30,51.81,52.26,776.4,False
2024-01-15T12:26:00,45.95,48.55,619.3,False
2024-01-15T12:26:30,48.51,48.68,689.0,False
2024-01-15T12:27:00,48.96,51.17,683.5,False
2024-01-15T12:27:30,49.64,48.62,635.6,False
2024-01-15T12:28:00,46.63,50.34,651.9,False
2024-01-15T12:28:30,48.9,50.97,753.9,False
2024-01-15T12:29:00,48.63,46.12,663.7,False
2024-01-15T12:29:30,53.16,52.3,693.3,False
2024-01-15T12:30:00,53.29,54.36,724.3,False
2024-01-15T12:30:30,50.46,49.88,740.1,False
2024-01-15T12:31:00,49.74,52.67,685.8,False
2024-01-15T12:31:30,51.37,53.33,716.0,False
2024-01-15T12:32:00,48.52,49.01,596.8,False
2024-01-15T12:32:30,47.56,50.54,703.4,False
2024-01-15T12:33:00,48.2,52.54,694.5,False
2024-01-15T12:33:30,49.15,49.61,728.6,False
2024-01-15T12:34:00,47.59,50.17,606.0,False
2024-01-15T12:34:30,51.59,54.88,700.6,False
2024-01-15T12:35:00,53.32,51.73,765.1,False
2024-01-15T12:35:30,46.39,50.91,648.9,False
2024-01-15T12:36:00,51.26,50.26,712.1,False
2024-01-15T12:36:30,50.55,51.74,688.0,False
2024-01-15T12:37:00,52.26,53.82,702.6,False
2024-01-15T12:37:30,51.22,47.6,756.4,False
2024-01-15T12:38:00,46.92,49.19,618.4,False
2024-01-15T12:38:30,47.52,51.42,678.2,False
2024-01-15T12:39:00,51.42,52.96,721.4,False
2024-01-15T12:39:30,54.44,52.98,773.1,False
2024-01-15T12:40:00,44.74,46.97,653.0,False
2024-01-15T12:40:30,52.45,54.29,758.3,False
2024-01-15T12:41:00,55.0,53.66,737.8,False
2024-01-15T12:41:30,51.0,53.4,712.8,False
2024-01-15T12:42:00,53.13,54.14,728.3,False
2024-01-15T12:42:30,49.4,50.62,721.4,False
2024-01-15T12:43:00,51.17,54.55,731.1,False
2024-01-15T12:43:30,46.69,48.97,629.0,False
2024-01-15T12:44:00,44.55,51.47,665.1,False
2024-01-15T12:44:30,54.43,56.68,757.1,False
2024-01-15T12:45:00,48.67,53.26,747.9,False
2024-01-15T12:45:30,50.29,51.6,661.9,False
2024-01-15T12:46:00,47.52,55.68,701.7,False
2024-01-15T12:46:30,47.47,50.86,665.9,False
2024-01-15T12:47:00,51.2,52.91,717.3,False
2024-01-15T12:47:30,49.56,51.56,653.5,False
2024-01-15T12:48:00,52.91,51.02,722.7,False
2024-01-15T12:48:30,53.15,56.0,738.0,False
2024-01-15T12:49:00,52.78,52.08,683.5,False
2024-01-15T12:49:30,52.56,54.95,778.4,False
2024-01-15T12:50:00,56.6,57.45,691.0,False
2024-01-15T12:50:30,48.69,52.39,711.0,False
2024-01-15T12:51:00,51.75,51.33,616.9,False
2024-01-15T12:51:30,55.34,53.82,732.5,False
2024-01-15T12:52:00,55.75,49.36,765.2,False
2024-01-15T12:52:30,47.72,50.47,710.3,False
2024-01-15T12:53:00,51.07,53.98,704.3,False
2024-01-15T12:53:30,56.1,54.42,739.2,False
2024-01-15T12:54:00,53.58,52.45,751.3,False
2024-01-15T12:54:30,52.66,52.58,759.3,False
2024-01-15T12:55:00,51.45,55.0,766.7,False
2024-01-15T12:55:30,50.97,52.23,656.1,False
2024-01-15T12:56:00,53.01,57.07,716.0,False
2024-01-15T12:56:30,51.41,51.42,623.5,False
2024-01-15T12:57:00,52.06,53.32,661.8,False
2024-01-15T12:57:30,52.45,52.21,691.4,False
2024-01-15T12:58:00,50.2,56.11,736.2,False
2024-01-15T12:58:30,53.85,54.14,711.6,False
2024-01-15T12:59:00,61.02,61.63,776.6,False
2024-01-15T12:59:30,46.97,49.51,687.7,False
2024-01-15T13:00:00,53.29,56.57,699.5,False
2024-01-15T13:00:30,50.06,52.13,620.7,False
2024-01-15T13:01:00,54.1,55.59,702.9,False
2024-01-15T13:01:30,52.53,50.69,715.4,False
2024-01-15T13:02:00,54.69,54.91,756.3,False
2024-01-15T13:02:30,55.96,52.71,739.4,False
2024-01-15T13:03:00,53.03,53.9,742.3,False
2024-01-15T13:03:30,55.87,51.77,783.9,False
2024-01-15T13:04:00,45.46,49.42,708.5,False
2024-01-15T13:04:30,57.28,57.71,765.2,False
2024-01-15T13:05:00,53.66,54.8,683.8,False
2024-01-15T13:05:30,55.79,52.31,696.5,False
2024-01-15T13:06:00,48.92,47.54,645.3,False
2024-01-15T13:06:30,50.1,52.93,657.8,False
2024-01-15T13:07:00,53.06,56.58,728.4,False
2024-01-15T13:07:30,52.59,51.25,796.2,False
2024-01-15T13:08:00,53.51,57.84,736.5,False
2024-01-15T13:08:30,55.93,54.84,744.1,False
2024-01-15T13:09:00,47.4,46.68,717.7,False
2024-01-15T13:09:30,55.64,51.59,712.0,False
2024-01-15T13:10:00,52.77,54.82,763.8,False
2024-01-15T13:10:30,52.15,53.23,755.9,False
2024-01-15T13:11:00,48.37,54.05,689.3,False
2024-01-15T13:11:30,54.31,51.66,818.2,False
2024-01-15T13:12:00,45.58,49.93,709.2,False
2024-01-15T13:12:30,54.79,54.31,740.1,False
2024-01-15T13:13:00,48.38,50.81,681.3,False
2024-01-15T13:13:30,53.04,52.66,707.0,False
2024-01-15T13:14:00,52.54,52.45,715.1,False
2024-01-15T13:14:30,56.43,55.47,747.3,False
2024-01-15T13:15:00,52.4,53.72,706.4,False
2024-01-15T13:15:30,50.87,52.85,698.4,False
2024-01-15T13:16:00,51.46,55.05,663.9,False
2024-01-15T13:16:30,56.81,52.92,731.8,False
2024-01-15T13:17:00,54.62,50.6,673.1,False
2024-01-15T13:17:30,51.88,54.89,731.6,False
2024-01-15T13:18:00,52.34,51.2,721.9,False
2024-01-15T13:18:30,48.37,50.35,682.0,False
2024-01-15T13:19:00,54.25,52.82,769.5,False
2024-01-15T13:19:30,47.83,49.57,648.1,False
2024-01-15T13:20:00,55.38,51.7,714.6,False
2024-01-15T13:20:30,53.53,52.55,669.0,False
2024-01-15T13:21:00,60.32,58.39,823.5,False
2024-01-15T13:21:30,49.88,51.86,723.3,False
2024-01-15T13:22:00,52.89,54.38,776.3,False
2024-01-15T13:22:30,58.61,55.25,832.2,False
2024-01-15T13:23:00,56.81,57.14,737.5,False
2024-01-15T13:23:30,51.16,51.5,680.9,False
2024-01-15T13:24:00,53.94,49.69,659.7,False
2024-01-15T13:24:30,53.29,54.22,682.4,False
2024-01-15T13:25:00,54.15,55.55,720.2,False
2024-01-15T13:25:30,51.23,51.44,627.4,False
2024-01-15T13:26:00,53.07,55.88,681.5,False
2024-01-15T13:26:30,48.56,49.52,685.2,False
2024-01-15T13:27:00,53.78,55.18,766.0,False
2024-01-15T13:27:30,54.74,57.81,709.3,False
2024-01-15T13:28:00,52.73,53.39,726.9,False
2024-01-15T13:28:30,48.58,50.79,763.2,False
2024-01-15T13:29:00,56.41,54.94,679.0,False
2024-01-15T13:29:30,54.55,57.49,779.9,False
2024-01-15T13:30:00,51.3,53.41,725.6,False
2024-01-15T13:30:30,52.65,57.57,771.9,False
2024-01-15T13:31:00,49.01,52.02,730.7,False
2024-01-15T13:31:30,50.45,50.88,677.1,False
2024-01-15T13:32:00,51.93,51.76,715.5,False
2024-01-15T13:32:30,57.25,55.71,699.5,False
2024-01-15T13:33:00,51.66,48.71,692.3,False
2024-01-15T13:33:30,55.51,53.77,745.3,False
2024-01-15T13:34:00,51.99,52.06,728.1,False
2024-01-15T13:34:30,54.37,54.63,766.5,False
2024-01-15T13:35:00,53.22,57.46,789.0,False
2024-01-15T13:35:30,56.28,55.22,732.8,False
2024-01-15T13:36:00,52.07,49.16,762.3,False
2024-01-15T13:36:30,48.97,49.63,702.4,False
2024-01-15T13:37:00,49.56,52.28,644.2,False
2024-01-15T13:37:30,52.12,53.22,711.0,False
2024-01-15T13:38:00,49.99,55.22,704.5,False
2024-01-15T13:38:30,54.98,56.39,706.4,False
2024-01-15T13:39:00,52.37,55.02,677.3,False
2024-01-15T13:39:30,60.9,57.0,744.3,False
2024-01-15T13:40:00,48.58,53.47,666.9,False
2024-01-15T13:40:30,54.42,52.4,700.8,False
2024-01-15T13:41:00,50.44,54.14,752.7,False
2024-01-15T13:41:30,52.36,52.6,620.8,False
2024-01-15T13:42:00,54.28,51.23,738.7,False
2024-01-15T13:42:30,46.89,51.62,696.3,False
2024-01-15T13:43:00,54.59,57.08,698.2,False
2024-01-15T13:43:30,59.6,55.98,767.6,False
2024-01-15T13:44:00,52.55,56.4,706.7,False
2024-01-15T13:44:30,54.7,51.04,734.5,False
2024-01-15T13:45:00,57.01,53.11,782.6,False
2024-01-15T13:45:30,53.46,53.44,750.6,False
2024-01-15T13:46:00,52.22,52.37,693.8,False
2024-01-15T13:46:30,47.15,49.25,617.0,False
2024-01-15T13:47:00,55.92,55.23,753.9,False
2024-01-15T13:47:30,53.67,52.78,703.1,False
2024-01-15T13:48:00,50.98,51.78,686.8,False
2024-01-15T13:48:30,54.41,54.77,744.3,False
2024-01-15T13:49:00,52.3,51.82,701.0,False
2024-01-15T13:49:30,52.48,53.04,732.1,False
2024-01-15T13:50:00,55.89,53.67,847.7,False
2024-01-15T13:50:30,50.07,49.64,728.0,False
2024-01-15T13:51:00,57.24,57.17,811.7,False
2024-01-15T13:51:30,49.92,55.39,719.8,False
2024-01-15T13:52:00,52.14,55.22,720.2,False
2024-01-15T13:52:30,59.91,57.64,800.3,False
2024-01-15T13:53:00,57.53,54.51,779.4,False
2024-01-15T13:53:30,54.46,53.68,770.2,False
2024-01-15T13:54:00,51.35,54.82,713.2,False
2024-01-15T13:54:30,52.6,48.77,668.5,False
2024-01-15T13:55:00,54.42,53.51,676.6,False
2024-01-15T13:55:30,54.33,55.66,753.1,False
2024-01-15T13:56:00,53.95,51.73,686.6,False
2024-01-15T13:56:30,54.14,54.95,760.6,False
2024-01-15T13:57:00,53.61,54.59,782.4,False
2024-01-15T13:57:30,49.93,49.1,690.7,False
2024-01-15T13:58:00,52.72,53.57,770.2,False
2024-01-15T13:58:30,57.03,54.32,766.6,False
2024-01-15T13:59:00,50.19,52.97,702.6,False
2024-01-15T13:59:30,53.74,55.25,732.8,False
2024-01-15T14:00:00,51.86,53.77,681.6,False
2024-01-15T14:00:30,54.66,54.52,699.0,False
2024-01-15T14:01:00,53.18,54.21,659.6,False
2024-01-15T14:01:30,58.78,54.09,740.9,False
2024-01-15T14:02:00,55.88,54.93,832.6,False
2024-01-15T14:02:30,50.44,50.68,643.8,False
2024-01-15T14:03:00,56.4,57.32,704.1,False
2024-01-15T14:03:30,52.07,54.46,684.3,False
2024-01-15T14:04:00,52.67,54.75,691.1,False
2024-01-15T14:04:30,55.36,58.16,753.6,False
2024-01-15T14:05:00,52.95,52.88,699.1,False
2024-01-15T14:05:30,57.12,54.52,749.0,False
2024-01-15T14:06:00,52.12,52.42,683.0,False
2024-01-15T14:06:30,52.6,50.16,701.8,False
2024-01-15T14:07:00,52.5,50.27,717.6,False
2024-01-15T14:07:30,52.78,54.7,716.9,False
2024-01-15T14:08:00,57.78,53.17,841.5,False
2024-01-15T14:08:30,56.38,53.11,749.9,False
2024-01-15T14:09:00,59.64,56.69,768.7,False
2024-01-15T14:09:30,61.32,56.91,690.7,False
2024-01-15T14:10:00,51.43,54.56,721.1,False
2024-01-15T14:10:30,54.75,54.57,659.0,False
2024-01-15T14:11:00,51.02,50.99,730.2,False
2024-01-15T14:11:30,52.22,55.13,723.5,False
2024-01-15T14:12:00,52.67,54.87,753.3,False
2024-01-15T14:12:30,51.4,49.96,685.8,False
2024-01-15T14:13:00,51.43,53.3,712.5,False
2024-01-15T14:13:30,54.16,52.73,760.3,False
2024-01-15T14:14:00,64.13,57.67,1075.9,False
2024-01-15T14:14:30,77.32,69.49,1242.9,False
2024-01-15T14:15:00,90.5,72.59,1346.6,False
2024-01-15T14:15:30,89.93,71.62,1314.1,False
2024-01-15T14:16:00,93.43,73.98,1410.6,False
2024-01-15T14:16:30,90.99,74.34,1348.6,False
2024-01-15T14:17:00,89.75,70.57,1251.1,False
2024-01-15T14:17:30,89.71,70.89,1357.2,False
2024-01-15T14:18:00,92.87,74.85,1316.6,False
2024-01-15T14:18:30,91.0,69.57,1359.9,False
2024-01-15T14:19:00,89.94,74.05,1331.3,False
2024-01-15T14:19:30,90.3,69.04,1216.7,False
2024-01-15T14:20:00,90.93,72.08,1351.7,False
2024-01-15T14:20:30,90.49,69.16,1315.1,False
2024-01-15T14:21:00,90.85,70.42,1308.4,False
2024-01-15T14:21:30,92.28,75.84,1321.3,False
2024-01-15T14:22:00,89.38,73.89,1346.6,False
2024-01-15T14:22:30,77.6,68.21,1183.9,False
2024-01-15T14:23:00,68.04,58.23,1188.8,False
2024-01-15T14:23:30,58.39,54.21,1006.3,False
2024-01-15T14:24:00,46.47,50.71,683.5,True
2024-01-15T14:24:30,39.99,48.22,650.8,True
2024-01-15T14:25:00,44.54,47.47,686.2,True
2024-01-15T14:25:30,46.26,48.77,677.4,True
2024-01-15T14:26:00,39.84,44.46,610.5,True
2024-01-15T14:26:30,43.81,52.03,628.5,True
2024-01-15T14:27:00,44.49,48.1,607.0,True
2024-01-15T14:27:30,43.12,48.43,617.5,True
2024-01-15T14:28:00,39.4,46.68,576.7,True
2024-01-15T14:28:30,43.07,50.56,599.5,True
2024-01-15T14:29:00,53.84,51.83,802.8,False
2024-01-15T14:29:30,54.38,56.34,666.3,False
2024-01-15T14:30:00,53.14,50.83,770.1,False
2024-01-15T14:30:30,53.51,55.9,678.6,False
2024-01-15T14:31:00,54.72,50.75,696.9,False
2024-01-15T14:31:30,56.17,54.7,707.8,False
2024-01-15T14:32:00,53.94,57.04,687.1,False
2024-01-15T14:32:30,53.63,55.03,765.9,False
2024-01-15T14:33:00,55.14,55.24,764.6,False
2024-01-15T14:33:30,49.1,49.28,683.5,False
2024-01-15T14:34:00,56.3,53.51,858.7,False
2024-01-15T14:34:30,54.87,56.96,738.3,False
2024-01-15T14:35:00,55.0,55.28,742.4,False
2024-01-15T14:35:30,57.77,57.5,734.7,False
2024-01-15T14:36:00,49.03,51.5,660.1,False
2024-01-15T14:36:30,48.97,50.76,670.5,False
2024-01-15T14:37:00,55.72,56.23,779.8,False
2024-01-15T14:37:30,54.88,54.8,761.9,False
2024-01-15T14:38:00,55.42,54.21,795.0,False
2024-01-15T14:38:30,53.53,50.78,699.5,False
2024-01-15T14:39:00,56.91,57.21,778.9,False
2024-01-15T14:39:30,57.72,56.58,774.0,False
2024-01-15T14:40:00,56.38,53.82,768.4,False
2024-01-15T14:40:30,54.15,56.28,698.6,False
2024-01-15T14:41:00,48.61,51.64,647.3,False
2024-01-15T14:41:30,57.24,56.0,779.5,False
2024-01-15T14:42:00,58.6,57.92,803.7,False
2024-01-15T14:42:30,56.88,56.63,730.3,False
2024-01-15T14:43:00,52.31,53.6,742.8,False
2024-01-15T14:43:30,56.97,54.96,803.7,False
2024-01-15T14:44:00,57.53,59.59,745.8,False
2024-01-15T14:44:30,59.63,55.21,719.5,False
2024-01-15T14:45:00,52.33,54.52,666.1,False
2024-01-15T14:45:30,54.28,53.84,707.2,False
2024-01-15T14:46:00,57.2,56.38,739.8,False
2024-01-15T14:46:30,55.14,56.9,739.7,False
2024-01-15T14:47:00,51.62,52.05,712.3,False
2024-01-15T14:47:30,56.21,56.18,738.8,False
2024-01-15T14:48:00,56.71,55.76,780.8,False
2024-01-15T14:48:30,55.24,53.21,711.5,False
2024-01-15T14:49:00,55.64,57.21,795.7,False
2024-01-15T14:49:30,54.2,55.4,771.2,False
2024-01-15T14:50:00,59.42,55.72,810.0,False
2024-01-15T14:50:30,52.28,55.23,691.9,False
2024-01-15T14:51:00,53.22,51.83,721.1,False
2024-01-15T14:51:30,55.02,54.33,769.1,False
2024-01-15T14:52:00,57.62,54.84,753.0,False
2024-01-15T14:52:30,50.5,53.64,676.0,False
2024-01-15T14:53:00,51.06,51.46,678.9,False
2024-01-15T14:53:30,48.88,52.84,663.4,False
2024-01-15T14:54:00,55.09,55.62,694.3,False
2024-01-15T14:54:30,51.64,51.96,827.9,False
2024-01-15T14:55:00,53.84,57.47,652.6,False
2024-01-15T14:55:30,56.98,53.89,716.6,False
2024-01-15T14:56:00,53.07,50.61,748.4,False
2024-01-15T14:56:30,55.69,56.45,718.3,False
2024-01-15T14:57:00,54.1,49.65,718.7,False
2024-01-15T14:57:30,57.02,58.39,771.9,False
2024-01-15T14:58:00,56.42,55.32,792.7,False
2024-01-15T14:58:30,52.92,50.51,712.5,False
2024-01-15T14:59:00,54.49,52.25,772.8,False
2024-01-15T14:59:30,58.13,52.7,697.2,False
2024-01-15T15:00:00,56.18,55.76,725.2,False
2024-01-15T15:00:30,50.81,49.66,726.3,False
2024-01-15T15:01:00,56.97,56.4,834.7,False
2024-01-15T15:01:30,51.75,52.17,675.4,False
2024-01-15T15:02:00,59.24,55.58,728.2,False
2024-01-15T15:02:30,58.07,56.97,778.2,False
2024-01-15T15:03:00,55.87,56.1,749.1,False
2024-01-15T15:03:30,55.47,56.94,715.0,False
2024-01-15T15:04:00,54.37,52.84,686.3,False
2024-01-15T15:04:30,57.03,55.38,735.7,False
2024-01-15T15:05:00,53.88,52.59,751.9,False
2024-01-15T15:05:30,55.7,55.1,732.3,False
2024-01-15T15:06:00,57.61,54.17,807.7,False
2024-01-15T15:06:30,53.31,52.73,721.0,False
2024-01-15T15:07:00,53.14,52.66,749.2,False
2024-01-15T15:07:30,51.41,53.22,722.4,False
2024-01-15T15:08:00,51.79,52.83,698.2,False
2024-01-15T15:08:30,49.5,52.7,729.3,False
2024-01-15T15:09:00,57.17,55.31,708.7,False
2024-01-15T15:09:30,60.41,55.98,761.1,False
2024-01-15T15:10:00,59.26,56.95,757.5,False
2024-01-15T15:10:30,50.1,50.15,716.1,False
2024-01-15T15:11:00,57.15,56.65,782.4,False
2024-01-15T15:11:30,59.24,55.99,741.3,False
2024-01-15T15:12:00,53.6,54.15,690.6,False
2024-01-15T15:12:30,55.27,55.02,745.3,False
2024-01-15T15:13:00,48.94,54.62,630.0,False
2024-01-15T15:13:30,55.77,55.59,786.4,False
2024-01-15T15:14:00,51.77,52.98,705.2,False
2024-01-15T15:14:30,55.56,53.35,697.7,False
2024-01-15T15:15:00,50.27,53.69,654.6,False
2024-01-15T15:15:30,56.58,54.7,765.2,False
2024-01-15T15:16:00,58.02,52.92,775.6,False
2024-01-15T15:16:30,52.6,52.87,690.1,False
2024-01-15T15:17:00,51.53,53.11,707.7,False
2024-01-15T15:17:30,48.47,49.56,642.6,False
2024-01-15T15:18:00,54.14,53.79,722.8,False
2024-01-15T15:18:30,53.19,53.41,784.5,False
2024-01-15T15:19:00,50.28,51.99,787.4,False
2024-01-15T15:19:30,56.29,57.58,741.8,False
2024-01-15T15:20:00,53.57,51.13,745.9,False
2024-01-15T15:20:30,51.69,56.88,729.2,False
2024-01-15T15:21:00,53.25,53.53,657.2,False
2024-01-15T15:21:30,58.13,57.19,719.0,False
2024-01-15T15:22:00,56.72,55.59,661.1,False
2024-01-15T15:22:30,54.51,50.78,754.1,False
2024-01-15T15:23:00,56.76,53.24,831.9,False
2024-01-15T15:23:30,51.41,51.63,753.9,False
2024-01-15T15:24:00,54.99,56.46,741.7,False
2024-01-15T15:24:30,55.33,51.88,738.8,False
2024-01-15T15:25:00,53.47,52.01,713.7,False
2024-01-15T15:25:30,56.18,55.4,791.8,False
2024-01-15T15:26:00,52.53,54.2,728.9,False
2024-01-15T15:26:30,56.4,56.07,753.7,False
2024-01-15T15:27:00,56.52,53.28,708.0,False
2024-01-15T15:27:30,46.1,46.85,692.9,False
2024-01-15T15:28:00,58.42,57.28,761.4,False
2024-01-15T15:28:30,45.7,52.71,681.5,False
2024-01-15T15:29:00,52.99,52.8,763.9,False
2024-01-15T15:29:30,57.91,53.66,697.9,False
2024-01-15T15:30:00,53.88,53.08,719.2,False
2024-01-15T15:30:30,50.42,53.0,685.8,False
2024-01-15T15:31:00,51.54,52.3,691.1,False
2024-01-15T15:31:30,57.89,58.76,718.5,False
2024-01-15T15:32:00,49.04,53.37,663.2,False
2024-01-15T15:32:30,58.19,56.47,721.6,False
2024-01-15T15:33:00,54.63,50.41,770.0,False
2024-01-15T15:33:30,51.21,51.23,724.8,False
2024-01-15T15:34:00,53.03,52.43,736.6,False
2024-01-15T15:34:30,51.72,51.38,636.7,False
2024-01-15T15:35:00,57.37,56.08,836.9,False
2024-01-15T15:35:30,56.96,55.92,739.3,False
2024-01-15T15:36:00,49.6,48.46,766.6,False
2024-01-15T15:36:30,53.54,55.39,758.3,False
2024-01-15T15:37:00,52.15,53.13,707.9,False
2024-01-15T15:37:30,58.61,57.04,850.6,False
2024-01-15T15:38:00,50.68,53.85,728.1,False
2024-01-15T15:38:30,59.53,55.25,767.1,False
2024-01-15T15:39:00,54.61,56.85,721.2,False
2024-01-15T15:39:30,51.22,52.35,751.0,False
2024-01-15T15:40:00,52.66,56.38,699.9,False
2024-01-15T15:40:30,52.28,51.38,703.1,False
2024-01-15T15:41:00,50.86,55.33,683.0,False
2024-01-15T15:41:30,54.96,52.7,709.4,False
2024-01-15T15:42:00,50.98,57.62,680.1,False
2024-01-15T15:42:30,48.12,49.19,755.8,False
2024-01-15T15:43:00,53.51,55.9,768.4,False
2024-01-15T15:43:30,49.23,50.93,703.3,False
2024-01-15T15:44:00,52.38,54.66,697.1,False
2024-01-15T15:44:30,51.9,52.91,693.1,False
2024-01-15T15:45:00,52.0,50.86,701.4,False
2024-01-15T15:45:30,60.61,51.75,856.4,False
2024-01-15T15:46:00,54.77,59.44,749.8,False
2024-01-15T15:46:30,55.33,54.86,772.5,False
2024-01-15T15:47:00,49.25,45.79,702.0,False
2024-01-15T15:47:30,52.61,53.96,685.5,False
2024-01-15T15:48:00,55.21,56.03,745.8,False
2024-01-15T15:48:30,51.48,51.36,668.8,False
2024-01-15T15:49:00,57.27,54.27,806.0,False
2024-01-15T15:49:30,50.93,52.48,677.5,False
2024-01-15T15:50:00,53.67,56.3,706.5,False
2024-01-15T15:50:30,52.76,53.64,754.6,False
2024-01-15T15:51:00,55.0,57.49,712.1,False
2024-01-15T15:51:30,52.58,55.61,711.8,False
2024-01-15T15:52:00,53.67,53.44,623.9,False
2024-01-15T15:52:30,53.77,50.81,717.2,False
2024-01-15T15:53:00,52.26,52.74,741.9,False
2024-01-15T15:53:30,55.91,56.08,722.2,False
2024-01-15T15:54:00,55.16,54.77,763.7,False
2024-01-15T15:54:30,54.17,55.42,732.7,False
2024-01-15T15:55:00,53.14,55.37,768.6,False
2024-01-15T15:55:30,56.81,56.54,725.0,False
2024-01-15T15:56:00,53.7,53.37,719.9,False
2024-01-15T15:56:30,53.48,54.85,669.0,False
2024-01-15T15:57:00,54.7,58.9,733.9,False
2024-01-15T15:57:30,59.46,53.83,758.8,False
2024-01-15T15:58:00,50.34,53.23,741.1,False
2024-01-15T15:58:30,56.66,59.08,728.3,False
2024-01-15T15:59:00,48.66,49.07,672.3,False
2024-01-15T15:59:30,54.98,56.58,712.8,False
2024-01-15T16:00:00,59.04,58.88,773.4,False
2024-01-15T16:00:30,55.77,52.02,825.7,False
2024-01-15T16:01:00,54.81,55.92,598.6,False
2024-01-15T16:01:30,52.6,52.85,718.9,False
2024-01-15T16:02:00,54.37,54.15,781.9,False
2024-01-15T16:02:30,53.5,53.2,707.5,False
2024-01-15T16:03:00,51.89,55.67,736.2,False
2024-01-15T16:03:30,53.37,53.56,774.0,False
2024-01-15T16:04:00,54.82,53.58,727.5,False
2024-01-15T16:04:30,51.91,52.16,689.2,False
2024-01-15T16:05:00,51.78,52.31,751.7,False
2024-01-15T16:05:30,50.11,50.0,720.7,False
2024-01-15T16:06:00,55.35,53.83,740.3,False
2024-01-15T16:06:30,55.8,55.24,770.8,False
2024-01-15T16:07:00,54.85,55.34,777.2,False
2024-01-15T16:07:30,57.03,58.03,754.2,False
2024-01-15T16:08:00,54.39,54.79,747.3,False
2024-01-15T16:08:30,55.29,53.81,763.2,False
2024-01-15T16:09:00,55.01,52.6,721.6,False
2024-01-15T16:09:30,53.81,54.61,778.0,False
2024-01-15T16:10:00,52.48,53.12,678.6,False
2024-01-15T16:10:30,60.7,57.3,780.4,False
2024-01-15T16:11:00,52.69,53.99,752.2,False
2024-01-15T16:11:30,52.04,54.18,674.0,False
2024-01-15T16:12:00,55.32,55.32,777.4,False
2024-01-15T16:12:30,54.76,54.16,745.7,False
2024-01-15T16:13:00,49.78,50.41,751.2,False
2024-01-15T16:13:30,57.35,54.58,783.3,False
2024-01-15T16:14:00,53.68,55.67,723.0,False
2024-01-15T16:14:30,50.62,51.59,714.2,False
2024-01-15T16:15:00,57.5,53.19,770.7,False
2024-01-15T16:15:30,55.8,57.35,827.3,False
2024-01-15T16:16:00,50.12,50.31,704.3,False
2024-01-15T16:16:30,59.23,56.82,768.3,False
2024-01-15T16:17:00,55.86,56.05,739.0,False
2024-01-15T16:17:30,53.84,54.06,738.2,False
2024-01-15T16:18:00,58.62,51.5,723.6,False
2024-01-15T16:18:30,54.32,55.08,719.2,False
2024-01-15T16:19:00,53.74,56.67,689.4,False
2024-01-15T16:19:30,51.83,54.63,679.4,False
2024-01-15T16:20:00,55.54,50.67,776.5,False
2024-01-15T16:20:30,55.21,59.01,742.7,False
2024-01-15T16:21:00,53.81,51.4,700.8,False
2024-01-15T16:21:30,51.38,50.68,705.0,False
2024-01-15T16:22:00,54.12,55.78,723.1,False
2024-01-15T16:22:30,53.51,54.81,730.2,False
2024-01-15T16:23:00,49.7,52.17,637.3,False
2024-01-15T16:23:30,49.27,50.65,650.5,False
2024-01-15T16:24:00,55.37,57.5,685.3,False
2024-01-15T16:24:30,45.85,50.01,630.8,False
2024-01-15T16:25:00,54.26,51.16,705.1,False
2024-01-15T16:25:30,52.19,55.72,676.1,False
2024-01-15T16:26:00,57.53,56.37,790.8,False
2024-01-15T16:26:30,52.11,55.45,790.5,False
2024-01-15T16:27:00,55.55,56.09,777.5,False
2024-01-15T16:27:30,52.37,58.14,696.3,False
2024-01-15T16:28:00,53.88,53.49,739.5,False
2024-01-15T16:28:30,55.74,55.07,743.2,False
2024-01-15T16:29:00,52.12,54.68,692.6,False
2024-01-15T16:29:30,56.48,54.81,804.9,False
2024-01-15T16:30:00,50.5,54.03,784.3,False
2024-01-15T16:30:30,54.34,48.46,676.0,False
2024-01-15T16:31:00,56.21,55.14,807.3,False
2024-01-15T16:31:30,55.41,54.68,719.6,False
2024-01-15T16:32:00,59.16,56.48,762.8,False
2024-01-15T16:32:30,51.1,50.98,720.1,False
2024-01-15T16:33:00,49.24,53.62,755.8,False
2024-01-15T16:33:30,50.38,51.37,714.3,False
2024-01-15T16:34:00,55.32,55.25,759.1,False
2024-01-15T16:34:30,54.82,54.52,772.7,False
2024-01-15T16:35:00,53.61,55.0,769.3,False
2024-01-15T16:35:30,49.92,55.02,719.8,False
2024-01-15T16:36:00,55.57,55.37,785.3,False
2024-01-15T16:36:30,49.58,53.67,672.7,False
2024-01-15T16:37:00,56.71,55.84,684.3,False
2024-01-15T16:37:30,61.79,57.08,867.3,False
2024-01-15T16:38:00,54.3,54.07,692.9,False
2024-01-15T16:38:30,54.93,54.1,718.1,False
2024-01-15T16:39:00,51.68,54.18,700.2,False
2024-01-15T16:39:30,47.71,51.28,661.6,False
2024-01-15T16:40:00,51.32,51.28,681.5,False
2024-01-15T16:40:30,49.83,51.68,717.2,False
2024-01-15T16:41:00,48.75,48.53,709.0,False
2024-01-15T16:41:30,58.24,55.96,790.7,False
2024-01-15T16:42:00,53.87,54.15,753.3,False
2024-01-15T16:42:30,54.17,57.92,716.7,False
2024-01-15T16:43:00,52.09,55.96,700.0,False
2024-01-15T16:43:30,52.48,51.39,764.6,False
2024-01-15T16:44:00,55.87,55.56,726.1,False
2024-01-15T16:44:30,52.86,54.09,701.2,False
2024-01-15T16:45:00,54.53,54.03,773.4,False
2024-01-15T16:45:30,52.33,53.05,717.9,False
2024-01-15T16:46:00,51.87,52.45,694.8,False
2024-01-15T16:46:30,48.66,55.3,669.4,False
2024-01-15T16:47:00,46.93,49.86,720.4,False
2024-01-15T16:47:30,52.06,53.94,739.9,False
2024-01-15T16:48:00,52.99,48.67,733.4,False
2024-01-15T16:48:30,48.94,53.35,644.9,False
2024-01-15T16:49:00,52.68,55.94,731.0,False
2024-01-15T16:49:30,52.92,51.59,714.9,False
2024-01-15T16:50:00,46.27,49.35,633.7,False
2024-01-15T16:50:30,49.97,53.13,675.7,False
2024-01-15T16:51:00,53.92,54.24,759.2,False
2024-01-15T16:51:30,53.84,55.09,780.4,False
2024-01-15T16:52:00,49.2,51.27,651.3,False
2024-01-15T16:52:30,53.11,57.53,687.7,False
2024-01-15T16:53:00,55.69,53.75,773.2,False
2024-01-15T16:53:30,54.93,60.09,723.1,False
2024-01-15T16:54:00,52.29,55.88,740.4,False
2024-01-15T16:54:30,51.15,54.49,692.3,False
2024-01-15T16:55:00,50.65,50.49,728.3,False
2024-01-15T16:55:30,53.92,56.03,676.4,False
2024-01-15T16:56:00,53.08,55.0,746.6,False
2024-01-15T16:56:30,54.36,50.2,650.9,False
2024-01-15T16:57:00,52.85,50.87,759.8,False
2024-01-15T16:57:30,54.88,55.42,737.7,False
2024-01-15T16:58:00,52.69,53.34,739.2,False
2024-01-15T16:58:30,54.74,53.6,747.4,False
2024-01-15T16:59:00,54.98,56.91,671.6,False
2024-01-15T16:59:30,49.93,50.46,754.1,False
2024-01-15T17:00:00,46.9,49.8,688.5,False
2024-01-15T17:00:30,56.93,54.44,785.7,False
2024-01-15T17:01:00,53.05,54.81,692.4,False
2024-01-15T17:01:30,47.11,47.39,686.5,False
2024-01-15T17:02:00,50.09,51.32,648.3,False
2024-01-15T17:02:30,54.53,51.09,742.2,False
2024-01-15T17:03:00,51.35,52.32,673.2,False
2024-01-15T17:03:30,50.63,54.04,905.3,False
2024-01-15T17:04:00,56.35,56.93,775.0,False
2024-01-15T17:04:30,48.98,50.31,745.1,False
2024-01-15T17:05:00,49.7,53.2,687.6,False
2024-01-15T17:05:30,52.71,53.27,737.6,False
2024-01-15T17:06:00,53.22,56.62,762.0,False
2024-01-15T17:06:30,53.52,53.79,685.2,False
2024-01-15T17:07:00,54.74,48.71,711.0,False
2024-01-15T17:07:30,52.58,55.37,759.5,False
2024-01-15T17:08:00,53.43,53.09,718.7,False
2024-01-15T17:08:30,51.16,52.32,679.4,False
2024-01-15T17:09:00,52.1,54.02,691.6,False
2024-01-15T17:09:30,52.21,50.55,668.8,False
2024-01-15T17:10:00,52.51,53.7,641.7,False
2024-01-15T17:10:30,54.16,55.45,665.5,False
2024-01-15T17:11:00,53.49,54.77,729.7,False
2024-01-15T17:11:30,51.93,52.07,742.3,False
2024-01-15T17:12:00,49.35,53.96,795.5,False
2024-01-15T17:12:30,51.95,51.29,714.0,False
2024-01-15T17:13:00,51.64,51.88,661.9,False
2024-01-15T17:13:30,52.28,53.18,717.1,False
2024-01-15T17:14:00,58.3,57.05,794.5,False
2024-01-15T17:14:30,50.08,51.7,741.9,False
2024-01-15T17:15:00,52.9,56.22,760.5,False
2024-01-15T17:15:30,54.81,55.31,761.4,False
2024-01-15T17:16:00,51.87,53.4,718.8,False
2024-01-15T17:16:30,58.57,57.12,798.0,False
2024-01-15T17:17:00,50.4,53.98,655.8,False
2024-01-15T17:17:30,52.48,54.04,639.5,False
2024-01-15T17:18:00,49.09,48.24,776.4,False
2024-01-15T17:18:30,50.4,54.7,701.3,False
2024-01-15T17:19:00,52.18,53.65,738.8,False
2024-01-15T17:19:30,53.95,55.67,619.5,False
2024-01-15T17:20:00,52.34,52.69,780.5,False
2024-01-15T17:20:30,55.14,51.24,787.3,False
2024-01-15T17:21:00,51.05,48.3,645.8,False
2024-01-15T17:21:30,50.31,50.6,689.8,False
2024-01-15T17:22:00,59.39,58.06,785.8,False
2024-01-15T17:22:30,52.44,56.15,669.0,False
2024-01-15T17:23:00,49.07,52.48,712.1,False
2024-01-15T17:23:30,49.12,49.79,734.8,False
2024-01-15T17:24:00,48.35,49.95,699.8,False
2024-01-15T17:24:30,53.96,57.04,669.1,False
2024-01-15T17:25:00,50.04,49.74,658.8,False
2024-01-15T17:25:30,51.49,57.29,706.9,False
2024-01-15T17:26:00,50.89,56.54,697.1,False
2024-01-15T17:26:30,53.25,58.24,716.8,False
2024-01-15T17:27:00,48.48,52.35,677.3,False
2024-01-15T17:27:30,47.77,50.55,610.0,False
2024-01-15T17:28:00,51.65,53.89,745.4,False
2024-01-15T17:28:30,52.75,55.54,747.1,False
2024-01-15T17:29:00,51.92,52.01,736.2,False
2024-01-15T17:29:30,48.47,49.39,704.9,False
2024-01-15T17:30:00,52.9,53.24,711.8,False
2024-01-15T17:30:30,48.61,50.12,664.6,False
2024-01-15T17:31:00,49.25,54.47,653.3,False
2024-01-15T17:31:30,47.96,50.11,745.4,False
2024-01-15T17:32:00,54.66,54.89,736.5,False
2024-01-15T17:32:30,52.63,55.65,654.6,False
2024-01-15T17:33:00,52.52,56.19,719.0,False
2024-01-15T17:33:30,54.42,54.99,652.0,False
2024-01-15T17:34:00,59.09,57.68,782.6,False
2024-01-15T17:34:30,45.5,48.08,669.7,False
2024-01-15T17:35:00,48.38,53.61,665.4,False
2024-01-15T17:35:30,48.72,54.26,652.2,False
2024-01-15T17:36:00,47.99,47.63,706.4,False
2024-01-15T17:36:30,47.28,54.54,674.9,False
2024-01-15T17:37:00,49.59,50.77,619.0,False
2024-01-15T17:37:30,46.81,51.97,722.6,False
2024-01-15T17:38:00,51.44,53.25,673.9,False
2024-01-15T17:38:30,50.56,52.54,651.8,False
2024-01-15T17:39:00,51.82,52.88,768.9,False
2024-01-15T17:39:30,51.87,51.34,757.4,False
2024-01-15T17:40:00,52.13,54.5,700.2,False
2024-01-15T17:40:30,49.17,51.4,643.3,False
2024-01-15T17:41:00,56.63,53.09,716.6,False
2024-01-15T17:41:30,50.94,50.79,690.0,False
2024-01-15T17:42:00,44.62,47.12,705.6,False
2024-01-15T17:42:30,47.17,49.93,729.2,False
2024-01-15T17:43:00,44.93,50.83,666.1,False
2024-01-15T17:43:30,50.17,51.06,727.4,False
2024-01-15T17:44:00,49.73,54.21,689.5,False
2024-01-15T17:44:30,48.66,51.49,654.4,False
2024-01-15T17:45:00,56.07,54.86,688.5,False
2024-01-15T17:45:30,51.65,53.26,726.2,False
2024-01-15T17:46:00,52.16,56.27,753.3,False
2024-01-15T17:46:30,47.16,48.24,656.8,False
2024-01-15T17:47:00,46.92,54.18,722.9,False
2024-01-15T17:47:30,50.0,54.33,684.6,False
2024-01-15T17:48:00,50.38,52.56,706.4,False
2024-01-15T17:48:30,44.26,51.91,645.3,False
2024-01-15T17:49:00,49.26,51.4,743.6,False
2024-01-15T17:49:30,49.82,52.9,718.2,False
2024-01-15T17:50:00,49.1,50.88,690.5,False
2024-01-15T17:50:30,47.28,52.99,681.3,False
2024-01-15T17:51:00,48.07,50.04,637.0,False
2024-01-15T17:51:30,49.13,51.88,603.7,False
2024-01-15T17:52:00,49.9,53.73,677.9,False
2024-01-15T17:52:30,51.41,55.23,703.5,False
2024-01-15T17:53:00,52.81,52.19,743.7,False
2024-01-15T17:53:30,48.65,53.26,682.7,False
2024-01-15T17:54:00,48.14,49.53,666.3,False
2024-01-15T17:54:30,50.79,48.52,588.4,False
2024-01-15T17:55:00,51.28,51.58,731.3,False
2024-01-15T17:55:30,48.11,53.16,693.4,False
2024-01-15T17:56:00,51.76,53.29,746.6,False
2024-01-15T17:56:30,52.3,52.51,719.5,False
2024-01-15T17:57:00,53.2,54.15,771.5,False
2024-01-15T17:57:30,54.63,54.8,715.0,False
2024-01-15T17:58:00,46.67,52.02,671.7,False
2024-01-15T17:58:30,49.28,48.86,703.8,False
2024-01-15T17:59:00,49.24,51.86,720.3,False
2024-01-15T17:59:30,48.88,52.13,707.7,False
2024-01-15T18:00:00,47.19,48.31,696.7,False
2024-01-15T18:00:30,44.65,47.02,668.0,False
2024-01-15T18:01:00,49.36,51.4,687.2,False
2024-01-15T18:01:30,46.74,50.84,710.0,False
2024-01-15T18:02:00,49.28,52.11,627.2,False
2024-01-15T18:02:30,46.6,49.64,647.7,False
2024-01-15T18:03:00,45.66,49.09,728.9,False
2024-01-15T18:03:30,49.63,51.48,670.1,False
2024-01-15T18:04:00,49.35,52.73,691.6,False
2024-01-15T18:04:30,50.6,55.25,760.3,False
2024-01-15T18:05:00,55.39,50.71,738.1,False
2024-01-15T18:05:30,49.63,53.52,663.7,False
2024-01-15T18:06:00,50.22,52.35,749.7,False
2024-01-15T18:06:30,45.5,51.27,652.4,False
2024-01-15T18:07:00,44.84,52.26,649.9,False
2024-01-15T18:07:30,53.42,52.67,648.1,False
2024-01-15T18:08:00,45.87,52.29,661.9,False
2024-01-15T18:08:30,45.48,47.7,691.1,False
2024-01-15T18:09:00,48.46,51.96,670.4,False
2024-01-15T18:09:30,48.27,51.13,634.9,False
2024-01-15T18:10:00,45.8,50.47,647.2,False
2024-01-15T18:10:30,47.56,49.28,655.9,False
2024-01-15T18:11:00,52.14,54.42,706.9,False
2024-01-15T18:11:30,46.0,53.65,647.3,False
2024-01-15T18:12:00,44.2,47.64,720.2,False
2024-01-15T18:12:30,51.18,53.45,721.5,False
2024-01-15T18:13:00,49.79,54.09,628.7,False
2024-01-15T18:13:30,46.42,50.11,674.2,False
2024-01-15T18:14:00,43.51,51.96,646.4,False
2024-01-15T18:14:30,45.99,49.62,715.7,False
2024-01-15T18:15:00,48.02,51.27,677.9,False
2024-01-15T18:15:30,51.65,51.33,705.8,False
2024-01-15T18:16:00,45.01,50.25,734.6,False
2024-01-15T18:16:30,47.83,51.42,639.9,False
2024-01-15T18:17:00,50.08,53.81,732.6,False
2024-01-15T18:17:30,40.88,46.67,629.6,False
2024-01-15T18:18:00,51.09,51.68,688.7,False
2024-01-15T18:18:30,44.41,50.63,629.3,False
2024-01-15T18:19:00,48.92,54.76,745.7,False
2024-01-15T18:19:30,48.63,53.08,707.6,False
2024-01-15T18:20:00,51.11,56.76,732.9,False
2024-01-15T18:20:30,49.48,53.36,731.4,False
2024-01-15T18:21:00,40.66,48.88,638.9,False
2024-01-15T18:21:30,45.4,51.57,620.8,False
2024-01-15T18:22:00,48.14,54.56,622.2,False
2024-01-15T18:22:30,47.1,53.54,738.4,False
2024-01-15T18:23:00,62.36,56.52,1107.2,False
2024-01-15T18:23:30,75.63,66.93,1208.2,False
2024-01-15T18:24:00,88.9,72.5,1383.4,False
2024-01-15T18:24:30,89.54,71.9,1273.8,False
2024-01-15T18:25:00,88.82,68.39,1209.7,False
2024-01-15T18:25:30,88.4,68.64,1234.7,False
2024-01-15T18:26:00,89.97,71.78,1298.5,False
2024-01-15T18:26:30,87.44,68.32,1304.2,False
2024-01-15T18:27:00,86.53,70.11,1347.9,False
2024-01-15T18:27:30,89.12,73.52,1346.7,False
2024-01-15T18:28:00,88.76,70.75,1207.6,False
2024-01-15T18:28:30,87.54,71.47,1412.4,False
2024-01-15T18:29:00,87.19,68.99,1281.1,False
2024-01-15T18:29:30,90.83,73.55,1375.7,False
2024-01-15T18:30:00,89.36,73.23,1336.7,False
2024-01-15T18:30:30,88.92,69.15,1311.5,False
2024-01-15T18:31:00,91.09,71.58,1319.3,False
2024-01-15T18:31:30,74.97,62.49,1155.3,False
2024-01-15T18:32:00,63.2,60.16,1054.1,False
2024-01-15T18:32:30,47.83,51.79,976.0,False
2024-01-15T18:33:00,38.67,46.4,553.9,True
2024-01-15T18:33:30,38.42,46.12,673.2,True
2024-01-15T18:34:00,39.19,47.41,617.4,True
2024-01-15T18:34:30,42.95,49.33,727.3,True
2024-01-15T18:35:00,39.79,46.07,600.9,True
2024-01-15T18:35:30,33.64,42.72,545.5,True
2024-01-15T18:36:00,38.48,46.29,631.4,True
2024-01-15T18:36:30,40.12,46.85,610.6,True
2024-01-15T18:37:00,40.23,51.41,660.8,True
2024-01-15T18:37:30,36.3,44.56,647.9,True
2024-01-15T18:38:00,50.11,52.81,744.8,False
2024-01-15T18:38:30,49.36,52.79,749.5,False
2024-01-15T18:39:00,54.26,57.11,766.8,False
2024-01-15T18:39:30,44.26,47.69,632.1,False
2024-01-15T18:40:00,44.95,52.34,705.2,False
2024-01-15T18:40:30,45.52,49.65,692.0,False
2024-01-15T18:41:00,44.93,54.66,634.7,False
2024-01-15T18:41:30,43.69,49.76,629.9,False
2024-01-15T18:42:00,38.04,43.75,600.6,False
2024-01-15T18:42:30,44.99,49.29,704.4,False
2024-01-15T18:43:00,47.36,53.55,683.6,False
2024-01-15T18:43:30,44.74,49.73,657.7,False
2024-01-15T18:44:00,51.99,53.07,709.6,False
2024-01-15T18:44:30,46.19,51.73,655.4,False
2024-01-15T18:45:00,49.98,51.5,653.3,False
2024-01-15T18:45:30,46.86,50.21,706.7,False
2024-01-15T18:46:00,48.52,49.57,647.4,False
2024-01-15T18:46:30,46.84,54.08,677.4,False
2024-01-15T18:47:00,50.07,49.8,684.2,False
2024-01-15T18:47:30,46.1,50.59,699.4,False
2024-01-15T18:48:00,47.38,51.86,665.4,False
2024-01-15T18:48:30,46.96,50.66,635.4,False
2024-01-15T18:49:00,44.95,47.18,699.2,False
2024-01-15T18:49:30,47.0,48.71,642.9,False
2024-01-15T18:50:00,52.45,54.48,725.8,False
2024-01-15T18:50:30,44.9,48.11,710.1,False
2024-01-15T18:51:00,46.93,46.54,646.2,False
2024-01-15T18:51:30,49.41,52.7,691.1,False
2024-01-15T18:52:00,49.02,49.99,674.9,False
2024-01-15T18:52:30,45.6,51.28,670.0,False
2024-01-15T18:53:00,38.37,46.01,604.3,False
2024-01-15T18:53:30,47.04,50.24,713.1,False
2024-01-15T18:54:00,38.79,46.73,585.5,False
2024-01-15T18:54:30,49.82,49.86,749.5,False
2024-01-15T18:55:00,45.88,48.52,731.3,False
2024-01-15T18:55:30,48.34,50.88,697.0,False
2024-01-15T18:56:00,42.59,46.24,609.1,False
2024-01-15T18:56:30,40.61,48.96,623.2,False
2024-01-15T18:57:00,46.01,49.63,663.1,False
2024-01-15T18:57:30,45.09,46.88,731.6,False
2024-01-15T18:58:00,43.68,47.96,645.3,False
2024-01-15T18:58:30,45.37,50.13,718.2,False
2024-01-15T18:59:00,53.38,53.04,731.5,False
2024-01-15T18:59:30,47.54,51.81,682.2,False
2024-01-15T19:00:00,48.15,52.47,671.0,False
2024-01-15T19:00:30,47.49,55.8,669.5,False
2024-01-15T19:01:00,49.36,54.23,730.5,False
2024-01-15T19:01:30,44.32,46.13,625.3,False
2024-01-15T19:02:00,38.68,45.87,647.9,False
2024-01-15T19:02:30,44.24,48.84,711.6,False
2024-01-15T19:03:00,47.21,52.01,654.0,False
2024-01-15T19:03:30,41.82,46.3,682.9,False
2024-01-15T19:04:00,44.17,48.28,695.3,False
2024-01-15T19:04:30,42.58,46.06,675.4,False
2024-01-15T19:05:00,49.13,50.62,667.6,False
2024-01-15T19:05:30,46.83,49.55,669.9,False
2024-01-15T19:06:00,46.5,49.89,667.2,False
2024-01-15T19:06:30,46.37,48.08,754.6,False
2024-01-15T19:07:00,44.35,51.41,654.4,False
2024-01-15T19:07:30,45.02,50.72,652.8,False
2024-01-15T19:08:00,40.83,44.79,580.8,False
2024-01-15T19:08:30,37.79,46.22,563.5,False
2024-01-15T19:09:00,44.76,46.52,630.7,False
2024-01-15T19:09:30,45.25,52.58,676.4,False
2024-01-15T19:10:00,47.86,54.43,625.9,False
2024-01-15T19:10:30,48.91,51.62,664.6,False
2024-01-15T19:11:00,48.87,50.01,616.5,False
2024-01-15T19:11:30,41.12,46.51,685.1,False
2024-01-15T19:12:00,43.02,47.88,648.4,False
2024-01-15T19:12:30,45.48,49.81,676.3,False
2024-01-15T19:13:00,51.6,55.82,669.2,False
2024-01-15T19:13:30,48.4,53.4,733.7,False
2024-01-15T19:14:00,47.28,52.87,738.4,False
2024-01-15T19:14:30,42.72,48.99,644.4,False
2024-01-15T19:15:00,41.2,45.58,610.4,False
2024-01-15T19:15:30,46.17,48.84,691.5,False
2024-01-15T19:16:00,40.47,47.65,653.1,False
2024-01-15T19:16:30,43.01,46.4,678.9,False
2024-01-15T19:17:00,43.34,49.58,673.3,False
2024-01-15T19:17:30,48.43,53.12,726.0,False
2024-01-15T19:18:00,42.55,49.66,612.7,False
2024-01-15T19:18:30,36.25,46.44,626.5,False
2024-01-15T19:19:00,45.04,46.09,642.2,False
2024-01-15T19:19:30,41.39,50.67,530.8,False
2024-01-15T19:20:00,43.58,45.96,630.1,False
2024-01-15T19:20:30,43.15,48.58,623.1,False
2024-01-15T19:21:00,42.55,49.82,650.1,False
2024-01-15T19:21:30,45.7,50.88,699.2,False
2024-01-15T19:22:00,38.7,44.1,617.3,False
2024-01-15T19:22:30,41.7,45.97,714.0,False
2024-01-15T19:23:00,45.27,50.52,641.1,False
2024-01-15T19:23:30,41.33,49.0,551.2,False
2024-01-15T19:24:00,38.31,44.26,617.6,False
2024-01-15T19:24:30,45.1,50.65,639.0,False
2024-01-15T19:25:00,46.42,47.5,628.0,False
2024-01-15T19:25:30,42.88,50.01,631.1,False
2024-01-15T19:26:00,37.09,44.1,565.4,False
2024-01-15T19:26:30,45.05,50.01,633.0,False
2024-01-15T19:27:00,37.92,46.11,664.2,False
2024-01-15T19:27:30,43.78,51.54,655.2,False
2024-01-15T19:28:00,40.15,47.89,610.6,False
2024-01-15T19:28:30,39.29,45.78,678.3,False
2024-01-15T19:29:00,41.41,48.76,619.4,False
2024-01-15T19:29:30,42.14,52.69,587.9,False
2024-01-15T19:30:00,40.72,49.18,572.7,False
2024-01-15T19:30:30,44.38,49.41,651.8,False
2024-01-15T19:31:00,41.23,46.29,564.2,False
2024-01-15T19:31:30,45.47,48.84,616.9,False
2024-01-15T19:32:00,43.34,50.37,631.4,False
2024-01-15T19:32:30,40.36,45.75,668.1,False
2024-01-15T19:33:00,39.81,47.26,670.2,False
2024-01-15T19:33:30,37.43,48.93,625.8,False
2024-01-15T19:34:00,43.2,49.25,645.5,False
2024-01-15T19:34:30,41.23,45.8,607.0,False
2024-01-15T19:35:00,35.13,49.27,596.6,False
2024-01-15T19:35:30,40.6,51.18,696.1,False
2024-01-15T19:36:00,39.46,48.09,621.4,False
2024-01-15T19:36:30,46.85,53.33,656.3,False
2024-01-15T19:37:00,36.98,45.31,589.5,False
2024-01-15T19:37:30,37.72,47.67,591.1,False
2024-01-15T19:38:00,45.33,49.18,684.6,False
2024-01-15T19:38:30,46.03,47.67,637.7,False
2024-01-15T19:39:00,39.69,52.39,633.7,False
2024-01-15T19:39:30,39.99,44.54,642.6,False
2024-01-15T19:40:00,43.69,49.8,663.3,False
2024-01-15T19:40:30,34.82,45.35,535.1,False
2024-01-15T19:41:00,36.17,46.49,583.4,False
2024-01-15T19:41:30,40.88,47.63,605.9,False
2024-01-15T19:42:00,46.33,50.38,667.7,False
2024-01-15T19:42:30,40.33,47.81,596.0,False
2024-01-15T19:43:00,41.9,49.28,684.9,False
2024-01-15T19:43:30,44.95,49.85,667.1,False
2024-01-15T19:44:00,47.83,51.16,617.9,False
2024-01-15T19:44:30,39.74,44.61,564.7,False
2024-01-15T19:45:00,41.38,52.1,679.2,False
2024-01-15T19:45:30,46.85,51.88,667.6,False
2024-01-15T19:46:00,36.78,46.19,578.6,False
2024-01-15T19:46:30,44.39,48.33,700.2,False
2024-01-15T19:47:00,38.21,44.48,599.6,False
2024-01-15T19:47:30,41.53,49.87,584.4,False
2024-01-15T19:48:00,40.45,47.3,578.5,False
2024-01-15T19:48:30,38.26,47.76,631.2,False
2024-01-15T19:49:00,38.15,43.76,686.4,False
2024-01-15T19:49:30,41.88,51.43,668.7,False
2024-01-15T19:50:00,44.0,51.2,636.7,False
2024-01-15T19:50:30,40.58,47.53,615.6,False
2024-01-15T19:51:00,41.14,48.9,631.1,False
2024-01-15T19:51:30,42.6,50.18,560.0,False
2024-01-15T19:52:00,37.93,43.69,604.4,False
2024-01-15T19:52:30,43.02,52.27,667.6,False
2024-01-15T19:53:00,43.22,49.98,716.7,False
2024-01-15T19:53:30,48.53,50.26,731.9,False
2024-01-15T19:54:00,39.55,44.99,693.6,False
2024-01-15T19:54:30,39.26,49.01,681.3,False
2024-01-15T19:55:00,42.9,49.28,699.0,False
2024-01-15T19:55:30,43.01,49.88,645.1,False
2024-01-15T19:56:00,38.91,46.92,625.1,False
2024-01-15T19:56:30,39.26,45.04,547.3,False
2024-01-15T19:57:00,42.05,49.46,641.6,False
2024-01-15T19:57:30,37.9,45.97,625.9,False
2024-01-15T19:58:00,39.11,46.93,601.6,False
2024-01-15T19:58:30,40.57,52.46,562.9,False
2024-01-15T19:59:00,43.25,50.78,709.3,False
2024-01-15T19:59:30,38.4,48.48,623.5,False
2024-01-15T20:00:00,34.65,50.19,646.0,False
2024-01-15T20:00:30,34.38,45.39,604.8,False
2024-01-15T20:01:00,36.31,45.82,645.2,False
2024-01-15T20:01:30,36.11,44.13,635.4,False
2024-01-15T20:02:00,39.54,46.3,589.2,False
2024-01-15T20:02:30,36.4,41.54,570.8,False
2024-01-15T20:03:00,37.81,47.92,585.4,False
2024-01-15T20:03:30,37.56,43.68,561.8,False
2024-01-15T20:04:00,38.52,48.5,678.7,False
2024-01-15T20:04:30,43.76,49.23,651.8,False
2024-01-15T20:05:00,41.74,48.57,652.3,False
2024-01-15T20:05:30,39.76,47.24,564.8,False
2024-01-15T20:06:00,38.29,49.36,639.0,False
2024-01-15T20:06:30,38.33,49.03,590.2,False
2024-01-15T20:07:00,40.57,47.67,675.0,False
2024-01-15T20:07:30,41.29,46.3,602.9,False
2024-01-15T20:08:00,36.78,47.68,647.5,False
2024-01-15T20:08:30,39.57,45.28,654.2,False
2024-01-15T20:09:00,33.32,41.0,547.9,False
2024-01-15T20:09:30,40.01,48.45,676.8,False
2024-01-15T20:10:00,41.62,50.7,678.9,False
2024-01-15T20:10:30,38.45,45.87,627.2,False
2024-01-15T20:11:00,44.69,50.61,617.8,False
2024-01-15T20:11:30,36.56,44.91,624.5,False
2024-01-15T20:12:00,39.81,48.81,621.1,False
2024-01-15T20:12:30,39.01,49.16,614.0,False
2024-01-15T20:13:00,38.77,46.32,613.1,False
2024-01-15T20:13:30,38.69,44.75,608.3,False
2024-01-15T20:14:00,39.31,44.21,579.8,False
2024-01-15T20:14:30,41.49,50.06,571.3,False
2024-01-15T20:15:00,43.04,46.71,575.4,False
2024-01-15T20:15:30,38.85,47.64,622.8,False
2024-01-15T20:16:00,41.26,49.66,533.1,False
2024-01-15T20:16:30,36.67,44.81,622.4,False
2024-01-15T20:17:00,41.03,47.66,648.5,False
2024-01-15T20:17:30,36.4,47.68,579.1,False
2024-01-15T20:18:00,41.92,46.82,676.4,False
2024-01-15T20:18:30,45.23,48.28,651.5,False
2024-01-15T20:19:00,38.19,46.11,622.3,False
2024-01-15T20:19:30,31.94,46.01,477.2,False
2024-01-15T20:20:00,36.83,49.12,505.0,False
2024-01-15T20:20:30,42.13,48.35,627.6,False
2024-01-15T20:21:00,40.05,46.09,637.3,False
2024-01-15T20:21:30,39.09,49.16,650.7,False
2024-01-15T20:22:00,41.33,44.82,623.5,False
2024-01-15T20:22:30,39.71,47.84,627.6,False
2024-01-15T20:23:00,41.87,48.34,666.4,False
2024-01-15T20:23:30,40.93,50.55,622.3,False
2024-01-15T20:24:00,42.69,51.63,665.0,False
2024-01-15T20:24:30,39.16,45.19,568.1,False
2024-01-15T20:25:00,40.76,48.21,559.8,False
2024-01-15T20:25:30,37.08,44.9,575.3,False
2024-01-15T20:26:00,36.15,44.99,620.2,False
2024-01-15T20:26:30,43.03,50.26,615.8,False
2024-01-15T20:27:00,38.52,46.1,634.2,False
2024-01-15T20:27:30,40.24,48.02,580.9,False
2024-01-15T20:28:00,38.15,48.5,581.9,False
2024-01-15T20:28:30,35.98,48.53,597.5,False
2024-01-15T20:29:00,37.73,46.95,575.1,False
2024-01-15T20:29:30,41.96,48.73,615.8,False
2024-01-15T20:30:00,39.28,44.94,509.9,False
2024-01-15T20:30:30,32.43,46.9,593.0,False
2024-01-15T20:31:00,36.88,46.95,590.3,False
2024-01-15T20:31:30,42.83,49.21,604.8,False
2024-01-15T20:32:00,36.8,46.09,667.7,False
2024-01-15T20:32:30,31.99,44.24,524.4,False
2024-01-15T20:33:00,43.03,50.58,623.6,False
2024-01-15T20:33:30,39.35,48.99,576.4,False
2024-01-15T20:34:00,37.05,49.28,640.6,False
2024-01-15T20:34:30,36.11,46.07,646.2,False
2024-01-15T20:35:00,40.42,51.25,676.8,False
2024-01-15T20:35:30,35.51,47.4,637.0,False
2024-01-15T20:36:00,40.54,47.68,600.4,False
2024-01-15T20:36:30,38.67,43.54,676.3,False
2024-01-15T20:37:00,37.74,46.58,594.1,False
2024-01-15T20:37:30,37.4,49.35,537.5,False
2024-01-15T20:38:00,36.39,44.18,574.1,False
2024-01-15T20:38:30,40.01,47.71,633.1,False
2024-01-15T20:39:00,34.23,44.99,548.1,False
2024-01-15T20:39:30,31.92,45.39,561.2,False
2024-01-15T20:40:00,38.59,46.06,630.2,False
2024-01-15T20:40:30,38.59,45.1,625.2,False
2024-01-15T20:41:00,38.1,47.74,631.0,False
2024-01-15T20:41:30,37.84,44.98,595.5,False
2024-01-15T20:42:00,35.61,41.68,555.8,False
2024-01-15T20:42:30,38.89,50.68,552.3,False
2024-01-15T20:43:00,36.35,47.58,587.2,False
2024-01-15T20:43:30,34.98,48.81,558.3,False
2024-01-15T20:44:00,35.46,47.03,578.9,False
2024-01-15T20:44:30,42.41,50.13,556.5,False
2024-01-15T20:45:00,31.1,43.85,488.1,False
2024-01-15T20:45:30,37.76,46.07,622.5,False
2024-01-15T20:46:00,31.18,44.18,484.0,False
2024-01-15T20:46:30,35.85,44.38,579.2,False
2024-01-15T20:47:00,34.83,42.84,545.4,False
2024-01-15T20:47:30,29.84,41.82,502.9,False
2024-01-15T20:48:00,37.21,48.76,601.1,False
2024-01-15T20:48:30,34.86,42.54,580.0,False
2024-01-15T20:49:00,29.66,39.97,559.1,False
2024-01-15T20:49:30,38.43,47.97,563.4,False
2024-01-15T20:50:00,40.18,46.83,586.0,False
2024-01-15T20:50:30,40.3,48.7,667.3,False
2024-01-15T20:51:00,36.86,47.99,585.9,False
2024-01-15T20:51:30,35.88,46.44,601.7,False
2024-01-15T20:52:00,39.68,46.16,597.6,False
2024-01-15T20:52:30,40.7,50.5,643.8,False
2024-01-15T20:53:00,39.01,48.57,512.5,False
2024-01-15T20:53:30,32.74,44.01,608.0,False
2024-01-15T20:54:00,36.13,45.61,570.8,False
2024-01-15T20:54:30,36.8,46.74,544.4,False
2024-01-15T20:55:00,30.01,41.97,497.6,False
2024-01-15T20:55:30,36.8,42.73,583.9,False
2024-01-15T20:56:00,42.17,50.18,632.9,False
2024-01-15T20:56:30,37.23,47.59,603.4,False
2024-01-15T20:57:00,39.68,42.83,569.8,False
2024-01-15T20:57:30,35.77,46.5,621.0,False
2024-01-15T20:58:00,34.95,48.59,558.7,False
2024-01-15T20:58:30,36.27,43.48,567.2,False
2024-01-15T20:59:00,32.64,43.78,552.1,False
2024-01-15T20:59:30,32.15,43.32,583.7,False
2024-01-15T21:00:00,38.8,50.33,609.0,False
2024-01-15T21:00:30,39.07,49.39,390.9,False
2024-01-15T21:01:00,31.94,41.82,342.6,False
2024-01-15T21:01:30,37.77,47.18,451.0,False
2024-01-15T21:02:00,34.56,49.5,418.7,False
2024-01-15T21:02:30,35.8,44.26,401.0,False
2024-01-15T21:03:00,36.12,45.65,394.9,False
2024-01-15T21:03:30,37.68,47.48,494.0,False
2024-01-15T21:04:00,34.9,43.85,397.7,False
2024-01-15T21:04:30,38.84,50.56,417.9,False
2024-01-15T21:05:00,35.49,44.42,375.9,False
2024-01-15T21:05:30,36.39,43.04,405.4,False
2024-01-15T21:06:00,31.98,42.56,234.0,False
2024-01-15T21:06:30,40.91,49.38,468.4,False
2024-01-15T21:07:00,35.8,43.93,335.5,False
2024-01-15T21:07:30,36.48,46.47,363.2,False
2024-01-15T21:08:00,29.48,43.49,279.8,False
2024-01-15T21:08:30,31.79,41.11,324.9,False
2024-01-15T21:09:00,37.93,45.47,389.8,False
2024-01-15T21:09:30,35.03,45.85,415.8,False
2024-01-15T21:10:00,28.39,43.23,378.7,False
2024-01-15T21:10:30,37.2,45.16,475.2,False
2024-01-15T21:11:00,32.41,44.15,363.4,False
2024-01-15T21:11:30,38.23,46.19,397.1,False
2024-01-15T21:12:00,33.69,45.94,400.7,False
2024-01-15T21:12:30,34.52,45.94,342.0,False
2024-01-15T21:13:00,37.4,45.6,360.6,False
2024-01-15T21:13:30,31.13,44.17,334.4,False
2024-01-15T21:14:00,30.8,42.22,345.1,False
2024-01-15T21:14:30,33.15,45.14,282.5,False
2024-01-15T21:15:00,36.17,46.68,432.1,False
2024-01-15T21:15:30,29.66,47.22,346.8,False
2024-01-15T21:16:00,28.6,41.28,360.7,False
2024-01-15T21:16:30,36.03,45.39,325.4,False
2024-01-15T21:17:00,31.71,42.22,327.1,False
2024-01-15T21:17:30,32.3,41.74,329.8,False
2024-01-15T21:18:00,27.86,40.68,314.8,False
2024-01-15T21:18:30,31.35,44.67,349.5,False
2024-01-15T21:19:00,33.32,45.8,401.4,False
2024-01-15T21:19:30,36.09,46.3,392.7,False
2024-01-15T21:20:00,30.94,42.55,317.9,False
2024-01-15T21:20:30,38.19,45.77,493.0,False
2024-01-15T21:21:00,31.12,41.39,338.3,False
2024-01-15T21:21:30,31.08,42.09,312.3,False
2024-01-15T21:22:00,37.7,43.93,326.2,False
2024-01-15T21:22:30,33.67,47.23,373.0,False
2024-01-15T21:23:00,31.34,47.02,378.4,False
2024-01-15T21:23:30,32.49,40.05,314.3,False
2024-01-15T21:24:00,36.97,46.74,420.7,False
2024-01-15T21:24:30,37.26,46.86,401.5,False
2024-01-15T21:25:00,30.37,43.28,272.0,False
2024-01-15T21:25:30,32.65,42.82,386.2,False
2024-01-15T21:26:00,33.01,46.23,353.4,False
2024-01-15T21:26:30,29.73,43.37,292.8,False
2024-01-15T21:27:00,32.48,46.0,398.1,False
2024-01-15T21:27:30,32.62,42.52,398.5,False
2024-01-15T21:28:00,35.98,42.91,342.0,False
2024-01-15T21:28:30,36.14,46.63,400.9,False
2024-01-15T21:29:00,31.49,41.51,360.0,False
2024-01-15T21:29:30,31.79,45.7,351.6,False
2024-01-15T21:30:00,34.38,40.63,354.4,False
2024-01-15T21:30:30,30.59,42.05,338.8,False
2024-01-15T21:31:00,34.07,43.5,410.1,False
2024-01-15T21:31:30,32.0,43.03,372.3,False
2024-01-15T21:32:00,29.31,42.88,257.4,False
2024-01-15T21:32:30,29.3,43.15,248.7,False
2024-01-15T21:33:00,36.47,47.22,317.5,False
2024-01-15T21:33:30,31.62,45.02,298.6,False
2024-01-15T21:34:00,36.96,45.85,365.5,False
2024-01-15T21:34:30,30.46,47.16,325.6,False
2024-01-15T21:35:00,32.83,46.9,360.0,False
2024-01-15T21:35:30,39.09,46.63,411.4,False
2024-01-15T21:36:00,28.7,41.79,327.6,False
2024-01-15T21:36:30,26.13,40.12,354.8,False
2024-01-15T21:37:00,35.64,46.26,318.1,False
2024-01-15T21:37:30,29.26,40.4,347.5,False
2024-01-15T21:38:00,31.64,41.96,366.3,False
2024-01-15T21:38:30,29.9,38.33,288.7,False
2024-01-15T21:39:00,32.42,43.13,380.7,False
2024-01-15T21:39:30,28.72,44.21,344.7,False
2024-01-15T21:40:00,30.99,42.91,346.2,False
2024-01-15T21:40:30,32.83,43.95,266.0,False
2024-01-15T21:41:00,28.42,42.49,365.9,False
2024-01-15T21:41:30,29.3,40.37,343.5,False
2024-01-15T21:42:00,30.31,42.94,358.6,False
2024-01-15T21:42:30,27.03,43.03,180.6,False
2024-01-15T21:43:00,30.0,43.35,318.8,False
2024-01-15T21:43:30,31.58,45.48,295.3,False
2024-01-15T21:44:00,29.99,45.26,391.6,False
2024-01-15T21:44:30,30.33,44.23,298.4,False
2024-01-15T21:45:00,31.04,41.83,407.5,False
2024-01-15T21:45:30,29.09,41.6,370.8,False
2024-01-15T21:46:00,33.09,48.15,373.5,False
2024-01-15T21:46:30,35.28,46.01,427.6,False
2024-01-15T21:47:00,29.53,42.87,298.5,False
2024-01-15T21:47:30,32.34,42.2,328.1,False
2024-01-15T21:48:00,30.12,42.63,377.9,False
2024-01-15T21:48:30,31.9,45.13,317.6,False
2024-01-15T21:49:00,35.45,45.51,330.6,False
2024-01-15T21:49:30,32.24,42.83,345.1,False
2024-01-15T21:50:00,25.35,39.86,267.5,False
2024-01-15T21:50:30,31.99,46.14,430.5,False
2024-01-15T21:51:00,34.28,46.24,405.3,False
2024-01-15T21:51:30,29.88,43.77,316.0,False
2024-01-15T21:52:00,33.49,45.39,327.8,False
2024-01-15T21:52:30,28.39,39.59,340.7,False
2024-01-15T21:53:00,25.96,41.29,355.2,False
2024-01-15T21:53:30,30.8,45.3,358.0,False
2024-01-15T21:54:00,25.06,39.78,262.5,False
2024-01-15T21:54:30,29.57,44.51,279.1,False
2024-01-15T21:55:00,34.11,45.91,357.7,False
2024-01-15T21:55:30,24.47,41.66,308.4,False
2024-01-15T21:56:00,26.32,41.04,291.8,False
2024-01-15T21:56:30,27.02,43.06,356.5,False
2024-01-15T21:57:00,29.89,39.79,360.2,False
2024-01-15T21:57:30,28.94,42.31,341.0,False
2024-01-15T21:58:00,34.19,46.3,393.8,False
2024-01-15T21:58:30,32.81,44.78,306.9,False
2024-01-15T21:59:00,31.39,45.67,331.2,False
2024-01-15T21:59:30,30.3,42.62,300.8,False
2024-01-15T22:00:00,31.0,42.19,363.4,False
2024-01-15T22:00:30,27.2,38.11,276.6,False
2024-01-15T22:01:00,32.31,43.4,361.8,False
2024-01-15T22:01:30,26.36,42.0,304.3,False
2024-01-15T22:02:00,32.16,45.39,381.3,False
2024-01-15T22:02:30,33.17,41.58,317.5,False
2024-01-15T22:03:00,30.2,45.25,359.7,False
2024-01-15T22:03:30,29.0,40.35,289.2,False
2024-01-15T22:04:00,30.69,42.9,306.9,False
2024-01-15T22:04:30,20.86,37.09,261.2,False
2024-01-15T22:05:00,30.31,43.79,390.3,False
2024-01-15T22:05:30,29.02,42.5,298.5,False
2024-01-15T22:06:00,29.17,43.74,262.2,False
2024-01-15T22:06:30,31.4,47.19,313.4,False
2024-01-15T22:07:00,29.01,43.11,316.7,False
2024-01-15T22:07:30,25.77,39.54,381.0,False
2024-01-15T22:08:00,28.73,43.1,345.4,False
2024-01-15T22:08:30,29.31,46.36,304.4,False
2024-01-15T22:09:00,29.41,43.83,329.7,False
2024-01-15T22:09:30,29.51,44.46,398.9,False
2024-01-15T22:10:00,32.1,40.68,347.2,False
2024-01-15T22:10:30,25.69,41.43,296.4,False
2024-01-15T22:11:00,29.43,42.0,319.2,False
2024-01-15T22:11:30,32.73,42.82,389.7,False
2024-01-15T22:12:00,23.62,39.58,267.9,False
2024-01-15T22:12:30,29.32,42.7,369.4,False
2024-01-15T22:13:00,26.98,40.07,358.4,False
2024-01-15T22:13:30,27.58,41.99,345.2,False
2024-01-15T22:14:00,25.94,40.45,298.5,False
2024-01-15T22:14:30,28.1,43.29,268.9,False
2024-01-15T22:15:00,34.09,45.33,363.8,False
2024-01-15T22:15:30,24.74,40.95,271.2,False
2024-01-15T22:16:00,24.98,42.28,268.7,False
2024-01-15T22:16:30,24.54,41.22,286.8,False
2024-01-15T22:17:00,33.59,44.62,387.9,False
2024-01-15T22:17:30,26.98,37.15,290.9,False
2024-01-15T22:18:00,28.25,42.99,271.0,False
2024-01-15T22:18:30,27.07,39.55,278.2,False
2024-01-15T22:19:00,25.41,40.37,370.9,False
2024-01-15T22:19:30,27.5,42.33,341.9,False
2024-01-15T22:20:00,35.53,48.28,346.0,False
2024-01-15T22:20:30,32.29,47.68,409.9,False
2024-01-15T22:21:00,25.52,38.76,294.6,False
2024-01-15T22:21:30,29.98,40.21,431.0,False
2024-01-15T22:22:00,25.5,41.25,314.5,False
2024-01-15T22:22:30,22.63,39.65,303.6,False
2024-01-15T22:23:00,30.97,40.94,381.3,False
2024-01-15T22:23:30,31.35,43.5,410.3,False
2024-01-15T22:24:00,30.97,44.54,330.2,False
2024-01-15T22:24:30,26.38,38.59,367.0,False
2024-01-15T22:25:00,27.25,39.5,293.1,False
2024-01-15T22:25:30,29.96,41.55,325.2,False
2024-01-15T22:26:00,28.84,41.86,331.1,False
2024-01-15T22:26:30,26.45,42.48,348.4,False
2024-01-15T22:27:00,22.73,38.58,268.6,False
2024-01-15T22:27:30,27.89,41.92,389.1,False
2024-01-15T22:28:00,30.74,47.73,399.0,False
2024-01-15T22:28:30,23.87,37.9,292.6,False
2024-01-15T22:29:00,29.34,41.24,296.1,False
2024-01-15T22:29:30,28.38,43.42,367.1,False
2024-01-15T22:30:00,29.6,44.65,252.9,False
2024-01-15T22:30:30,29.92,43.67,369.0,False
2024-01-15T22:31:00,25.18,44.09,268.5,False
2024-01-15T22:31:30,22.37,39.7,329.2,False
2024-01-15T22:32:00,25.58,36.72,249.2,False
2024-01-15T22:32:30,29.81,42.98,312.0,False
2024-01-15T22:33:00,25.48,39.48,321.4,False
2024-01-15T22:33:30,24.98,43.14,323.9,False
2024-01-15T22:34:00,21.56,40.6,247.4,False
2024-01-15T22:34:30,32.24,40.83,344.7,False
2024-01-15T22:35:00,29.42,45.3,373.5,False
2024-01-15T22:35:30,29.21,44.38,374.0,False
2024-01-15T22:36:00,29.77,42.13,324.1,False
2024-01-15T22:36:30,28.56,42.02,304.2,False
2024-01-15T22:37:00,26.05,43.71,253.7,False
2024-01-15T22:37:30,26.25,37.08,320.2,False
2024-01-15T22:38:00,25.42,41.5,335.9,False
2024-01-15T22:38:30,34.57,47.37,382.6,False
2024-01-15T22:39:00,28.29,41.87,289.4,False
2024-01-15T22:39:30,25.2,41.8,373.0,False
2024-01-15T22:40:00,27.94,42.08,239.4,False
2024-01-15T22:40:30,23.48,38.08,322.9,False
2024-01-15T22:41:00,30.98,41.78,356.5,False
2024-01-15T22:41:30,24.45,41.56,314.3,False
2024-01-15T22:42:00,27.89,40.59,291.7,False
2024-01-15T22:42:30,29.55,39.64,330.3,False
2024-01-15T22:43:00,27.47,41.89,331.5,False
2024-01-15T22:43:30,26.56,40.17,309.0,False
2024-01-15T22:44:00,26.26,38.65,238.4,False
2024-01-15T22:44:30,26.02,41.07,376.7,False
2024-01-15T22:45:00,24.42,41.67,321.4,False
2024-01-15T22:45:30,24.77,40.35,299.5,False
2024-01-15T22:46:00,30.51,41.05,348.1,False
2024-01-15T22:46:30,25.71,41.74,373.0,False
2024-01-15T22:47:00,23.64,41.82,259.4,False
2024-01-15T22:47:30,24.41,44.56,256.6,False
2024-01-15T22:48:00,29.22,45.42,367.8,False
2024-01-15T22:48:30,27.91,39.87,341.8,False
2024-01-15T22:49:00,27.52,43.41,279.8,False
2024-01-15T22:49:30,25.03,40.96,343.8,False
2024-01-15T22:50:00,27.49,39.37,331.7,False
2024-01-15T22:50:30,23.8,40.4,254.4,False
2024-01-15T22:51:00,24.91,44.23,318.9,False
2024-01-15T22:51:30,28.56,44.61,342.1,False
2024-01-15T22:52:00,28.23,40.03,322.3,False
2024-01-15T22:52:30,22.63,39.28,296.4,False
2024-01-15T22:53:00,22.97,40.41,308.8,False
2024-01-15T22:53:30,25.82,37.4,343.1,False
2024-01-15T22:54:00,30.64,39.87,349.4,False
2024-01-15T22:54:30,19.67,38.09,246.5,False
2024-01-15T22:55:00,26.22,41.39,319.3,False
2024-01-15T22:55:30,21.21,34.88,317.3,False
2024-01-15T22:56:00,23.4,40.43,312.4,False
2024-01-15T22:56:30,24.17,42.21,280.3,False
2024-01-15T22:57:00,23.97,39.5,294.0,False
2024-01-15T22:57:30,23.59,39.87,355.3,False
2024-01-15T22:58:00,25.17,41.69,331.4,False
2024-01-15T22:58:30,23.51,40.59,294.1,False
2024-01-15T22:59:00,20.69,34.97,311.1,False
2024-01-15T22:59:30,27.38,39.84,297.3,False
2024-01-15T23:00:00,27.26,40.8,331.2,False
2024-01-15T23:00:30,27.49,39.99,395.0,False
2024-01-15T23:01:00,20.3,41.05,288.6,False
2024-01-15T23:01:30,25.78,42.13,371.1,False
2024-01-15T23:02:00,26.88,39.19,311.7,False
2024-01-15T23:02:30,21.72,38.4,254.7,False
2024-01-15T23:03:00,24.8,42.64,344.8,False
2024-01-15T23:03:30,24.39,38.88,222.0,False
2024-01-15T23:04:00,30.23,44.79,349.0,False
2024-01-15T23:04:30,30.44,45.96,384.7,False
2024-01-15T23:05:00,19.63,40.23,279.6,False
2024-01-15T23:05:30,32.07,44.38,272.5,False
2024-01-15T23:06:00,21.8,41.39,220.6,False
2024-01-15T23:06:30,27.45,40.67,315.1,False
2024-01-15T23:07:00,27.39,46.65,338.1,False
2024-01-15T23:07:30,21.45,39.19,292.2,False
2024-01-15T23:08:00,25.88,43.22,306.8,False
2024-01-15T23:08:30,24.04,39.29,321.5,False
2024-01-15T23:09:00,25.99,41.99,325.4,False
2024-01-15T23:09:30,24.98,41.57,294.7,False
2024-01-15T23:10:00,27.84,40.06,344.2,False
2024-01-15T23:10:30,24.44,38.3,269.6,False
2024-01-15T23:11:00,23.68,39.43,314.9,False
2024-01-15T23:11:30,27.43,43.93,285.6,False
2024-01-15T23:12:00,25.85,37.26,326.3,False
2024-01-15T23:12:30,26.27,40.41,328.6,False
2024-01-15T23:13:00,22.04,41.64,264.4,False
2024-01-15T23:13:30,20.86,35.97,292.3,False
2024-01-15T23:14:00,22.26,41.64,339.8,False
2024-01-15T23:14:30,22.06,36.78,235.7,False
2024-01-15T23:15:00,26.25,39.3,348.1,False
2024-01-15T23:15:30,26.78,41.11,357.7,False
2024-01-15T23:16:00,23.35,43.44,278.5,False
2024-01-15T23:16:30,28.07,40.77,356.6,False
2024-01-15T23:17:00,27.85,38.47,312.6,False
2024-01-15T23:17:30,24.44,37.43,345.8,False
2024-01-15T23:18:00,21.21,40.49,160.1,False
2024-01-15T23:18:30,28.36,39.49,384.7,False
2024-01-15T23:19:00,23.42,42.11,242.8,False
2024-01-15T23:19:30,23.94,40.13,295.1,False
2024-01-15T23:20:00,22.51,39.22,247.5,False
2024-01-15T23:20:30,20.82,39.03,326.4,False
2024-01-15T23:21:00,19.05,35.95,243.2,False
2024-01-15T23:21:30,25.32,40.97,280.9,False
2024-01-15T23:22:00,21.04,36.16,313.1,False
2024-01-15T23:22:30,32.53,46.99,389.5,False
2024-01-15T23:23:00,20.06,36.01,247.1,False
2024-01-15T23:23:30,19.51,38.67,216.4,False
2024-01-15T23:24:00,24.77,38.35,253.1,False
2024-01-15T23:24:30,27.8,40.87,373.4,False
2024-01-15T23:25:00,23.37,38.98,303.7,False
2024-01-15T23:25:30,24.86,46.43,305.8,False
2024-01-15T23:26:00,17.57,36.8,260.3,False
2024-01-15T23:26:30,21.04,36.92,190.3,False
2024-01-15T23:27:00,19.81,37.06,245.5,False
2024-01-15T23:27:30,17.31,33.69,226.6,False
2024-01-15T23:28:00,23.31,39.38,325.8,False
2024-01-15T23:28:30,16.2,39.85,170.8,False
2024-01-15T23:29:00,18.93,38.19,293.6,False
2024-01-15T23:29:30,21.25,40.48,341.8,False
2024-01-15T23:30:00,20.33,36.4,193.9,False
2024-01-15T23:30:30,23.98,39.64,292.5,False
2024-01-15T23:31:00,23.67,40.3,309.4,False
2024-01-15T23:31:30,25.4,39.31,338.1,False
2024-01-15T23:32:00,24.94,41.33,213.0,False
2024-01-15T23:32:30,26.07,42.33,322.1,False
2024-01-15T23:33:00,22.61,40.46,272.1,False
2024-01-15T23:33:30,23.49,39.51,276.6,False
2024-01-15T23:34:00,24.08,42.29,375.4,False
2024-01-15T23:34:30,22.94,39.02,274.9,False
2024-01-15T23:35:00,21.29,38.02,288.3,False
2024-01-15T23:35:30,21.45,41.68,266.8,False
2024-01-15T23:36:00,19.96,35.84,269.3,False
2024-01-15T23:36:30,23.64,36.49,311.3,False
2024-01-15T23:37:00,22.06,37.37,312.2,False
2024-01-15T23:37:30,20.32,39.01,231.5,False
2024-01-15T23:38:00,20.29,40.79,268.4,False
2024-01-15T23:38:30,18.61,36.07,256.4,False
2024-01-15T23:39:00,25.15,44.29,235.3,False
2024-01-15T23:39:30,22.41,39.34,241.2,False
2024-01-15T23:40:00,19.56,37.63,292.1,False
2024-01-15T23:40:30,24.54,38.65,277.8,False
2024-01-15T23:41:00,20.4,42.19,367.6,False
2024-01-15T23:41:30,17.82,36.7,281.1,False
2024-01-15T23:42:00,25.07,37.96,318.7,False
2024-01-15T23:42:30,20.37,43.19,323.3,False
2024-01-15T23:43:00,20.72,39.24,296.7,False
2024-01-15T23:43:30,22.04,40.71,283.7,False
2024-01-15T23:44:00,25.31,44.11,245.9,False
2024-01-15T23:44:30,21.91,40.28,301.9,False
2024-01-15T23:45:00,18.22,39.16,301.6,False
2024-01-15T23:45:30,23.41,39.92,263.6,False
2024-01-15T23:46:00,20.29,39.72,189.3,False
2024-01-15T23:46:30,27.38,41.73,276.3,False
2024-01-15T23:47:00,21.68,38.91,343.8,False
2024-01-15T23:47:30,14.94,35.82,222.8,False
2024-01-15T23:48:00,22.69,38.66,339.9,False
2024-01-15T23:48:30,27.42,42.83,320.1,False
2024-01-15T23:49:00,26.28,42.26,290.4,False
2024-01-15T23:49:30,27.01,43.26,401.5,False
2024-01-15T23:50:00,18.43,38.61,232.6,False
2024-01-15T23:50:30,24.19,44.21,283.6,False
2024-01-15T23:51:00,19.26,39.85,272.5,False
2024-01-15T23:51:30,22.06,38.74,264.9,False
2024-01-15T23:52:00,17.54,37.8,271.5,False
2024-01-15T23:52:30,19.39,40.65,273.0,False
2024-01-15T23:53:00,19.27,35.86,273.6,False
2024-01-15T23:53:30,23.96,44.13,267.0,False
2024-01-15T23:54:00,23.64,38.4,222.6,False
2024-01-15T23:54:30,22.03,40.94,243.0,False
2024-01-15T23:55:00,17.12,36.7,207.2,False
2024-01-15T23:55:30,20.2,38.13,273.3,False
2024-01-15T23:56:00,18.87,34.96,218.3,False
2024-01-15T23:56:30,23.68,41.79,230.9,False
2024-01-15T23:57:00,24.58,37.85,250.8,False
2024-01-15T23:57:30,24.18,37.34,309.0,False
2024-01-15T23:58:00,18.72,39.82,277.2,False
2024-01-15T23:58:30,12.73,38.09,181.6,False
2024-01-15T23:59:00,15.62,34.62,208.9,False
2024-01-15T23:59:30,25.15,42.73,325.8,False
2024-01-16T00:00:00,25.91,42.69,313.9,False
2024-01-16T00:00:30,24.83,40.38,346.1,False
2024-01-16T00:01:00,31.98,46.81,349.5,False
2024-01-16T00:01:30,30.82,43.23,313.3,False
2024-01-16T00:02:00,27.06,42.72,360.0,False
2024-01-16T00:02:30,26.08,38.68,296.2,False
2024-01-16T00:03:00,26.53,39.0,280.7,False
2024-01-16T00:03:30,27.58,44.28,356.4,False
2024-01-16T00:04:00,31.67,45.09,411.3,False
2024-01-16T00:04:30,45.64,50.7,772.5,False
2024-01-16T00:05:00,63.18,63.57,865.3,False
2024-01-16T00:05:30,80.72,72.32,1107.2,False
2024-01-16T00:06:00,81.75,69.91,1069.0,False
2024-01-16T00:06:30,82.49,66.5,1068.7,False
2024-01-16T00:07:00,79.54,67.72,1020.2,False
2024-01-16T00:07:30,79.51,66.26,1081.3,False
2024-01-16T00:08:00,81.34,69.02,1006.4,False
2024-01-16T00:08:30,81.14,66.87,1001.0,False
2024-01-16T00:09:00,81.97,66.77,1131.6,False
2024-01-16T00:09:30,79.09,63.2,998.3,False
2024-01-16T00:10:00,81.43,69.22,1089.8,False
2024-01-16T00:10:30,81.71,64.44,1108.9,False
2024-01-16T00:11:00,81.66,68.37,1061.7,False
2024-01-16T00:11:30,80.32,69.73,1007.3,False
2024-01-16T00:12:00,81.24,67.36,1075.1,False
2024-01-16T00:12:30,79.95,65.99,1095.3,False
2024-01-16T00:13:00,62.62,59.36,914.7,False
2024-01-16T00:13:30,41.24,47.15,700.1,False
2024-01-16T00:14:00,30.51,43.81,656.3,False
2024-01-16T00:14:30,19.36,35.33,199.5,True
2024-01-16T00:15:00,25.85,40.43,267.9,True
2024-01-16T00:15:30,20.87,37.46,256.6,True
2024-01-16T00:16:00,23.4,39.39,289.6,True
2024-01-16T00:16:30,20.78,41.38,218.1,True
2024-01-16T00:17:00,20.81,38.52,276.5,True
2024-01-16T00:17:30,19.46,38.46,276.5,True
2024-01-16T00:18:00,21.12,37.03,260.4,True
2024-01-16T00:18:30,21.58,38.96,186.3,True
2024-01-16T00:19:00,18.91,36.63,255.5,True
2024-01-16T00:19:30,25.59,40.58,377.3,False
2024-01-16T00:20:00,24.1,41.08,311.1,False
2024-01-16T00:20:30,32.8,43.13,363.1,False
2024-01-16T00:21:00,25.61,39.74,290.0,False
2024-01-16T00:21:30,30.49,42.0,367.0,False
2024-01-16T00:22:00,25.24,39.34,310.2,False
2024-01-16T00:22:30,26.57,41.37,340.9,False
2024-01-16T00:23:00,21.8,37.91,230.6,False
2024-01-16T00:23:30,24.4,42.93,300.0,False
2024-01-16T00:24:00,26.34,46.27,292.3,False
2024-01-16T00:24:30,30.44,41.83,358.4,False
2024-01-16T00:25:00,26.32,41.49,232.8,False
2024-01-16T00:25:30,29.78,44.71,322.5,False
2024-01-16T00:26:00,27.52,40.98,341.9,False
2024-01-16T00:26:30,30.46,40.99,371.8,False
2024-01-16T00:27:00,25.37,43.91,301.7,False
2024-01-16T00:27:30,32.69,45.47,275.1,False
2024-01-16T00:28:00,24.04,40.41,318.0,False
2024-01-16T00:28:30,23.17,42.24,348.7,False
2024-01-16T00:29:00,21.81,40.2,240.9,False
2024-01-16T00:29:30,32.41,43.86,342.2,False
2024-01-16T00:30:00,27.85,39.73,355.0,False
2024-01-16T00:30:30,24.36,38.95,328.2,False
2024-01-16T00:31:00,29.08,44.71,376.5,False
2024-01-16T00:31:30,27.37,42.81,359.6,False
2024-01-16T00:32:00,31.18,42.98,288.2,False
2024-01-16T00:32:30,20.61,41.6,245.7,False
2024-01-16T00:33:00,24.43,39.67,320.5,False
2024-01-16T00:33:30,23.82,41.65,287.1,False
2024-01-16T00:34:00,19.26,37.84,268.7,False
2024-01-16T00:34:30,28.33,45.8,321.4,False
2024-01-16T00:35:00,24.31,41.44,277.1,False
2024-01-16T00:35:30,27.32,41.52,308.9,False
2024-01-16T00:36:00,32.15,43.49,312.4,False
2024-01-16T00:36:30,23.99,39.74,263.0,False
2024-01-16T00:37:00,23.76,38.21,287.4,False
2024-01-16T00:37:30,25.35,37.72,300.9,False
2024-01-16T00:38:00,27.93,42.37,346.2,False
2024-01-16T00:38:30,23.25,38.34,274.6,False
2024-01-16T00:39:00,23.03,38.23,351.3,False
2024-01-16T00:39:30,28.07,41.64,373.7,False
2024-01-16T00:40:00,26.01,40.89,288.0,False
2024-01-16T00:40:30,18.71,37.16,257.6,False
2024-01-16T00:41:00,21.15,41.84,317.7,False
2024-01-16T00:41:30,29.3,43.77,308.8,False
2024-01-16T00:42:00,25.98,45.0,277.9,False
2024-01-16T00:42:30,22.46,38.15,331.7,False
2024-01-16T00:43:00,24.21,41.47,321.3,False
2024-01-16T00:43:30,24.74,39.4,340.9,False
2024-01-16T00:44:00,26.88,40.12,327.7,False
2024-01-16T00:44:30,20.57,42.38,254.4,False
2024-01-16T00:45:00,22.1,37.32,223.1,False
2024-01-16T00:45:30,25.42,36.05,308.8,False
2024-01-16T00:46:00,24.28,38.53,343.5,False
2024-01-16T00:46:30,26.27,36.92,359.9,False
2024-01-16T00:47:00,20.84,36.33,309.6,False
2024-01-16T00:47:30,25.58,38.88,336.1,False
2024-01-16T00:48:00,27.76,41.76,410.5,False
2024-01-16T00:48:30,25.92,36.67,245.3,False
2024-01-16T00:49:00,24.85,42.63,308.0,False
2024-01-16T00:49:30,24.12,36.12,255.5,False
2024-01-16T00:50:00,21.88,38.5,337.2,False
2024-01-16T00:50:30,24.15,39.24,271.1,False
2024-01-16T00:51:00,28.12,43.53,365.3,False
2024-01-16T00:51:30,23.96,40.5,273.7,False
2024-01-16T00:52:00,21.62,41.01,289.8,False
2024-01-16T00:52:30,22.79,38.5,278.0,False
2024-01-16T00:53:00,24.85,39.32,298.2,False
2024-01-16T00:53:30,23.1,40.2,298.2,False
2024-01-16T00:54:00,25.66,42.72,342.0,False
2024-01-16T00:54:30,25.75,42.35,301.6,False
2024-01-16T00:55:00,26.82,41.89,350.2,False
2024-01-16T00:55:30,28.4,42.5,368.7,False
2024-01-16T00:56:00,27.1,41.31,300.1,False
2024-01-16T00:56:30,21.29,39.3,345.7,False
2024-01-16T00:57:00,21.36,42.59,300.7,False
2024-01-16T00:57:30,23.82,39.26,273.3,False
2024-01-16T00:58:00,22.67,38.45,305.9,False
2024-01-16T00:58:30,20.58,37.25,306.2,False
2024-01-16T00:59:00,22.65,39.95,304.8,False
2024-01-16T00:59:30,22.53,34.87,288.3,False
2024-01-16T01:00:00,21.92,38.54,137.3,False
2024-01-16T01:00:30,22.96,41.09,245.0,False
2024-01-16T01:01:00,27.43,40.51,346.6,False
2024-01-16T01:01:30,24.47,40.46,256.2,False
2024-01-16T01:02:00,31.26,47.7,370.7,False
2024-01-16T01:02:30,24.34,40.69,330.1,False
2024-01-16T01:03:00,22.93,34.84,279.0,False
2024-01-16T01:03:30,23.8,36.94,219.8,False
2024-01-16T01:04:00,24.53,39.62,266.8,False
2024-01-16T01:04:30,25.05,38.78,327.8,False
2024-01-16T01:05:00,29.95,43.04,389.9,False
2024-01-16T01:05:30,21.16,37.86,186.0,False
2024-01-16T01:06:00,26.26,43.32,313.3,False
2024-01-16T01:06:30,24.28,37.82,235.5,False
2024-01-16T01:07:00,18.92,36.91,255.0,False
2024-01-16T01:07:30,25.93,41.27,301.1,False
2024-01-16T01:08:00,27.4,42.25,413.6,False
2024-01-16T01:08:30,21.0,38.67,246.5,False
2024-01-16T01:09:00,23.53,34.82,330.2,False
2024-01-16T01:09:30,18.36,37.22,287.2,False
2024-01-16T01:10:00,19.74,37.44,250.1,False
2024-01-16T01:10:30,26.64,42.93,317.9,False
2024-01-16T01:11:00,22.08,40.36,276.6,False
2024-01-16T01:11:30,20.13,38.43,231.3,False
2024-01-16T01:12:00,24.12,40.57,259.8,False
2024-01-16T01:12:30,21.85,41.51,258.4,False
2024-01-16T01:13:00,21.98,41.18,230.3,False
2024-01-16T01:13:30,25.59,41.23,284.7,False
2024-01-16T01:14:00,19.87,42.11,251.1,False
2024-01-16T01:14:30,20.62,36.94,271.4,False
2024-01-16T01:15:00,23.78,37.41,308.0,False
2024-01-16T01:15:30,26.21,40.97,301.8,False
2024-01-16T01:16:00,26.99,40.64,285.2,False
2024-01-16T01:16:30,21.26,33.6,287.1,False
2024-01-16T01:17:00,26.05,39.62,340.1,False
2024-01-16T01:17:30,20.87,39.02,247.5,False
2024-01-16T01:18:00,28.68,42.13,290.1,False
2024-01-16T01:18:30,19.78,36.24,240.4,False
2024-01-16T01:19:00,27.15,41.56,309.9,False
2024-01-16T01:19:30,21.18,38.74,315.2,False
2024-01-16T01:20:00,29.17,43.92,361.1,False
2024-01-16T01:20:30,24.88,39.07,298.9,False
2024-01-16T01:21:00,20.04,39.68,336.4,False
2024-01-16T01:21:30,21.51,36.48,270.7,False
2024-01-16T01:22:00,25.4,39.61,359.7,False
2024-01-16T01:22:30,26.2,44.41,358.4,False
2024-01-16T01:23:00,22.81,37.27,328.5,False
2024-01-16T01:23:30,23.14,38.17,297.9,False
2024-01-16T01:24:00,25.26,38.04,306.7,False
2024-01-16T01:24:30,23.36,37.95,287.1,False
2024-01-16T01:25:00,19.07,37.73,286.5,False
2024-01-16T01:25:30,20.49,39.58,232.4,False
2024-01-16T01:26:00,23.62,39.7,278.4,False
2024-01-16T01:26:30,26.54,40.55,379.0,False
2024-01-16T01:27:00,27.73,39.31,346.7,False
2024-01-16T01:27:30,25.2,39.08,339.8,False
2024-01-16T01:28:00,43.98,46.83,703.0,False
2024-01-16T01:28:30,64.26,61.53,896.8,False
2024-01-16T01:29:00,84.53,71.81,1089.6,False
2024-01-16T01:29:30,84.24,69.97,1072.3,False
2024-01-16T01:30:00,83.49,70.57,1018.9,False
2024-01-16T01:30:30,83.78,71.58,1100.6,False
2024-01-16T01:31:00,84.29,70.29,1117.4,False
2024-01-16T01:31:30,84.04,72.75,1060.9,False
2024-01-16T01:32:00,83.78,67.78,1102.0,False
2024-01-16T01:32:30,83.23,68.86,1147.0,False
2024-01-16T01:33:00,86.5,70.26,1153.0,False
2024-01-16T01:33:30,84.03,71.26,1062.6,False
2024-01-16T01:34:00,84.86,67.51,1034.8,False
2024-01-16T01:34:30,82.78,72.23,1071.4,False
2024-01-16T01:35:00,85.89,72.02,1181.0,False
2024-01-16T01:35:30,84.7,73.8,1131.1,False
2024-01-16T01:36:00,84.09,69.92,1072.5,False
2024-01-16T01:36:30,63.21,58.46,968.2,False
2024-01-16T01:37:00,43.32,50.93,793.3,False
2024-01-16T01:37:30,20.67,40.35,489.3,False
2024-01-16T01:38:00,16.75,34.46,276.5,True
2024-01-16T01:38:30,15.3,31.18,227.2,True
2024-01-16T01:39:00,21.03,34.38,233.6,True
2024-01-16T01:39:30,20.54,38.31,268.0,True
2024-01-16T01:40:00,19.26,40.23,270.6,True
2024-01-16T01:40:30,22.69,36.27,249.8,True
2024-01-16T01:41:00,17.49,35.73,235.1,True
2024-01-16T01:41:30,25.21,39.43,288.4,True
2024-01-16T01:42:00,17.38,40.06,270.8,True
2024-01-16T01:42:30,18.52,41.31,236.1,True
2024-01-16T01:43:00,21.18,38.97,201.4,False
2024-01-16T01:43:30,23.48,41.07,269.9,False
2024-01-16T01:44:00,24.85,41.7,261.0,False
2024-01-16T01:44:30,21.99,35.97,224.1,False
2024-01-16T01:45:00,27.65,42.76,368.4,False
2024-01-16T01:45:30,23.02,37.01,316.3,False
2024-01-16T01:46:00,23.1,38.75,246.1,False
2024-01-16T01:46:30,19.55,39.6,205.6,False
2024-01-16T01:47:00,23.52,39.46,284.0,False
2024-01-16T01:47:30,21.84,40.67,221.8,False
2024-01-16T01:48:00,20.41,40.35,253.6,False
2024-01-16T01:48:30,19.89,33.98,261.9,False
2024-01-16T01:49:00,30.22,38.31,354.0,False
2024-01-16T01:49:30,21.4,40.58,284.8,False
2024-01-16T01:50:00,17.81,38.86,211.2,False
2024-01-16T01:50:30,20.07,38.1,263.4,False
2024-01-16T01:51:00,22.0,39.34,327.2,False
2024-01-16T01:51:30,23.78,41.23,206.4,False
2024-01-16T01:52:00,23.79,41.2,303.4,False
2024-01-16T01:52:30,24.15,39.02,246.0,False
2024-01-16T01:53:00,20.17,39.56,317.5,False
2024-01-16T01:53:30,23.11,38.43,317.6,False
2024-01-16T01:54:00,19.45,37.78,287.0,False
2024-01-16T01:54:30,20.21,38.07,227.5,False
2024-01-16T01:55:00,19.3,35.5,265.0,False
2024-01-16T01:55:30,18.48,35.32,262.8,False
2024-01-16T01:56:00,25.22,44.65,206.9,False
2024-01-16T01:56:30,24.08,37.83,298.5,False
2024-01-16T01:57:00,24.94,40.78,324.0,False
2024-01-16T01:57:30,22.11,39.79,220.3,False
2024-01-16T01:58:00,24.31,39.62,318.6,False
2024-01-16T01:58:30,16.69,37.26,237.5,False
2024-01-16T01:59:00,24.55,40.51,351.6,False
2024-01-16T01:59:30,22.48,37.08,263.3,False
2024-01-16T02:00:00,23.82,40.56,297.6,False
2024-01-16T02:00:30,23.06,38.03,298.2,False
2024-01-16T02:01:00,18.95,40.54,139.3,False
2024-01-16T02:01:30,17.41,37.15,225.1,False
2024-01-16T02:02:00,19.76,36.07,261.5,False
2024-01-16T02:02:30,23.58,40.06,194.3,False
2024-01-16T02:03:00,23.94,37.71,318.5,False
2024-01-16T02:03:30,17.76,36.99,245.5,False
2024-01-16T02:04:00,18.91,36.6,254.5,False
2024-01-16T02:04:30,19.67,35.78,286.2,False
2024-01-16T02:05:00,20.76,36.3,249.6,False
2024-01-16T02:05:30,17.73,41.33,243.6,False
2024-01-16T02:06:00,17.54,36.55,274.9,False
2024-01-16T02:06:30,19.33,36.4,256.9,False
2024-01-16T02:07:00,22.05,37.42,202.6,False
2024-01-16T02:07:30,18.24,37.67,247.9,False
2024-01-16T02:08:00,21.42,37.04,273.9,False
2024-01-16T02:08:30,24.93,37.89,335.5,False
2024-01-16T02:09:00,17.84,36.47,229.0,False
2024-01-16T02:09:30,21.12,38.09,229.8,False
2024-01-16T02:10:00,24.8,39.18,259.4,False
2024-01-16T02:10:30,20.46,36.06,321.4,False
2024-01-16T02:11:00,19.99,36.83,271.5,False
2024-01-16T02:11:30,25.19,39.27,357.2,False
2024-01-16T02:12:00,20.77,36.79,327.6,False
2024-01-16T02:12:30,25.0,40.67,270.2,False
2024-01-16T02:13:00,22.96,43.55,250.9,False
2024-01-16T02:13:30,20.64,40.6,260.0,False
2024-01-16T02:14:00,23.1,43.06,309.3,False
2024-01-16T02:14:30,22.61,37.8,224.8,False
2024-01-16T02:15:00,24.7,43.33,315.8,False
2024-01-16T02:15:30,19.99,38.08,276.1,False
2024-01-16T02:16:00,21.75,40.48,228.9,False
2024-01-16T02:16:30,21.43,39.26,227.8,False
2024-01-16T02:17:00,23.72,38.81,307.5,False
2024-01-16T02:17:30,18.52,38.34,331.1,False
2024-01-16T02:18:00,24.64,40.93,285.3,False
2024-01-16T02:18:30,22.98,35.59,297.0,False
2024-01-16T02:19:00,17.62,36.2,216.8,False
2024-01-16T02:19:30,25.19,41.98,311.0,False
2024-01-16T02:20:00,28.26,42.33,301.1,False
2024-01-16T02:20:30,24.56,40.86,286.1,False
2024-01-16T02:21:00,25.82,39.05,404.6,False
2024-01-16T02:21:30,21.79,39.06,278.6,False
2024-01-16T02:22:00,16.54,35.73,169.8,False
2024-01-16T02:22:30,15.99,35.24,253.6,False
2024-01-16T02:23:00,22.28,37.43,323.4,False
2024-01-16T02:23:30,19.73,39.35,284.9,False
2024-01-16T02:24:00,18.76,37.72,243.0,False
2024-01-16T02:24:30,21.31,38.8,233.8,False
2024-01-16T02:25:00,23.33,43.43,251.0,False
2024-01-16T02:25:30,17.12,37.17,229.4,False
2024-01-16T02:26:00,20.13,40.13,246.3,False
2024-01-16T02:26:30,26.0,41.21,285.7,False
2024-01-16T02:27:00,18.24,36.08,294.5,False
2024-01-16T02:27:30,24.06,37.58,329.4,False
2024-01-16T02:28:00,20.0,38.15,310.6,False
2024-01-16T02:28:30,23.08,33.88,253.1,False
2024-01-16T02:29:00,24.73,40.58,261.0,False
2024-01-16T02:29:30,23.66,40.13,292.3,False
2024-01-16T02:30:00,24.15,39.31,309.8,False
2024-01-16T02:30:30,17.97,36.47,246.6,False
2024-01-16T02:31:00,24.76,37.55,311.9,False
2024-01-16T02:31:30,18.85,39.87,314.2,False
2024-01-16T02:32:00,22.18,38.1,268.7,False
2024-01-16T02:32:30,22.17,36.82,309.7,False
2024-01-16T02:33:00,22.85,40.2,303.5,False
2024-01-16T02:33:30,22.4,39.1,283.0,False
2024-01-16T02:34:00,18.85,36.39,281.3,False
2024-01-16T02:34:30,17.33,35.42,207.9,False
2024-01-16T02:35:00,23.99,39.67,253.2,False
2024-01-16T02:35:30,21.93,41.34,292.7,False
2024-01-16T02:36:00,24.81,41.04,233.0,False
2024-01-16T02:36:30,21.23,38.24,290.3,False
2024-01-16T02:37:00,17.14,37.97,192.0,False
2024-01-16T02:37:30,24.25,39.87,354.7,False
2024-01-16T02:38:00,20.24,38.62,246.0,False
2024-01-16T02:38:30,22.37,39.18,337.1,False
2024-01-16T02:39:00,19.4,38.58,246.7,False
2024-01-16T02:39:30,26.27,39.95,300.0,False
2024-01-16T02:40:00,18.7,34.77,284.2,False
2024-01-16T02:40:30,20.31,39.68,274.2,False
2024-01-16T02:41:00,21.65,41.54,270.5,False
2024-01-16T02:41:30,18.04,34.54,228.2,False
2024-01-16T02:42:00,22.31,39.22,262.7,False
2024-01-16T02:42:30,26.15,39.89,403.5,False
2024-01-16T02:43:00,19.84,39.4,191.7,False
2024-01-16T02:43:30,22.49,39.45,231.8,False
2024-01-16T02:44:00,13.06,40.9,251.5,False
2024-01-16T02:44:30,21.18,37.7,313.5,False
2024-01-16T02:45:00,20.36,40.97,226.0,False
2024-01-16T02:45:30,18.84,40.41,180.6,False
2024-01-16T02:46:00,24.54,41.06,347.2,False
2024-01-16T02:46:30,20.31,37.95,220.6,False
2024-01-16T02:47:00,20.75,38.29,246.4,False
2024-01-16T02:47:30,20.15,37.82,265.1,False
2024-01-16T02:48:00,15.53,37.76,181.3,False
2024-01-16T02:48:30,17.88,34.92,280.0,False
2024-01-16T02:49:00,24.16,39.49,294.1,False
2024-01-16T02:49:30,14.95,34.64,184.3,False
2024-01-16T02:50:00,18.97,33.77,220.0,False
2024-01-16T02:50:30,20.07,39.49,312.5,False
2024-01-16T02:51:00,26.5,43.11,300.9,False
2024-01-16T02:51:30,23.57,38.26,313.2,False
2024-01-16T02:52:00,19.6,39.6,256.4,False
2024-01-16T02:52:30,25.18,37.16,231.2,False
2024-01-16T02:53:00,19.04,37.31,282.2,False
2024-01-16T02:53:30,24.29,39.64,337.3,False
2024-01-16T02:54:00,17.18,36.51,311.2,False
2024-01-16T02:54:30,24.48,40.15,219.8,False
2024-01-16T02:55:00,20.04,37.61,134.0,False
2024-01-16T02:55:30,18.17,36.06,270.9,False
2024-01-16T02:56:00,20.61,37.84,240.9,False
2024-01-16T02:56:30,22.09,41.52,219.5,False
2024-01-16T02:57:00,19.77,36.48,262.5,False
2024-01-16T02:57:30,22.92,43.72,265.4,False
2024-01-16T02:58:00,19.51,36.24,205.0,False
2024-01-16T02:58:30,23.12,39.8,281.6,False
2024-01-16T02:59:00,22.58,40.19,303.3,False
2024-01-16T02:59:30,21.07,37.71,275.6,False
2024-01-16T03:00:00,19.93,40.49,266.7,False
2024-01-16T03:00:30,21.71,39.71,291.4,False
2024-01-16T03:01:00,22.91,38.81,215.6,False
2024-01-16T03:01:30,27.44,44.23,317.5,False
2024-01-16T03:02:00,24.07,37.77,302.2,False
2024-01-16T03:02:30,24.18,38.73,278.4,False
2024-01-16T03:03:00,30.52,44.16,311.0,False
2024-01-16T03:03:30,22.8,40.78,252.6,False
2024-01-16T03:04:00,22.71,39.78,270.0,False
2024-01-16T03:04:30,23.37,39.21,323.5,False
2024-01-16T03:05:00,18.23,36.39,306.9,False
2024-01-16T03:05:30,19.93,40.01,312.4,False
2024-01-16T03:06:00,19.74,38.13,195.5,False
2024-01-16T03:06:30,23.21,37.64,248.1,False
2024-01-16T03:07:00,20.74,36.29,292.2,False
2024-01-16T03:07:30,21.68,41.65,325.5,False
2024-01-16T03:08:00,24.53,38.61,257.6,False
2024-01-16T03:08:30,23.86,40.26,298.2,False
2024-01-16T03:09:00,20.78,40.88,221.0,False
2024-01-16T03:09:30,19.26,38.51,265.2,False
2024-01-16T03:10:00,24.68,38.62,271.7,False
2024-01-16T03:10:30,23.6,37.56,296.1,False
2024-01-16T03:11:00,16.46,39.76,183.2,False
2024-01-16T03:11:30,20.34,35.88,197.4,False
2024-01-16T03:12:00,21.78,37.58,398.2,False
2024-01-16T03:12:30,23.62,40.36,291.7,False
2024-01-16T03:13:00,24.02,39.37,377.5,False
2024-01-16T03:13:30,22.14,40.02,337.5,False
2024-01-16T03:14:00,23.05,36.39,219.0,False
2024-01-16T03:14:30,21.49,38.13,286.4,False
2024-01-16T03:15:00,19.28,38.8,202.4,False
2024-01-16T03:15:30,20.52,39.43,252.3,False
2024-01-16T03:16:00,21.36,37.35,195.5,False
2024-01-16T03:16:30,21.2,36.37,206.7,False
2024-01-16T03:17:00,15.65,36.07,191.0,False
2024-01-16T03:17:30,20.12,35.25,239.1,False
2024-01-16T03:18:00,21.48,41.13,273.4,False
2024-01-16T03:18:30,20.48,38.37,222.4,False
2024-01-16T03:19:00,20.58,36.72,270.6,False
2024-01-16T03:19:30,22.79,37.11,327.8,False
2024-01-16T03:20:00,18.09,35.6,255.7,False
2024-01-16T03:20:30,16.45,32.93,228.9,False
2024-01-16T03:21:00,20.29,38.96,276.0,False
2024-01-16T03:21:30,23.63,38.04,231.7,False
2024-01-16T03:22:00,26.41,41.83,349.4,False
2024-01-16T03:22:30,23.7,40.75,241.7,False
2024-01-16T03:23:00,16.95,38.24,297.7,False
2024-01-16T03:23:30,20.66,38.67,296.1,False
2024-01-16T03:24:00,22.13,41.15,299.3,False
2024-01-16T03:24:30,21.9,41.56,299.2,False
2024-01-16T03:25:00,22.99,39.85,283.9,False
2024-01-16T03:25:30,18.63,37.79,217.6,False
2024-01-16T03:26:00,21.58,37.51,235.0,False
2024-01-16T03:26:30,22.65,37.19,351.2,False
2024-01-16T03:27:00,23.87,42.34,295.1,False
2024-01-16T03:27:30,18.98,38.55,207.3,False
2024-01-16T03:28:00,20.37,39.4,283.6,False
2024-01-16T03:28:30,13.3,33.32,220.1,False
2024-01-16T03:29:00,19.55,40.87,243.2,False
2024-01-16T03:29:30,19.85,37.32,222.9,False
2024-01-16T03:30:00,18.37,35.43,276.4,False
2024-01-16T03:30:30,21.93,37.67,313.3,False
2024-01-16T03:31:00,21.27,41.63,283.1,False
2024-01-16T03:31:30,14.67,32.97,220.2,False
2024-01-16T03:32:00,22.1,37.4,245.5,False
2024-01-16T03:32:30,18.67,42.99,268.6,False
2024-01-16T03:33:00,22.92,41.2,258.0,False
2024-01-16T03:33:30,17.62,35.21,190.1,False
2024-01-16T03:34:00,21.56,36.48,317.5,False
2024-01-16T03:34:30,20.63,34.84,223.9,False
2024-01-16T03:35:00,22.4,39.26,203.3,False
2024-01-16T03:35:30,21.87,40.26,327.3,False
2024-01-16T03:36:00,20.74,41.28,196.1,False
2024-01-16T03:36:30,16.9,32.53,219.6,False
2024-01-16T03:37:00,17.08,33.76,192.8,False
2024-01-16T03:37:30,19.77,37.52,229.2,False
2024-01-16T03:38:00,21.5,44.2,361.0,False
2024-01-16T03:38:30,19.71,39.51,253.6,False
2024-01-16T03:39:00,23.42,40.33,301.7,False
2024-01-16T03:39:30,20.71,35.79,297.3,False
2024-01-16T03:40:00,18.66,32.97,223.4,False
2024-01-16T03:40:30,20.73,38.33,308.9,False
2024-01-16T03:41:00,22.25,38.81,293.1,False
2024-01-16T03:41:30,22.56,38.63,310.6,False
2024-01-16T03:42:00,27.22,40.74,288.8,False
2024-01-16T03:42:30,19.59,36.19,274.5,False
2024-01-16T03:43:00,21.39,36.63,270.7,False
2024-01-16T03:43:30,22.89,42.12,328.3,False
2024-01-16T03:44:00,21.55,36.9,250.8,False
2024-01-16T03:44:30,20.13,37.41,342.3,False
2024-01-16T03:45:00,16.99,36.32,249.5,False
2024-01-16T03:45:30,20.12,39.37,255.9,False
2024-01-16T03:46:00,18.44,35.41,237.8,False
2024-01-16T03:46:30,16.49,38.1,231.6,False
2024-01-16T03:47:00,19.29,36.39,229.1,False
2024-01-16T03:47:30,18.54,36.85,275.0,False
2024-01-16T03:48:00,23.44,42.91,287.1,False
2024-01-16T03:48:30,23.5,37.72,365.8,False
2024-01-16T03:49:00,19.0,38.85,234.7,False
2024-01-16T03:49:30,20.94,40.39,262.7,False
2024-01-16T03:50:00,16.15,36.61,211.9,False
2024-01-16T03:50:30,20.26,37.81,336.8,False
2024-01-16T03:51:00,22.94,43.64,225.7,False
2024-01-16T03:51:30,24.23,40.01,297.6,False
2024-01-16T03:52:00,19.63,38.14,269.5,False
2024-01-16T03:52:30,24.93,39.71,254.3,False
2024-01-16T03:53:00,17.24,36.84,343.6,False
2024-01-16T03:53:30,18.05,38.88,207.2,False
2024-01-16T03:54:00,23.94,39.34,292.8,False
2024-01-16T03:54:30,26.83,37.12,382.0,False
2024-01-16T03:55:00,23.31,40.61,271.5,False
2024-01-16T03:55:30,21.72,36.63,279.5,False
2024-01-16T03:56:00,15.26,37.05,208.3,False
2024-01-16T03:56:30,15.79,35.83,224.2,False
2024-01-16T03:57:00,22.26,40.95,321.3,False
2024-01-16T03:57:30,20.81,36.44,249.6,False
2024-01-16T03:58:00,18.57,36.15,142.4,False
2024-01-16T03:58:30,22.1,38.31,275.5,False
2024-01-16T03:59:00,22.26,36.1,280.6,False
2024-01-16T03:59:30,24.76,42.54,305.9,False
2024-01-16T04:00:00,22.35,35.86,271.4,False
2024-01-16T04:00:30,25.63,42.96,270.6,False
2024-01-16T04:01:00,21.98,39.79,266.1,False
2024-01-16T04:01:30,21.62,38.36,343.6,False
2024-01-16T04:02:00,25.17,41.23,299.7,False
2024-01-16T04:02:30,19.06,38.11,278.6,False
2024-01-16T04:03:00,30.45,42.38,302.2,False
2024-01-16T04:03:30,23.14,40.12,273.5,False
2024-01-16T04:04:00,23.17,41.0,245.4,False
2024-01-16T04:04:30,23.62,37.88,340.7,False
2024-01-16T04:05:00,27.69,42.49,259.2,False
2024-01-16T04:05:30,24.44,34.93,310.4,False
2024-01-16T04:06:00,17.26,32.73,251.7,False
2024-01-16T04:06:30,26.3,42.24,321.4,False
2024-01-16T04:07:00,21.08,37.67,174.8,False
2024-01-16T04:07:30,22.44,37.48,198.6,False
2024-01-16T04:08:00,18.29,37.01,251.0,False
2024-01-16T04:08:30,23.72,39.04,252.8,False
2024-01-16T04:09:00,20.2,36.09,235.9,False
2024-01-16T04:09:30,22.47,35.93,262.8,False
2024-01-16T04:10:00,21.33,34.7,228.5,False
2024-01-16T04:10:30,27.97,43.44,274.7,False
2024-01-16T04:11:00,28.15,41.21,325.2,False
2024-01-16T04:11:30,22.36,41.1,202.6,False
2024-01-16T04:12:00,22.43,38.33,259.2,False
2024-01-16T04:12:30,21.13,39.25,242.3,False
2024-01-16T04:13:00,25.58,40.52,303.7,False
2024-01-16T04:13:30,21.29,38.72,365.8,False
2024-01-16T04:14:00,21.02,38.68,228.9,False
2024-01-16T04:14:30,25.24,39.71,318.2,False
2024-01-16T04:15:00,20.7,35.88,274.4,False
2024-01-16T04:15:30,22.22,40.63,300.1,False
2024-01-16T04:16:00,17.6,39.98,232.3,False
2024-01-16T04:16:30,24.47,43.55,353.4,False
2024-01-16T04:17:00,28.2,40.98,353.0,False
2024-01-16T04:17:30,24.55,38.8,324.5,False
2024-01-16T04:18:00,26.79,40.28,257.7,False
2024-01-16T04:18:30,19.88,37.59,262.9,False
2024-01-16T04:19:00,23.14,39.46,264.7,False
2024-01-16T04:19:30,19.62,35.81,222.5,False
2024-01-16T04:20:00,21.78,35.93,249.2,False
2024-01-16T04:20:30,24.79,40.5,296.1,False
2024-01-16T04:21:00,22.8,32.34,300.6,False
2024-01-16T04:21:30,18.27,36.94,285.4,False
2024-01-16T04:22:00,18.58,35.41,286.0,False
2024-01-16T04:22:30,18.39,38.77,258.9,False
2024-01-16T04:23:00,24.03,42.12,294.4,False
2024-01-16T04:23:30,28.76,44.54,317.1,False
2024-01-16T04:24:00,26.67,40.66,303.5,False
2024-01-16T04:24:30,16.91,34.2,204.1,False
2024-01-16T04:25:00,26.88,39.83,297.9,False
2024-01-16T04:25:30,25.44,41.31,317.7,False
2024-01-16T04:26:00,18.01,33.73,305.7,False
2024-01-16T04:26:30,21.75,41.69,268.0,False
2024-01-16T04:27:00,25.97,40.34,275.4,False
2024-01-16T04:27:30,24.35,41.2,333.5,False
2024-01-16T04:28:00,18.78,33.86,170.2,False
2024-01-16T04:28:30,24.56,38.46,338.2,False
2024-01-16T04:29:00,16.33,32.38,173.3,False
2024-01-16T04:29:30,22.09,41.12,303.0,False
2024-01-16T04:30:00,26.19,40.81,290.5,False
2024-01-16T04:30:30,22.85,40.6,295.6,False
2024-01-16T04:31:00,21.31,38.82,353.8,False
2024-01-16T04:31:30,25.5,41.72,270.5,False
2024-01-16T04:32:00,25.77,40.25,266.1,False
2024-01-16T04:32:30,26.79,41.03,317.5,False
2024-01-16T04:33:00,25.5,40.61,365.0,False
2024-01-16T04:33:30,26.14,41.92,316.3,False
2024-01-16T04:34:00,25.11,41.46,302.7,False
2024-01-16T04:34:30,23.73,45.53,296.6,False
2024-01-16T04:35:00,23.22,43.02,245.5,False
2024-01-16T04:35:30,22.25,35.62,285.2,False
2024-01-16T04:36:00,19.35,37.44,239.1,False
2024-01-16T04:36:30,20.14,37.31,314.0,False
2024-01-16T04:37:00,22.17,41.7,309.3,False
2024-01-16T04:37:30,23.76,39.3,237.1,False
2024-01-16T04:38:00,27.38,42.67,307.7,False
2024-01-16T04:38:30,22.95,34.86,304.7,False
2024-01-16T04:39:00,26.1,38.08,269.6,False
2024-01-16T04:39:30,26.35,45.42,267.6,False
2024-01-16T04:40:00,22.43,39.38,261.0,False
2024-01-16T04:40:30,24.93,38.53,313.2,False
2024-01-16T04:41:00,22.43,39.77,321.0,False
2024-01-16T04:41:30,27.15,39.54,326.5,False
2024-01-16T04:42:00,25.11,40.06,399.4,False
2024-01-16T04:42:30,19.65,34.99,230.1,False
2024-01-16T04:43:00,23.73,38.36,319.4,False
2024-01-16T04:43:30,28.2,41.34,281.3,False
2024-01-16T04:44:00,22.74,41.68,346.3,False
2024-01-16T04:44:30,24.64,41.32,351.5,False
2024-01-16T04:45:00,24.95,41.83,328.1,False
2024-01-16T04:45:30,20.23,38.14,192.4,False
2024-01-16T04:46:00,24.89,42.17,327.2,False
2024-01-16T04:46:30,19.19,35.93,220.8,False
2024-01-16T04:47:00,21.52,37.38,290.3,False
2024-01-16T04:47:30,26.64,42.22,254.9,False
2024-01-16T04:48:00,24.5,39.78,306.8,False
2024-01-16T04:48:30,22.54,39.33,266.2,False
2024-01-16T04:49:00,24.81,40.17,267.4,False
2024-01-16T04:49:30,23.31,42.25,310.2,False
2024-01-16T04:50:00,23.55,42.48,286.4,False
2024-01-16T04:50:30,25.51,39.59,295.8,False
2024-01-16T04:51:00,21.37,35.26,300.5,False
2024-01-16T04:51:30,23.7,38.52,365.7,False
2024-01-16T04:52:00,22.66,37.63,292.3,False
2024-01-16T04:52:30,18.86,39.19,178.6,False
2024-01-16T04:53:00,20.88,40.38,204.7,False
2024-01-16T04:53:30,28.36,40.22,329.7,False
2024-01-16T04:54:00,24.83,39.01,339.7,False
2024-01-16T04:54:30,19.73,35.01,263.2,False
2024-01-16T04:55:00,19.1,37.93,273.3,False
2024-01-16T04:55:30,23.4,39.72,284.9,False
2024-01-16T04:56:00,28.45,43.91,366.1,False
2024-01-16T04:56:30,23.22,40.72,310.4,False
2024-01-16T04:57:00,27.73,43.2,281.0,False
2024-01-16T04:57:30,24.88,37.47,317.0,False
2024-01-16T04:58:00,25.26,39.49,240.4,False
2024-01-16T04:58:30,19.86,39.95,276.8,False
2024-01-16T04:59:00,26.7,40.39,302.3,False
2024-01-16T04:59:30,22.91,36.32,289.7,False
2024-01-16T05:00:00,26.52,43.0,325.1,False
2024-01-16T05:00:30,21.51,37.73,283.4,False
2024-01-16T05:01:00,24.51,42.51,352.8,False
2024-01-16T05:01:30,25.06,40.62,301.8,False
2024-01-16T05:02:00,23.56,39.35,296.0,False
2024-01-16T05:02:30,25.26,43.49,355.3,False
2024-01-16T05:03:00,23.27,37.16,362.0,False
2024-01-16T05:03:30,22.14,42.07,276.4,False
2024-01-16T05:04:00,28.93,41.32,310.9,False
2024-01-16T05:04:30,27.28,42.1,299.7,False
2024-01-16T05:05:00,21.87,39.42,293.0,False
2024-01-16T05:05:30,25.88,40.23,298.9,False
2024-01-16T05:06:00,21.97,37.6,205.8,False
2024-01-16T05:06:30,20.67,37.74,310.3,False
2024-01-16T05:07:00,27.35,39.79,351.4,False
2024-01-16T05:07:30,19.16,41.65,299.1,False
2024-01-16T05:08:00,27.07,40.72,370.4,False
2024-01-16T05:08:30,23.56,42.25,296.1,False
2024-01-16T05:09:00,23.71,42.06,300.1,False
2024-01-16T05:09:30,25.59,41.67,345.0,False
2024-01-16T05:10:00,26.13,40.95,260.4,False
2024-01-16T05:10:30,21.93,39.51,261.4,False
2024-01-16T05:11:00,26.59,42.59,310.3,False
2024-01-16T05:11:30,24.8,40.76,335.3,False
2024-01-16T05:12:00,20.71,35.38,244.2,False
2024-01-16T05:12:30,24.0,36.52,263.5,False
2024-01-16T05:13:00,28.67,45.52,312.1,False
2024-01-16T05:13:30,29.58,37.68,355.4,False
2024-01-16T05:14:00,26.73,41.92,311.1,False
2024-01-16T05:14:30,21.03,38.21,210.2,False
2024-01-16T05:15:00,26.1,41.54,258.6,False
2024-01-16T05:15:30,27.2,39.49,323.1,False
2024-01-16T05:16:00,26.85,42.3,321.6,False
2024-01-16T05:16:30,27.05,42.11,317.5,False
2024-01-16T05:17:00,25.81,46.6,287.7,False
2024-01-16T05:17:30,24.53,40.7,327.7,False
2024-01-16T05:18:00,22.95,42.35,298.3,False
2024-01-16T05:18:30,19.1,34.73,266.2,False
2024-01-16T05:19:00,25.84,43.14,321.5,False
2024-01-16T05:19:30,25.4,41.34,367.1,False
2024-01-16T05:20:00,26.54,41.99,271.4,False
2024-01-16T05:20:30,20.88,39.19,250.2,False
2024-01-16T05:21:00,26.86,45.03,301.4,False
2024-01-16T05:21:30,31.11,44.25,399.2,False
2024-01-16T05:22:00,25.21,39.22,286.7,False
2024-01-16T05:22:30,24.81,39.36,266.8,False
2024-01-16T05:23:00,25.95,42.8,303.4,False
2024-01-16T05:23:30,31.15,44.66,353.3,False
2024-01-16T05:24:00,22.0,36.14,323.9,False
2024-01-16T05:24:30,25.71,42.08,290.5,False
2024-01-16T05:25:00,22.73,37.4,254.3,False
2024-01-16T05:25:30,23.51,40.83,251.7,False
2024-01-16T05:26:00,25.03,39.1,286.5,False
2024-01-16T05:26:30,29.25,42.26,436.5,False
2024-01-16T05:27:00,30.63,42.43,360.4,False
2024-01-16T05:27:30,26.6,44.54,336.7,False
2024-01-16T05:28:00,24.15,41.09,293.2,False
2024-01-16T05:28:30,32.79,47.12,367.8,False
2024-01-16T05:29:00,24.05,46.03,323.9,False
2024-01-16T05:29:30,23.65,40.13,311.7,False
2024-01-16T05:30:00,20.06,41.25,274.5,False
2024-01-16T05:30:30,29.6,41.62,337.5,False
2024-01-16T05:31:00,28.35,44.9,312.7,False
2024-01-16T05:31:30,32.72,42.96,378.7,False
2024-01-16T05:32:00,21.33,38.84,273.9,False
2024-01-16T05:32:30,29.9,44.24,424.5,False
2024-01-16T05:33:00,25.76,42.49,348.1,False
2024-01-16T05:33:30,27.99,39.67,297.0,False
2024-01-16T05:34:00,20.66,36.82,218.5,False
2024-01-16T05:34:30,30.03,44.47,324.3,False
2024-01-16T05:35:00,28.02,41.5,280.8,False
2024-01-16T05:35:30,25.57,38.22,286.2,False
2024-01-16T05:36:00,27.65,41.91,282.4,False
2024-01-16T05:36:30,23.44,39.72,274.5,False
2024-01-16T05:37:00,24.03,40.6,279.6,False
2024-01-16T05:37:30,24.4,41.5,301.1,False
2024-01-16T05:38:00,20.26,39.3,253.8,False
2024-01-16T05:38:30,28.44,40.92,291.4,False
2024-01-16T05:39:00,29.45,42.14,384.2,False
2024-01-16T05:39:30,23.8,42.0,306.5,False
2024-01-16T05:40:00,26.98,40.65,294.0,False
2024-01-16T05:40:30,25.17,40.04,265.9,False
2024-01-16T05:41:00,26.97,38.72,257.1,False
2024-01-16T05:41:30,24.14,40.26,231.5,False
2024-01-16T05:42:00,23.4,40.64,329.1,False
2024-01-16T05:42:30,29.23,38.91,371.5,False
2024-01-16T05:43:00,25.91,39.07,283.9,False
2024-01-16T05:43:30,32.2,41.51,412.2,False
2024-01-16T05:44:00,26.3,42.98,335.1,False
2024-01-16T05:44:30,23.41,36.14,295.4,False
2024-01-16T05:45:00,29.9,43.05,373.7,False
2024-01-16T05:45:30,28.14,43.76,349.9,False
2024-01-16T05:46:00,28.46,42.86,333.8,False
2024-01-16T05:46:30,29.88,42.32,329.4,False
2024-01-16T05:47:00,24.38,41.14,290.7,False
2024-01-16T05:47:30,25.98,43.33,243.5,False
2024-01-16T05:48:00,25.88,40.99,275.0,False
2024-01-16T05:48:30,22.55,35.06,352.4,False
2024-01-16T05:49:00,25.66,43.39,272.2,False
2024-01-16T05:49:30,30.49,44.32,269.9,False
2024-01-16T05:50:00,27.22,41.82,353.9,False
2024-01-16T05:50:30,22.5,35.56,289.9,False
2024-01-16T05:51:00,21.9,38.63,287.4,False
2024-01-16T05:51:30,31.59,42.32,346.4,False
2024-01-16T05:52:00,26.36,39.02,347.3,False
2024-01-16T05:52:30,24.72,40.36,358.9,False
2024-01-16T05:53:00,25.87,40.14,286.1,False
2024-01-16T05:53:30,22.29,38.49,303.6,False
2024-01-16T05:54:00,31.02,45.27,392.9,False
2024-01-16T05:54:30,25.6,41.6,281.7,False
2024-01-16T05:55:00,30.91,42.75,407.7,False
2024-01-16T05:55:30,26.99,40.54,360.5,False
2024-01-16T05:56:00,31.16,42.96,299.6,False
2024-01-16T05:56:30,27.67,41.63,385.1,False
2024-01-16T05:57:00,29.49,44.21,288.3,False
2024-01-16T05:57:30,29.12,40.77,305.4,False
2024-01-16T05:58:00,28.86,45.64,358.2,False
2024-01-16T05:58:30,28.06,43.5,366.2,False
2024-01-16T05:59:00,26.35,36.0,314.8,False
2024-01-16T05:59:30,32.83,44.89,337.4,False
2024-01-16T06:00:00,24.39,42.58,284.7,False
2024-01-16T06:00:30,27.16,42.66,302.1,False
2024-01-16T06:01:00,27.22,41.09,351.4,False
2024-01-16T06:01:30,28.41,42.39,311.1,False
2024-01-16T06:02:00,25.95,41.64,281.5,False
2024-01-16T06:02:30,28.21,43.96,266.6,False
2024-01-16T06:03:00,26.79,38.88,290.6,False
2024-01-16T06:03:30,22.58,38.4,275.9,False
2024-01-16T06:04:00,27.39,45.29,273.9,False
2024-01-16T06:04:30,24.09,40.43,222.9,False
2024-01-16T06:05:00,22.22,42.48,317.0,False
2024-01-16T06:05:30,27.87,48.22,282.9,False
2024-01-16T06:06:00,28.95,41.81,279.2,False
2024-01-16T06:06:30,29.1,40.48,395.6,False
2024-01-16T06:07:00,29.25,42.42,368.0,False
2024-01-16T06:07:30,21.79,41.42,315.3,False
2024-01-16T06:08:00,23.53,42.57,308.5,False
2024-01-16T06:08:30,33.57,49.66,421.0,False
2024-01-16T06:09:00,24.54,40.52,331.6,False
2024-01-16T06:09:30,29.54,44.08,322.6,False
2024-01-16T06:10:00,25.68,39.75,262.9,False
2024-01-16T06:10:30,28.01,37.33,272.8,False
2024-01-16T06:11:00,25.91,41.21,301.7,False
2024-01-16T06:11:30,29.52,40.79,292.2,False
2024-01-16T06:12:00,28.28,43.77,294.4,False
2024-01-16T06:12:30,26.56,37.86,306.4,False
2024-01-16T06:13:00,24.79,39.26,354.2,False
2024-01-16T06:13:30,28.77,43.26,269.8,False
2024-01-16T06:14:00,24.36,41.27,296.1,False
2024-01-16T06:14:30,29.32,42.91,284.5,False
2024-01-16T06:15:00,35.95,50.06,365.3,False
2024-01-16T06:15:30,32.15,47.56,394.4,False
2024-01-16T06:16:00,30.29,42.13,308.4,False
2024-01-16T06:16:30,27.91,45.53,312.7,False
2024-01-16T06:17:00,22.38,43.07,284.7,False
2024-01-16T06:17:30,24.27,40.24,322.2,False
2024-01-16T06:18:00,32.11,44.5,335.0,False
2024-01-16T06:18:30,25.93,41.22,357.9,False
2024-01-16T06:19:00,26.23,40.19,292.1,False
2024-01-16T06:19:30,27.87,41.2,342.3,False
2024-01-16T06:20:00,25.21,43.61,294.1,False
2024-01-16T06:20:30,24.75,41.61,327.7,False
2024-01-16T06:21:00,28.31,41.41,407.6,False
2024-01-16T06:21:30,25.82,39.43,295.5,False
2024-01-16T06:22:00,26.31,40.01,309.8,False
2024-01-16T06:22:30,26.22,41.15,292.5,False
2024-01-16T06:23:00,30.17,45.28,317.9,False
2024-01-16T06:23:30,27.94,40.62,295.5,False
2024-01-16T06:24:00,28.13,44.24,324.3,False
2024-01-16T06:24:30,30.49,44.02,312.9,False
2024-01-16T06:25:00,28.31,42.82,296.6,False
2024-01-16T06:25:30,27.94,44.4,196.9,False
2024-01-16T06:26:00,30.22,45.18,397.1,False
2024-01-16T06:26:30,30.84,40.99,412.5,False
2024-01-16T06:27:00,28.43,40.43,353.4,False
2024-01-16T06:27:30,29.15,42.5,298.2,False
2024-01-16T06:28:00,26.6,42.4,262.2,False
2024-01-16T06:28:30,26.39,44.31,248.6,False
2024-01-16T06:29:00,31.32,44.18,376.1,False
2024-01-16T06:29:30,30.38,46.99,393.6,False
2024-01-16T06:30:00,30.45,42.2,350.2,False
2024-01-16T06:30:30,29.96,42.3,374.0,False
2024-01-16T06:31:00,29.29,42.43,352.1,False
2024-01-16T06:31:30,31.27,42.4,319.3,False
2024-01-16T06:32:00,32.02,46.73,396.6,False
2024-01-16T06:32:30,31.99,38.85,393.7,False
2024-01-16T06:33:00,28.99,41.89,292.3,False
2024-01-16T06:33:30,33.48,47.44,400.2,False
2024-01-16T06:34:00,30.04,42.8,334.4,False
2024-01-16T06:34:30,31.29,46.2,339.9,False
2024-01-16T06:35:00,30.27,47.94,357.8,False
2024-01-16T06:35:30,30.2,43.67,356.0,False
2024-01-16T06:36:00,27.29,44.39,353.9,False
2024-01-16T06:36:30,31.64,49.07,319.1,False
2024-01-16T06:37:00,38.11,48.27,427.5,False
2024-01-16T06:37:30,28.48,42.56,281.4,False
2024-01-16T06:38:00,29.85,45.15,331.7,False
2024-01-16T06:38:30,28.34,44.96,322.2,False
2024-01-16T06:39:00,28.25,42.47,364.8,False
2024-01-16T06:39:30,34.38,44.64,375.4,False
2024-01-16T06:40:00,27.76,45.74,311.6,False
2024-01-16T06:40:30,28.4,42.08,384.2,False
2024-01-16T06:41:00,25.09,43.36,283.6,False
2024-01-16T06:41:30,27.62,42.76,302.1,False
2024-01-16T06:42:00,24.8,44.48,223.4,False
2024-01-16T06:42:30,31.86,42.66,346.2,False
2024-01-16T06:43:00,38.4,45.93,369.6,False
2024-01-16T06:43:30,28.93,44.61,321.4,False
2024-01-16T06:44:00,25.07,38.71,310.2,False
2024-01-16T06:44:30,32.81,45.07,319.1,False
2024-01-16T06:45:00,27.96,45.52,290.8,False
2024-01-16T06:45:30,34.08,41.91,308.6,False
2024-01-16T06:46:00,29.37,43.93,314.6,False
2024-01-16T06:46:30,28.36,45.04,289.1,False
2024-01-16T06:47:00,29.75,43.27,423.8,False
2024-01-16T06:47:30,32.6,42.89,421.0,False
2024-01-16T06:48:00,29.68,42.76,391.1,False
2024-01-16T06:48:30,28.91,41.23,279.5,False
2024-01-16T06:49:00,29.84,43.51,331.6,False
2024-01-16T06:49:30,26.66,41.23,265.1,False
2024-01-16T06:50:00,31.7,43.28,427.3,False
2024-01-16T06:50:30,25.19,41.98,334.7,False
2024-01-16T06:51:00,29.25,46.24,291.9,False
2024-01-16T06:51:30,32.9,45.56,378.0,False
2024-01-16T06:52:00,31.57,46.93,293.2,False
2024-01-16T06:52:30,32.46,47.85,354.3,False
2024-01-16T06:53:00,30.54,42.56,337.3,False
2024-01-16T06:53:30,34.28,46.15,403.8,False
2024-01-16T06:54:00,33.58,44.4,408.1,False
2024-01-16T06:54:30,32.18,41.59,358.3,False
2024-01-16T06:55:00,33.66,46.01,360.3,False
2024-01-16T06:55:30,33.17,42.95,235.9,False
2024-01-16T06:56:00,29.64,44.26,399.6,False
2024-01-16T06:56:30,26.96,38.84,289.4,False
2024-01-16T06:57:00,32.29,44.96,362.4,False
2024-01-16T06:57:30,32.7,41.69,452.0,False
2024-01-16T06:58:00,34.38,47.01,327.2,False
2024-01-16T06:58:30,28.33,41.86,327.5,False
2024-01-16T06:59:00,28.46,41.73,347.6,False
2024-01-16T06:59:30,32.6,47.03,404.5,False
2024-01-16T07:00:00,31.04,43.36,348.4,False
2024-01-16T07:00:30,25.64,41.52,352.1,False
2024-01-16T07:01:00,32.46,44.32,343.0,False
2024-01-16T07:01:30,25.81,42.41,328.2,False
2024-01-16T07:02:00,28.57,44.86,345.1,False
2024-01-16T07:02:30,35.5,47.91,380.3,False
2024-01-16T07:03:00,36.96,46.04,408.6,False
2024-01-16T07:03:30,27.87,44.85,288.0,False
2024-01-16T07:04:00,30.57,41.95,332.6,False
2024-01-16T07:04:30,31.72,42.87,302.3,False
2024-01-16T07:05:00,36.98,46.73,378.2,False
2024-01-16T07:05:30,30.19,45.69,387.1,False
2024-01-16T07:06:00,30.28,41.3,359.1,False
2024-01-16T07:06:30,36.4,48.48,403.5,False
2024-01-16T07:07:00,30.66,43.73,281.4,False
2024-01-16T07:07:30,33.99,44.63,384.7,False
2024-01-16T07:08:00,27.43,44.42,317.0,False
2024-01-16T07:08:30,31.39,42.6,372.6,False
2024-01-16T07:09:00,26.96,46.56,371.0,False
2024-01-16T07:09:30,28.81,42.57,314.2,False
2024-01-16T07:10:00,34.54,46.08,363.7,False
2024-01-16T07:10:30,31.91,47.55,392.0,False
2024-01-16T07:11:00,31.14,44.44,325.0,False
2024-01-16T07:11:30,29.89,45.84,342.6,False
2024-01-16T07:12:00,31.51,40.37,272.2,False
2024-01-16T07:12:30,33.12,44.19,352.6,False
2024-01-16T07:13:00,35.2,46.92,433.8,False
2024-01-16T07:13:30,24.42,42.89,308.7,False
2024-01-16T07:14:00,29.84,44.98,374.7,False
2024-01-16T07:14:30,32.85,46.3,401.0,False
2024-01-16T07:15:00,32.11,46.71,410.9,False
2024-01-16T07:15:30,33.66,46.31,355.4,False
2024-01-16T07:16:00,33.29,40.89,404.0,False
2024-01-16T07:16:30,31.61,47.22,442.8,False
2024-01-16T07:17:00,30.99,42.35,346.8,False
2024-01-16T07:17:30,31.87,45.1,302.2,False
2024-01-16T07:18:00,36.09,46.94,364.9,False
2024-01-16T07:18:30,30.49,43.88,362.6,False
2024-01-16T07:19:00,32.53,42.59,293.8,False
2024-01-16T07:19:30,33.31,41.32,336.0,False
2024-01-16T07:20:00,37.48,45.28,386.7,False
2024-01-16T07:20:30,31.94,46.17,359.9,False
2024-01-16T07:21:00,35.76,43.53,457.9,False
2024-01-16T07:21:30,36.62,45.1,420.4,False
2024-01-16T07:22:00,32.77,45.77,317.6,False
2024-01-16T07:22:30,32.37,42.68,513.7,False
2024-01-16T07:23:00,32.05,43.49,355.8,False
2024-01-16T07:23:30,32.31,44.87,291.3,False
2024-01-16T07:24:00,35.68,46.96,343.9,False
2024-01-16T07:24:30,33.85,43.39,329.5,False
2024-01-16T07:25:00,33.91,45.79,317.3,False
2024-01-16T07:25:30,29.86,44.29,359.4,False
2024-01-16T07:26:00,30.38,41.2,236.3,False
2024-01-16T07:26:30,39.75,48.87,457.3,False
2024-01-16T07:27:00,32.83,43.54,395.2,False
2024-01-16T07:27:30,31.08,44.35,330.3,False
2024-01-16T07:28:00,37.73,48.88,438.5,False
2024-01-16T07:28:30,34.33,45.38,330.9,False
2024-01-16T07:29:00,35.25,48.02,348.3,False
2024-01-16T07:29:30,33.15,46.73,387.2,False
2024-01-16T07:30:00,32.64,46.71,352.8,False
2024-01-16T07:30:30,33.13,45.95,340.1,False
2024-01-16T07:31:00,29.53,45.54,331.7,False
2024-01-16T07:31:30,33.46,46.08,420.4,False
2024-01-16T07:32:00,34.65,42.57,428.4,False
2024-01-16T07:32:30,39.35,46.67,431.9,False
2024-01-16T07:33:00,34.1,45.21,358.6,False
2024-01-16T07:33:30,26.88,41.85,335.9,False
2024-01-16T07:34:00,33.64,46.12,334.6,False
2024-01-16T07:34:30,42.18,48.06,484.2,False
2024-01-16T07:35:00,36.6,50.91,430.9,False
2024-01-16T07:35:30,31.61,44.19,430.2,False
2024-01-16T07:36:00,35.86,46.51,354.8,False
2024-01-16T07:36:30,31.9,43.2,318.2,False
2024-01-16T07:37:00,30.11,41.64,362.9,False
2024-01-16T07:37:30,33.16,44.92,354.4,False
2024-01-16T07:38:00,34.53,45.91,416.2,False
2024-01-16T07:38:30,28.67,42.76,382.1,False
2024-01-16T07:39:00,30.88,47.35,415.2,False
2024-01-16T07:39:30,34.4,45.55,377.6,False
2024-01-16T07:40:00,33.19,45.03,400.7,False
2024-01-16T07:40:30,35.64,48.05,364.4,False
2024-01-16T07:41:00,30.85,43.69,355.5,False
2024-01-16T07:41:30,36.68,48.03,391.3,False
2024-01-16T07:42:00,31.03,41.56,343.9,False
2024-01-16T07:42:30,39.55,45.84,489.3,False
2024-01-16T07:43:00,29.51,43.61,282.4,False
2024-01-16T07:43:30,31.42,43.86,351.2,False
2024-01-16T07:44:00,36.0,44.99,390.1,False
2024-01-16T07:44:30,39.78,48.75,444.0,False
2024-01-16T07:45:00,35.77,46.92,342.3,False
2024-01-16T07:45:30,36.56,45.48,380.5,False
2024-01-16T07:46:00,34.96,45.06,355.9,False
2024-01-16T07:46:30,31.87,44.99,264.9,False
2024-01-16T07:47:00,33.52,43.34,414.7,False
2024-01-16T07:47:30,31.4,43.12,292.4,False
2024-01-16T07:48:00,31.24,45.31,285.8,False
2024-01-16T07:48:30,36.32,46.74,428.5,False
2024-01-16T07:49:00,31.79,43.57,340.9,False
2024-01-16T07:49:30,50.31,51.98,790.5,False
2024-01-16T07:50:00,64.46,58.84,904.4,False
2024-01-16T07:50:30,78.61,67.68,1071.9,False
2024-01-16T07:51:00,78.18,71.78,1003.4,False
2024-01-16T07:51:30,79.48,69.51,1059.7,False
2024-01-16T07:52:00,75.66,63.8,959.6,False
2024-01-16T07:52:30,77.79,68.95,1035.5,False
2024-01-16T07:53:00,78.49,66.37,1064.1,False
2024-01-16T07:53:30,78.48,67.87,1084.1,False
2024-01-16T07:54:00,81.12,68.03,987.0,False
2024-01-16T07:54:30,78.28,71.83,1014.3,False
2024-01-16T07:55:00,79.6,66.18,1100.8,False
2024-01-16T07:55:30,80.42,69.49,1080.3,False
2024-01-16T07:56:00,79.28,66.92,1026.3,False
2024-01-16T07:56:30,77.94,69.1,1023.7,False
2024-01-16T07:57:00,77.33,67.9,1030.5,False
2024-01-16T07:57:30,79.36,70.84,1020.0,False
2024-01-16T07:58:00,65.01,62.6,941.9,False
2024-01-16T07:58:30,46.98,50.76,795.4,False
2024-01-16T07:59:00,31.89,50.44,610.5,False
2024-01-16T07:59:30,33.13,45.79,345.4,True
2024-01-16T08:00:00,27.34,40.68,300.5,True
2024-01-16T08:00:30,29.67,43.36,327.1,True
2024-01-16T08:01:00,30.47,44.61,354.6,True
2024-01-16T08:01:30,30.55,44.58,351.7,True
2024-01-16T08:02:00,25.34,41.78,274.0,True
2024-01-16T08:02:30,28.48,44.29,381.4,True
2024-01-16T08:03:00,25.18,42.45,301.7,True
2024-01-16T08:03:30,34.97,43.91,438.3,True
2024-01-16T08:04:00,25.31,44.99,360.0,True
2024-01-16T08:04:30,33.32,48.72,324.2,False
2024-01-16T08:05:00,33.38,46.42,347.4,False
2024-01-16T08:05:30,32.05,44.23,339.7,False
2024-01-16T08:06:00,40.64,48.56,437.7,False
2024-01-16T08:06:30,43.9,49.43,480.2,False
2024-01-16T08:07:00,35.24,45.37,387.8,False
2024-01-16T08:07:30,32.75,40.14,340.0,False
2024-01-16T08:08:00,30.04,46.22,406.4,False
2024-01-16T08:08:30,36.07,48.53,371.0,False
2024-01-16T08:09:00,35.89,42.73,416.8,False
2024-01-16T08:09:30,34.93,47.39,377.9,False
2024-01-16T08:10:00,37.59,46.92,398.1,False
2024-01-16T08:10:30,38.15,46.82,432.2,False
2024-01-16T08:11:00,37.98,48.12,465.6,False
2024-01-16T08:11:30,36.11,42.72,401.0,False
2024-01-16T08:12:00,33.79,45.02,350.8,False
2024-01-16T08:12:30,39.14,47.88,472.3,False
2024-01-16T08:13:00,37.22,46.92,417.5,False
2024-01-16T08:13:30,39.89,45.36,425.9,False
2024-01-16T08:14:00,39.64,48.87,458.2,False
2024-01-16T08:14:30,33.04,46.8,377.2,False
2024-01-16T08:15:00,33.05,45.5,462.7,False
2024-01-16T08:15:30,35.13,45.27,381.1,False
2024-01-16T08:16:00,34.27,50.67,420.1,False
2024-01-16T08:16:30,39.75,46.19,435.7,False
2024-01-16T08:17:00,38.58,49.0,426.2,False
2024-01-16T08:17:30,40.86,49.08,412.4,False
2024-01-16T08:18:00,38.8,51.59,396.1,False
2024-01-16T08:18:30,38.28,48.08,426.1,False
2024-01-16T08:19:00,41.29,50.02,395.6,False
2024-01-16T08:19:30,39.15,48.76,390.2,False
2024-01-16T08:20:00,37.99,45.05,404.5,False
2024-01-16T08:20:30,42.27,47.57,487.7,False
2024-01-16T08:21:00,38.21,46.73,408.9,False
2024-01-16T08:21:30,37.0,48.59,398.6,False
2024-01-16T08:22:00,35.44,46.37,341.2,False
2024-01-16T08:22:30,40.11,47.82,488.7,False
2024-01-16T08:23:00,41.75,51.8,478.3,False
2024-01-16T08:23:30,37.93,43.18,452.2,False
2024-01-16T08:24:00,42.05,46.62,378.3,False
2024-01-16T08:24:30,32.26,39.32,372.1,False
2024-01-16T08:25:00,38.05,49.63,366.8,False
2024-01-16T08:25:30,38.14,47.06,435.9,False
2024-01-16T08:26:00,36.12,48.18,401.8,False
2024-01-16T08:26:30,45.49,50.72,484.7,False
2024-01-16T08:27:00,38.19,49.33,376.8,False
2024-01-16T08:27:30,37.2,46.54,356.0,False
2024-01-16T08:28:00,38.55,48.29,382.8,False
2024-01-16T08:28:30,32.51,44.98,372.4,False
2024-01-16T08:29:00,36.28,47.01,380.5,False
2024-01-16T08:29:30,41.55,52.35,442.5,False
2024-01-16T08:30:00,36.76,43.33,353.1,False
2024-01-16T08:30:30,36.2,46.17,389.3,False
2024-01-16T08:31:00,42.66,49.93,497.1,False
2024-01-16T08:31:30,42.79,49.7,455.7,False
2024-01-16T08:32:00,40.37,47.6,438.7,False
2024-01-16T08:32:30,37.5,45.89,416.1,False
2024-01-16T08:33:00,38.19,50.37,385.0,False
2024-01-16T08:33:30,36.53,46.34,457.5,False
2024-01-16T08:34:00,36.01,51.09,402.3,False
2024-01-16T08:34:30,35.9,47.22,394.3,False
2024-01-16T08:35:00,37.22,46.25,425.3,False
2024-01-16T08:35:30,36.02,47.33,425.8,False
2024-01-16T08:36:00,34.47,45.68,326.0,False
2024-01-16T08:36:30,39.87,50.84,421.2,False
2024-01-16T08:37:00,39.95,45.87,509.0,False
2024-01-16T08:37:30,44.4,46.82,521.4,False
2024-01-16T08:38:00,37.33,47.62,394.4,False
2024-01-16T08:38:30,40.27,50.04,451.3,False
2024-01-16T08:39:00,40.36,48.98,409.8,False
2024-01-16T08:39:30,38.71,48.93,423.8,False
2024-01-16T08:40:00,41.74,50.16,415.6,False
2024-01-16T08:40:30,41.88,46.21,416.0,False
2024-01-16T08:41:00,40.58,49.09,401.0,False
2024-01-16T08:41:30,38.88,50.31,478.3,False
2024-01-16T08:42:00,38.61,47.89,389.7,False
2024-01-16T08:42:30,35.63,43.43,430.7,False
2024-01-16T08:43:00,37.35,46.25,381.6,False
2024-01-16T08:43:30,37.95,48.33,381.8,False
2024-01-16T08:44:00,36.49,50.08,407.5,False
2024-01-16T08:44:30,41.22,44.95,377.8,False
2024-01-16T08:45:00,43.54,50.74,474.9,False
2024-01-16T08:45:30,37.27,45.02,392.7,False
2024-01-16T08:46:00,40.88,49.71,405.0,False
2024-01-16T08:46:30,36.97,47.92,365.2,False
2024-01-16T08:47:00,39.21,47.39,492.5,False
2024-01-16T08:47:30,38.09,48.57,403.4,False
2024-01-16T08:48:00,42.01,51.54,433.0,False
2024-01-16T08:48:30,38.22,47.04,440.6,False
2024-01-16T08:49:00,43.33,47.25,413.0,False
2024-01-16T08:49:30,39.6,50.91,462.2,False
2024-01-16T08:50:00,38.43,49.14,406.0,False
2024-01-16T08:50:30,36.67,47.73,338.0,False
2024-01-16T08:51:00,41.23,47.5,408.6,False
2024-01-16T08:51:30,43.2,51.84,401.8,False
2024-01-16T08:52:00,41.38,53.04,434.3,False
2024-01-16T08:52:30,47.32,51.69,446.8,False
2024-01-16T08:53:00,44.93,50.93,423.3,False
2024-01-16T08:53:30,39.76,46.03,429.8,False
2024-01-16T08:54:00,39.78,46.72,420.0,False
2024-01-16T08:54:30,42.18,47.22,485.8,False
2024-01-16T08:55:00,38.3,47.69,453.0,False
2024-01-16T08:55:30,44.36,49.78,457.3,False
2024-01-16T08:56:00,41.99,50.02,455.9,False
2024-01-16T08:56:30,41.72,47.36,377.4,False
2024-01-16T08:57:00,43.05,49.48,472.3,False
2024-01-16T08:57:30,46.2,49.48,486.1,False
2024-01-16T08:58:00,41.59,49.46,470.9,False
2024-01-16T08:58:30,40.78,45.42,414.0,False
2024-01-16T08:59:00,45.69,51.44,453.6,False
2024-01-16T08:59:30,44.11,49.79,441.3,False
2024-01-16T09:00:00,40.29,48.8,679.7,False
2024-01-16T09:00:30,41.31,45.65,641.8,False
2024-01-16T09:01:00,41.93,50.57,575.6,False
2024-01-16T09:01:30,42.47,48.94,665.5,False
2024-01-16T09:02:00,37.36,47.41,580.3,False
2024-01-16T09:02:30,36.85,42.98,638.1,False
2024-01-16T09:03:00,38.85,45.24,632.4,False
2024-01-16T09:03:30,38.67,46.86,658.9,False
2024-01-16T09:04:00,39.67,50.89,658.9,False
2024-01-16T09:04:30,43.55,51.14,685.9,False
2024-01-16T09:05:00,41.18,49.16,674.9,False
2024-01-16T09:05:30,42.32,47.62,671.2,False
2024-01-16T09:06:00,38.11,45.15,577.1,False
2024-01-16T09:06:30,40.44,49.08,577.8,False
2024-01-16T09:07:00,43.63,51.53,615.8,False
2024-01-16T09:07:30,43.69,50.58,678.8,False
2024-01-16T09:08:00,39.78,51.63,529.3,False
2024-01-16T09:08:30,42.48,48.19,639.2,False
2024-01-16T09:09:00,48.64,53.0,678.5,False
2024-01-16T09:09:30,42.03,45.95,685.2,False
2024-01-16T09:10:00,40.05,48.77,615.7,False
2024-01-16T09:10:30,41.65,52.09,618.5,False
2024-01-16T09:11:00,42.49,47.49,692.6,False
2024-01-16T09:11:30,41.8,50.91,630.8,False
2024-01-16T09:12:00,42.21,52.32,627.5,False
2024-01-16T09:12:30,38.01,45.96,584.5,False
2024-01-16T09:13:00,39.5,49.02,627.4,False
2024-01-16T09:13:30,41.98,52.49,622.6,False
2024-01-16T09:14:00,41.98,49.79,622.7,False
2024-01-16T09:14:30,40.82,50.32,684.6,False
2024-01-16T09:15:00,42.03,45.81,638.2,False
2024-01-16T09:15:30,42.79,50.93,624.4,False
2024-01-16T09:16:00,45.32,52.03,622.7,False
2024-01-16T09:16:30,42.4,46.89,647.1,False
2024-01-16T09:17:00,43.93,48.38,629.1,False
2024-01-16T09:17:30,41.16,50.13,614.5,False
2024-01-16T09:18:00,44.54,50.01,622.3,False
2024-01-16T09:18:30,43.99,52.57,659.8,False
2024-01-16T09:19:00,45.51,51.73,611.9,False
2024-01-16T09:19:30,45.09,51.01,677.2,False
2024-01-16T09:20:00,44.76,50.39,636.3,False
2024-01-16T09:20:30,42.75,50.31,670.6,False
2024-01-16T09:21:00,43.82,51.87,670.0,False
2024-01-16T09:21:30,46.32,52.58,674.7,False
2024-01-16T09:22:00,41.22,48.12,663.6,False
2024-01-16T09:22:30,41.33,51.5,692.9,False
2024-01-16T09:23:00,43.8,51.58,701.2,False
2024-01-16T09:23:30,44.55,51.41,603.9,False
2024-01-16T09:24:00,40.87,48.99,602.8,False
2024-01-16T09:24:30,43.16,50.95,626.0,False
2024-01-16T09:25:00,43.15,46.28,670.7,False
2024-01-16T09:25:30,36.83,47.27,573.7,False
2024-01-16T09:26:00,42.86,53.08,620.4,False
2024-01-16T09:26:30,43.09,50.36,615.4,False
2024-01-16T09:27:00,43.12,50.1,657.0,False
2024-01-16T09:27:30,47.9,51.13,708.6,False
2024-01-16T09:28:00,40.04,49.39,571.9,False
2024-01-16T09:28:30,41.26,48.62,609.5,False
2024-01-16T09:29:00,35.94,48.97,511.7,False
2024-01-16T09:29:30,42.38,47.84,543.4,False
2024-01-16T09:30:00,42.68,48.82,660.8,False
2024-01-16T09:30:30,42.38,48.37,651.6,False
2024-01-16T09:31:00,47.27,55.69,685.1,False
2024-01-16T09:31:30,46.58,51.3,736.1,False
2024-01-16T09:32:00,44.27,49.43,587.1,False
2024-01-16T09:32:30,42.97,45.69,560.6,False
2024-01-16T09:33:00,47.2,50.17,632.7,False
2024-01-16T09:33:30,44.11,51.5,568.1,False
2024-01-16T09:34:00,41.76,50.32,609.5,False
2024-01-16T09:34:30,39.11,46.65,636.2,False
2024-01-16T09:35:00,42.97,48.69,655.6,False
2024-01-16T09:35:30,46.6,55.42,713.9,False
2024-01-16T09:36:00,51.21,59.4,724.5,False
2024-01-16T09:36:30,44.61,53.01,640.7,False
2024-01-16T09:37:00,42.17,52.61,616.3,False
2024-01-16T09:37:30,40.96,52.43,645.2,False
2024-01-16T09:38:00,46.21,55.94,608.5,False
2024-01-16T09:38:30,39.3,47.46,487.3,False
2024-01-16T09:39:00,46.29,49.8,686.0,False
2024-01-16T09:39:30,47.14,55.65,686.5,False
2024-01-16T09:40:00,46.04,49.5,731.1,False
2024-01-16T09:40:30,44.11,48.41,680.8,False
2024-01-16T09:41:00,46.51,49.66,684.4,False
2024-01-16T09:41:30,45.37,50.84,650.5,False
2024-01-16T09:42:00,42.56,45.73,608.1,False
2024-01-16T09:42:30,50.49,50.8,692.7,False
2024-01-16T09:43:00,43.93,49.14,689.6,False
2024-01-16T09:43:30,47.36,49.71,697.4,False
2024-01-16T09:44:00,37.81,49.46,639.9,False
2024-01-16T09:44:30,48.94,52.91,695.8,False
2024-01-16T09:45:00,49.56,54.36,660.5,False
2024-01-16T09:45:30,45.29,52.01,708.7,False
2024-01-16T09:46:00,46.92,51.48,718.2,False
2024-01-16T09:46:30,46.96,53.89,683.1,False
2024-01-16T09:47:00,43.4,51.04,669.4,False
2024-01-16T09:47:30,47.01,51.3,696.1,False
2024-01-16T09:48:00,42.99,46.56,625.2,False
2024-01-16T09:48:30,43.63,51.29,638.6,False
2024-01-16T09:49:00,48.88,50.36,654.6,False
2024-01-16T09:49:30,48.46,53.43,677.2,False
2024-01-16T09:50:00,43.46,50.33,688.9,False
2024-01-16T09:50:30,43.43,47.44,681.0,False
2024-01-16T09:51:00,43.73,50.83,672.2,False
2024-01-16T09:51:30,47.91,52.79,721.6,False
2024-01-16T09:52:00,42.75,50.22,627.4,False
2024-01-16T09:52:30,46.87,52.18,628.0,False
2024-01-16T09:53:00,48.08,51.19,678.4,False
2024-01-16T09:53:30,45.62,52.45,661.8,False
2024-01-16T09:54:00,48.95,51.56,718.7,False
2024-01-16T09:54:30,45.05,48.83,680.9,False
2024-01-16T09:55:00,45.37,52.49,703.4,False
2024-01-16T09:55:30,43.12,51.89,564.4,False
2024-01-16T09:56:00,49.14,54.25,661.2,False
2024-01-16T09:56:30,43.84,49.97,647.0,False
2024-01-16T09:57:00,47.23,48.2,697.0,False
2024-01-16T09:57:30,46.01,54.43,751.8,False
2024-01-16T09:58:00,43.1,46.11,605.7,False
2024-01-16T09:58:30,44.48,51.88,627.4,False
2024-01-16T09:59:00,50.5,57.94,687.0,False
2024-01-16T09:59:30,46.99,52.27,646.1,False
2024-01-16T10:00:00,43.4,50.76,611.7,False
2024-01-16T10:00:30,47.39,52.93,680.9,False
2024-01-16T10:01:00,46.08,51.91,708.0,False
2024-01-16T10:01:30,56.92,61.64,760.1,False
2024-01-16T10:02:00,47.45,50.52,645.2,False
2024-01-16T10:02:30,45.5,49.29,656.1,False
2024-01-16T10:03:00,50.94,53.3,666.0,False
2024-01-16T10:03:30,41.2,52.57,668.9,False
2024-01-16T10:04:00,47.05,50.86,735.2,False
2024-01-16T10:04:30,52.79,55.74,658.5,False
2024-01-16T10:05:00,46.5,53.88,681.2,False
2024-01-16T10:05:30,41.69,50.89,602.4,False
2024-01-16T10:06:00,45.75,53.4,668.5,False
2024-01-16T10:06:30,51.34,57.0,707.3,False
2024-01-16T10:07:00,48.15,53.18,631.5,False
2024-01-16T10:07:30,44.54,49.85,704.7,False
2024-01-16T10:08:00,45.05,51.32,654.3,False
2024-01-16T10:08:30,45.46,50.55,644.9,False
2024-01-16T10:09:00,48.27,57.68,690.8,False
2024-01-16T10:09:30,51.24,53.06,675.1,False
2024-01-16T10:10:00,50.43,54.68,696.1,False
2024-01-16T10:10:30,48.68,49.84,615.9,False
2024-01-16T10:11:00,43.36,50.45,552.6,False
2024-01-16T10:11:30,43.41,49.64,608.5,False
2024-01-16T10:12:00,49.03,54.38,671.0,False
2024-01-16T10:12:30,43.44,51.63,577.2,False
2024-01-16T10:13:00,57.95,60.32,1043.7,False
2024-01-16T10:13:30,69.05,65.72,1131.1,False
2024-01-16T10:14:00,80.16,68.46,1238.8,False
2024-01-16T10:14:30,81.81,67.53,1279.0,False
2024-01-16T10:15:00,80.71,67.22,1314.1,False
2024-01-16T10:15:30,81.39,69.82,1268.3,False
2024-01-16T10:16:00,82.75,70.21,1222.7,False
2024-01-16T10:16:30,81.0,69.54,1274.6,False
2024-01-16T10:17:00,79.06,66.98,1288.5,False
2024-01-16T10:17:30,80.21,71.51,1196.9,False
2024-01-16T10:18:00,81.53,66.35,1209.7,False
2024-01-16T10:18:30,79.91,67.3,1182.4,False
2024-01-16T10:19:00,81.67,67.21,1230.7,False
2024-01-16T10:19:30,80.09,68.16,1255.7,False
2024-01-16T10:20:00,80.49,71.27,1303.3,False
2024-01-16T10:20:30,79.81,67.86,1274.1,False
2024-01-16T10:21:00,80.32,68.9,1258.0,False
2024-01-16T10:21:30,69.59,64.66,1158.6,False
2024-01-16T10:22:00,56.06,55.9,1064.1,False
2024-01-16T10:22:30,55.37,56.99,1061.0,False
2024-01-16T10:23:00,38.6,47.81,661.0,True
2024-01-16T10:23:30,39.63,45.56,616.2,True
2024-01-16T10:24:00,39.7,46.93,628.0,True
2024-01-16T10:24:30,37.89,47.67,586.8,True
2024-01-16T10:25:00,37.06,49.11,601.0,True
2024-01-16T10:25:30,43.93,52.54,641.2,True
2024-01-16T10:26:00,41.28,52.85,582.6,True
2024-01-16T10:26:30,40.87,49.43,661.9,True
2024-01-16T10:27:00,40.32,47.35,682.1,True
2024-01-16T10:27:30,36.56,46.18,591.0,True
2024-01-16T10:28:00,52.58,54.09,733.9,False
2024-01-16T10:28:30,46.26,50.34,704.5,False
2024-01-16T10:29:00,49.68,53.63,691.7,False
2024-01-16T10:29:30,43.95,50.86,659.2,False
2024-01-16T10:30:00,42.79,47.08,633.6,False
2024-01-16T10:30:30,49.9,55.16,677.2,False
2024-01-16T10:31:00,46.56,47.64,693.4,False
2024-01-16T10:31:30,43.06,49.12,665.0,False
2024-01-16T10:32:00,50.69,55.68,742.4,False
2024-01-16T10:32:30,55.47,56.99,743.6,False
2024-01-16T10:33:00,53.32,53.99,678.6,False
2024-01-16T10:33:30,48.42,56.19,731.6,False
2024-01-16T10:34:00,49.26,51.79,664.7,False
2024-01-16T10:34:30,51.93,50.01,685.4,False
2024-01-16T10:35:00,52.68,55.29,700.1,False
2024-01-16T10:35:30,48.32,48.65,616.8,False
2024-01-16T10:36:00,49.49,51.13,687.2,False
2024-01-16T10:36:30,50.33,54.46,727.4,False
2024-01-16T10:37:00,51.13,52.7,691.7,False
2024-01-16T10:37:30,49.11,53.77,746.4,False
2024-01-16T10:38:00,49.19,50.33,744.6,False
2024-01-16T10:38:30,53.73,56.64,765.4,False
2024-01-16T10:39:00,53.26,51.31,648.7,False
2024-01-16T10:39:30,51.1,56.25,766.1,False
2024-01-16T10:40:00,54.86,54.54,729.4,False
2024-01-16T10:40:30,48.59,55.42,755.8,False
2024-01-16T10:41:00,54.65,53.71,713.1,False
2024-01-16T10:41:30,51.45,57.64,706.0,False
2024-01-16T10:42:00,59.68,55.99,781.0,False
2024-01-16T10:42:30,46.33,47.65,633.3,False
2024-01-16T10:43:00,47.88,52.1,618.2,False
2024-01-16T10:43:30,51.24,56.16,614.0,False
2024-01-16T10:44:00,51.21,55.26,827.8,False
2024-01-16T10:44:30,55.91,58.36,680.5,False
2024-01-16T10:45:00,48.1,53.75,618.6,False
2024-01-16T10:45:30,52.85,52.87,745.7,False
2024-01-16T10:46:00,53.67,56.45,672.4,False
2024-01-16T10:46:30,52.33,54.43,654.3,False
2024-01-16T10:47:00,47.37,50.35,564.0,False
2024-01-16T10:47:30,54.52,55.7,747.9,False
2024-01-16T10:48:00,54.02,54.98,689.4,False
2024-01-16T10:48:30,52.17,57.01,743.1,False
2024-01-16T10:49:00,51.03,52.57,705.2,False
2024-01-16T10:49:30,51.13,52.53,712.5,False
2024-01-16T10:50:00,50.25,51.82,683.9,False
2024-01-16T10:50:30,52.45,58.11,708.6,False
2024-01-16T10:51:00,50.66,52.14,669.5,False
2024-01-16T10:51:30,48.06,54.72,652.5,False
2024-01-16T10:52:00,47.5,49.78,636.2,False
2024-01-16T10:52:30,48.43,53.33,748.0,False
2024-01-16T10:53:00,51.39,54.32,695.3,False
2024-01-16T10:53:30,50.68,55.91,614.8,False
2024-01-16T10:54:00,51.44,56.0,721.9,False
2024-01-16T10:54:30,52.34,54.44,686.6,False
2024-01-16T10:55:00,48.99,51.53,690.2,False
2024-01-16T10:55:30,55.31,59.01,731.7,False
2024-01-16T10:56:00,50.15,51.91,760.8,False
2024-01-16T10:56:30,49.69,48.42,682.2,False
2024-01-16T10:57:00,52.47,50.63,752.4,False
2024-01-16T10:57:30,45.56,47.66,692.9,False
2024-01-16T10:58:00,48.73,53.67,635.2,False
2024-01-16T10:58:30,54.08,59.59,740.2,False
2024-01-16T10:59:00,45.97,47.02,637.4,False
2024-01-16T10:59:30,54.57,53.84,688.2,False
2024-01-16T11:00:00,55.79,56.19,698.1,False
2024-01-16T11:00:30,50.18,56.31,734.3,False
2024-01-16T11:01:00,52.21,52.65,823.4,False
2024-01-16T11:01:30,54.73,56.67,705.6,False
2024-01-16T11:02:00,50.01,52.63,708.7,False
2024-01-16T11:02:30,54.05,60.37,744.8,False
2024-01-16T11:03:00,49.47,53.15,674.5,False
2024-01-16T11:03:30,50.09,53.89,757.0,False
2024-01-16T11:04:00,49.16,52.88,781.1,False
2024-01-16T11:04:30,52.62,53.62,697.1,False
2024-01-16T11:05:00,55.1,57.59,810.2,False
2024-01-16T11:05:30,51.12,51.38,687.1,False
2024-01-16T11:06:00,47.89,48.08,644.3,False
2024-01-16T11:06:30,48.49,52.09,682.4,False
2024-01-16T11:07:00,52.96,56.26,758.5,False
2024-01-16T11:07:30,57.35,55.66,754.6,False
2024-01-16T11:08:00,53.03,55.04,753.8,False
2024-01-16T11:08:30,50.73,51.07,714.9,False
2024-01-16T11:09:00,54.23,57.39,787.9,False
2024-01-16T11:09:30,51.25,55.08,731.2,False
2024-01-16T11:10:00,50.87,53.62,768.1,False
2024-01-16T11:10:30,49.16,53.07,659.0,False
2024-01-16T11:11:00,56.3,53.52,742.3,False
2024-01-16T11:11:30,44.49,47.71,655.9,False
2024-01-16T11:12:00,54.54,55.18,702.2,False
2024-01-16T11:12:30,50.79,54.58,666.1,False
2024-01-16T11:13:00,50.99,54.78,723.2,False
2024-01-16T11:13:30,57.33,56.1,785.3,False
2024-01-16T11:14:00,50.15,54.73,705.7,False
2024-01-16T11:14:30,50.29,56.15,744.7,False
2024-01-16T11:15:00,51.97,53.98,671.7,False
2024-01-16T11:15:30,53.64,55.61,713.5,False
2024-01-16T11:16:00,51.11,53.31,661.7,False
2024-01-16T11:16:30,47.75,51.8,687.6,False
2024-01-16T11:17:00,49.91,53.47,718.8,False
2024-01-16T11:17:30,56.39,59.78,804.8,False
2024-01-16T11:18:00,52.81,56.41,675.4,False
2024-01-16T11:18:30,53.97,56.81,746.7,False
2024-01-16T11:19:00,51.87,53.21,772.4,False
2024-01-16T11:19:30,50.71,51.74,665.6,False
2024-01-16T11:20:00,57.76,57.84,712.6,False
2024-01-16T11:20:30,52.2,56.77,658.6,False
2024-01-16T11:21:00,51.47,57.37,736.7,False
2024-01-16T11:21:30,56.12,51.34,720.0,False
2024-01-16T11:22:00,50.7,58.43,724.7,False
2024-01-16T11:22:30,51.12,54.58,700.3,False
2024-01-16T11:23:00,52.97,56.49,795.8,False
2024-01-16T11:23:30,52.98,51.2,755.3,False
2024-01-16T11:24:00,53.79,54.61,698.2,False
2024-01-16T11:24:30,59.32,59.5,762.5,False
2024-01-16T11:25:00,54.09,52.89,764.2,False
2024-01-16T11:25:30,45.98,45.41,625.1,False
2024-01-16T11:26:00,54.13,55.94,780.3,False
2024-01-16T11:26:30,53.3,54.75,716.4,False
2024-01-16T11:27:00,53.35,57.76,759.2,False
2024-01-16T11:27:30,53.99,54.88,724.1,False
2024-01-16T11:28:00,53.2,54.64,704.7,False
2024-01-16T11:28:30,53.17,56.19,697.8,False
2024-01-16T11:29:00,55.2,57.88,810.9,False
2024-01-16T11:29:30,51.77,52.68,702.3,False
2024-01-16T11:30:00,50.59,55.39,827.9,False
2024-01-16T11:30:30,62.54,58.44,806.4,False
2024-01-16T11:31:00,51.35,53.92,676.8,False
2024-01-16T11:31:30,53.83,56.48,667.3,False
2024-01-16T11:32:00,49.08,54.45,742.0,False
2024-01-16T11:32:30,53.95,55.83,723.9,False
2024-01-16T11:33:00,50.84,51.48,739.6,False
2024-01-16T11:33:30,52.34,50.65,811.6,False
2024-01-16T11:34:00,56.84,56.27,781.5,False
2024-01-16T11:34:30,55.16,57.75,754.7,False
2024-01-16T11:35:00,55.48,56.87,792.9,False
2024-01-16T11:35:30,48.49,52.96,720.1,False
2024-01-16T11:36:00,59.35,57.89,724.3,False
2024-01-16T11:36:30,50.3,54.0,755.7,False
2024-01-16T11:37:00,58.49,55.49,766.1,False
2024-01-16T11:37:30,57.01,58.3,817.7,False
2024-01-16T11:38:00,55.71,57.78,765.9,False
2024-01-16T11:38:30,51.44,53.25,759.2,False
2024-01-16T11:39:00,54.5,56.36,727.0,False
2024-01-16T11:39:30,52.66,51.14,660.6,False
2024-01-16T11:40:00,54.2,55.7,756.1,False
2024-01-16T11:40:30,53.39,54.67,766.2,False
2024-01-16T11:41:00,48.06,54.79,662.2,False
2024-01-16T11:41:30,57.58,56.64,752.5,False
2024-01-16T11:42:00,54.0,56.99,643.4,False
2024-01-16T11:42:30,52.82,53.88,716.4,False
2024-01-16T11:43:00,52.63,49.99,671.0,False
2024-01-16T11:43:30,55.42,55.51,764.0,False
2024-01-16T11:44:00,51.69,54.49,727.0,False
2024-01-16T11:44:30,47.64,52.38,681.8,False
2024-01-16T11:45:00,55.66,56.42,798.2,False
2024-01-16T11:45:30,56.03,55.26,757.9,False
2024-01-16T11:46:00,53.91,54.57,739.0,False
2024-01-16T11:46:30,51.1,51.56,721.6,False
2024-01-16T11:47:00,54.84,51.69,715.4,False
2024-01-16T11:47:30,50.21,53.16,741.3,False
2024-01-16T11:48:00,51.56,52.55,675.8,False
2024-01-16T11:48:30,52.42,56.64,736.3,False
2024-01-16T11:49:00,57.23,52.52,806.6,False
2024-01-16T11:49:30,53.65,55.68,688.1,False
2024-01-16T11:50:00,53.42,59.23,673.7,False
2024-01-16T11:50:30,60.66,58.24,743.5,False
2024-01-16T11:51:00,55.89,56.21,819.8,False
2024-01-16T11:51:30,55.88,57.07,722.7,False
2024-01-16T11:52:00,53.79,56.18,682.3,False
2024-01-16T11:52:30,53.14,54.03,739.8,False
2024-01-16T11:53:00,48.4,50.46,578.2,False
2024-01-16T11:53:30,57.9,58.54,725.0,False
2024-01-16T11:54:00,56.37,52.65,807.5,False
2024-01-16T11:54:30,54.52,57.21,697.9,False
2024-01-16T11:55:00,54.67,54.84,727.0,False
2024-01-16T11:55:30,57.32,56.96,770.4,False
2024-01-16T11:56:00,50.48,52.48,715.7,False
2024-01-16T11:56:30,53.41,57.86,706.0,False
2024-01-16T11:57:00,51.8,54.69,736.3,False
2024-01-16T11:57:30,60.56,57.93,842.3,False
2024-01-16T11:58:00,57.9,56.55,720.7,False
2024-01-16T11:58:30,48.7,52.35,670.2,False
2024-01-16T11:59:00,50.79,58.49,702.1,False
2024-01-16T11:59:30,54.97,53.15,767.7,False
2024-01-16T12:00:00,53.98,57.46,733.2,False
2024-01-16T12:00:30,51.45,55.17,706.5,False
2024-01-16T12:01:00,61.29,62.03,728.4,False
2024-01-16T12:01:30,56.43,57.78,706.1,False
2024-01-16T12:02:00,56.94,56.79,763.3,False
2024-01-16T12:02:30,53.47,57.09,707.2,False
2024-01-16T12:03:00,57.75,57.64,748.3,False
2024-01-16T12:03:30,54.47,57.06,733.3,False
2024-01-16T12:04:00,54.79,58.57,832.0,False
2024-01-16T12:04:30,57.5,57.25,740.1,False
2024-01-16T12:05:00,50.81,52.88,762.0,False
2024-01-16T12:05:30,60.52,57.29,836.7,False
2024-01-16T12:06:00,56.31,57.38,782.6,False
2024-01-16T12:06:30,59.63,56.38,743.2,False
2024-01-16T12:07:00,52.6,53.92,726.3,False
2024-01-16T12:07:30,53.08,52.93,709.0,False
2024-01-16T12:08:00,52.4,55.54,799.7,False
2024-01-16T12:08:30,56.66,55.15,769.7,False
2024-01-16T12:09:00,56.14,53.83,740.6,False
2024-01-16T12:09:30,54.58,53.4,808.0,False
2024-01-16T12:10:00,52.96,53.67,709.6,False
2024-01-16T12:10:30,52.23,53.49,739.9,False
2024-01-16T12:11:00,55.91,56.79,775.4,False
2024-01-16T12:11:30,54.69,55.36,751.4,False
2024-01-16T12:12:00,54.06,56.11,728.2,False
2024-01-16T12:12:30,60.79,59.63,819.8,False
2024-01-16T12:13:00,55.93,57.79,722.2,False
2024-01-16T12:13:30,60.01,54.53,824.7,False
2024-01-16T12:14:00,54.63,53.41,725.8,False
2024-01-16T12:14:30,57.0,57.95,809.5,False
2024-01-16T12:15:00,56.13,56.83,790.9,False
2024-01-16T12:15:30,51.23,55.92,731.8,False
2024-01-16T12:16:00,60.63,55.58,781.5,False
2024-01-16T12:16:30,55.97,55.39,791.9,False
2024-01-16T12:17:00,58.65,57.08,792.0,False
2024-01-16T12:17:30,54.18,55.78,604.8,False
2024-01-16T12:18:00,55.97,56.41,715.0,False
2024-01-16T12:18:30,53.89,56.24,737.9,False
2024-01-16T12:19:00,60.23,58.24,793.0,False
2024-01-16T12:19:30,57.48,59.85,788.1,False
2024-01-16T12:20:00,57.68,60.58,823.4,False
2024-01-16T12:20:30,60.68,56.47,808.9,False
2024-01-16T12:21:00,60.1,58.51,697.4,False
2024-01-16T12:21:30,58.96,59.44,779.5,False
2024-01-16T12:22:00,52.42,55.75,768.0,False
2024-01-16T12:22:30,54.63,54.87,741.5,False
2024-01-16T12:23:00,53.73,55.75,738.0,False
2024-01-16T12:23:30,58.95,54.68,751.9,False
2024-01-16T12:24:00,57.31,56.99,796.4,False
2024-01-16T12:24:30,52.65,51.78,707.1,False
2024-01-16T12:25:00,56.29,57.54,774.0,False
2024-01-16T12:25:30,52.4,52.35,736.3,False
2024-01-16T12:26:00,56.75,57.08,756.1,False
2024-01-16T12:26:30,51.97,55.0,735.1,False
2024-01-16T12:27:00,58.55,57.81,776.4,False
2024-01-16T12:27:30,58.12,56.18,816.1,False
2024-01-16T12:28:00,62.74,59.33,829.0,False
2024-01-16T12:28:30,59.59,60.54,818.3,False
2024-01-16T12:29:00,55.8,55.44,715.8,False
2024-01-16T12:29:30,59.55,58.21,743.3,False
2024-01-16T12:30:00,52.93,53.74,725.9,False
2024-01-16T12:30:30,54.26,57.56,764.1,False
2024-01-16T12:31:00,58.17,57.64,786.7,False
2024-01-16T12:31:30,50.73,52.23,675.8,False
2024-01-16T12:32:00,57.12,56.97,788.1,False
2024-01-16T12:32:30,54.19,55.01,708.4,False
2024-01-16T12:33:00,57.58,59.98,787.6,False
2024-01-16T12:33:30,54.07,55.35,744.0,False
2024-01-16T12:34:00,58.6,54.94,759.8,False
2024-01-16T12:34:30,57.42,58.11,737.9,False
2024-01-16T12:35:00,61.58,62.77,798.0,False
2024-01-16T12:35:30,57.43,59.52,762.8,False
2024-01-16T12:36:00,55.13,53.77,699.2,False
2024-01-16T12:36:30,56.72,56.23,777.8,False
2024-01-16T12:37:00,53.45,55.08,773.9,False
2024-01-16T12:37:30,58.73,57.74,804.3,False
2024-01-16T12:38:00,59.31,58.83,787.1,False
2024-01-16T12:38:30,64.97,60.21,801.8,False
2024-01-16T12:39:00,55.72,54.45,750.9,False
2024-01-16T12:39:30,56.81,58.73,749.2,False
2024-01-16T12:40:00,55.91,54.13,752.3,False
2024-01-16T12:40:30,58.3,55.97,803.8,False
2024-01-16T12:41:00,58.83,55.58,766.3,False
2024-01-16T12:41:30,57.55,58.43,686.9,False
2024-01-16T12:42:00,61.0,59.14,820.0,False
2024-01-16T12:42:30,55.91,58.15,763.2,False
2024-01-16T12:43:00,60.74,57.23,792.0,False
2024-01-16T12:43:30,59.43,55.64,728.4,False
2024-01-16T12:44:00,57.8,56.45,729.1,False
2024-01-16T12:44:30,56.91,56.53,726.7,False
2024-01-16T12:45:00,65.16,61.44,798.0,False
2024-01-16T12:45:30,55.46,52.8,724.1,False
2024-01-16T12:46:00,58.83,58.81,723.3,False
2024-01-16T12:46:30,55.71,54.51,831.7,False
2024-01-16T12:47:00,63.34,58.82,866.8,False
2024-01-16T12:47:30,60.66,61.12,796.4,False
2024-01-16T12:48:00,55.99,52.08,746.6,False
2024-01-16T12:48:30,59.59,58.89,849.8,False
2024-01-16T12:49:00,58.85,58.51,835.7,False
2024-01-16T12:49:30,56.55,55.09,722.8,False
2024-01-16T12:50:00,60.4,57.76,793.1,False
2024-01-16T12:50:30,59.31,60.55,767.2,False
2024-01-16T12:51:00,58.82,61.79,759.8,False
2024-01-16T12:51:30,58.07,59.62,757.9,False
2024-01-16T12:52:00,59.51,61.98,772.6,False
2024-01-16T12:52:30,58.93,56.54,779.8,False
2024-01-16T12:53:00,58.44,54.52,776.2,False
2024-01-16T12:53:30,56.36,56.54,808.4,False
2024-01-16T12:54:00,63.39,61.77,774.8,False
2024-01-16T12:54:30,55.18,52.35,780.1,False
2024-01-16T12:55:00,59.64,56.43,734.1,False
2024-01-16T12:55:30,57.41,55.55,768.8,False
2024-01-16T12:56:00,63.68,61.02,851.1,False
2024-01-16T12:56:30,55.71,56.78,768.4,False
2024-01-16T12:57:00,56.24,55.04,737.2,False
2024-01-16T12:57:30,55.56,56.61,755.8,False
2024-01-16T12:58:00,59.46,55.92,841.8,False
2024-01-16T12:58:30,54.39,54.82,711.5,False
2024-01-16T12:59:00,57.1,54.5,779.4,False
2024-01-16T12:59:30,52.1,54.23,755.4,False
2024-01-16T13:00:00,59.3,56.53,758.9,False
2024-01-16T13:00:30,57.1,58.41,826.2,False
2024-01-16T13:01:00,54.15,55.51,816.2,False
2024-01-16T13:01:30,61.9,58.98,838.9,False
2024-01-16T13:02:00,54.74,59.39,781.8,False
2024-01-16T13:02:30,61.07,59.79,719.4,False
2024-01-16T13:03:00,56.6,56.06,700.0,False
2024-01-16T13:03:30,63.53,59.09,804.9,False
2024-01-16T13:04:00,61.0,56.63,761.7,False
2024-01-16T13:04:30,55.74,56.24,771.0,False
2024-01-16T13:05:00,56.04,57.13,634.4,False
2024-01-16T13:05:30,60.63,54.98,809.8,False
2024-01-16T13:06:00,58.04,54.79,757.3,False
2024-01-16T13:06:30,58.34,56.64,745.1,False
2024-01-16T13:07:00,62.69,57.65,877.8,False
2024-01-16T13:07:30,56.65,56.91,740.9,False
2024-01-16T13:08:00,59.19,58.46,708.8,False
2024-01-16T13:08:30,61.8,59.16,812.7,False
2024-01-16T13:09:00,61.38,60.3,806.3,False
2024-01-16T13:09:30,58.5,56.59,761.0,False
2024-01-16T13:10:00,58.13,57.48,859.1,False
2024-01-16T13:10:30,53.8,53.41,738.8,False
2024-01-16T13:11:00,55.87,57.02,787.5,False
2024-01-16T13:11:30,60.01,58.67,793.0,False
2024-01-16T13:12:00,58.66,55.45,820.1,False
2024-01-16T13:12:30,59.32,57.87,761.3,False
2024-01-16T13:13:00,62.23,59.56,755.3,False
2024-01-16T13:13:30,55.57,56.87,775.2,False
2024-01-16T13:14:00,58.44,58.38,779.5,False
2024-01-16T13:14:30,59.74,56.95,809.7,False
2024-01-16T13:15:00,57.08,58.59,732.0,False
2024-01-16T13:15:30,63.51,61.33,827.3,False
2024-01-16T13:16:00,61.96,58.06,731.9,False
2024-01-16T13:16:30,60.12,56.31,761.8,False
2024-01-16T13:17:00,64.65,59.56,789.0,False
2024-01-16T13:17:30,54.79,52.99,758.2,False
2024-01-16T13:18:00,59.28,58.59,754.9,False
2024-01-16T13:18:30,60.42,61.12,728.5,False
2024-01-16T13:19:00,56.6,59.68,730.1,False
2024-01-16T13:19:30,60.26,56.49,806.1,False
2024-01-16T13:20:00,56.06,58.15,753.7,False
2024-01-16T13:20:30,61.47,59.45,762.0,False
2024-01-16T13:21:00,62.59,55.05,834.3,False
2024-01-16T13:21:30,60.25,58.01,844.6,False
2024-01-16T13:22:00,53.9,54.61,767.5,False
2024-01-16T13:22:30,56.57,59.26,660.3,False
2024-01-16T13:23:00,61.18,57.4,799.0,False
2024-01-16T13:23:30,59.57,59.46,770.9,False
2024-01-16T13:24:00,51.44,54.06,630.1,False
2024-01-16T13:24:30,63.27,57.3,754.6,False
2024-01-16T13:25:00,59.97,57.44,811.7,False
2024-01-16T13:25:30,57.12,60.18,764.4,False
2024-01-16T13:26:00,62.58,59.5,803.9,False
2024-01-16T13:26:30,57.58,59.16,734.6,False
2024-01-16T13:27:00,57.57,59.05,803.8,False
2024-01-16T13:27:30,60.72,58.03,736.6,False
2024-01-16T13:28:00,65.01,58.5,784.5,False
2024-01-16T13:28:30,64.55,58.54,803.7,False
2024-01-16T13:29:00,60.78,61.86,725.2,False
2024-01-16T13:29:30,61.1,59.43,753.6,False
2024-01-16T13:30:00,62.11,56.16,839.3,False
2024-01-16T13:30:30,55.98,58.23,714.1,False
2024-01-16T13:31:00,61.7,55.85,824.8,False
2024-01-16T13:31:30,57.58,55.71,786.0,False
2024-01-16T13:32:00,60.75,59.12,779.3,False
2024-01-16T13:32:30,59.13,63.19,716.3,False
2024-01-16T13:33:00,61.33,60.88,793.2,False
2024-01-16T13:33:30,60.2,57.72,697.2,False
2024-01-16T13:34:00,50.64,53.96,684.0,False
2024-01-16T13:34:30,60.42,60.63,793.1,False
2024-01-16T13:35:00,61.82,62.34,829.4,False
2024-01-16T13:35:30,61.25,58.72,783.9,False
2024-01-16T13:36:00,59.62,57.96,752.6,False
2024-01-16T13:36:30,64.87,59.37,791.4,False
2024-01-16T13:37:00,60.89,60.37,768.4,False
2024-01-16T13:37:30,61.29,61.29,815.3,False
2024-01-16T13:38:00,63.12,56.28,819.0,False
2024-01-16T13:38:30,61.09,58.35,787.8,False
2024-01-16T13:39:00,57.32,54.83,783.8,False
2024-01-16T13:39:30,52.72,55.26,721.8,False
2024-01-16T13:40:00,58.62,55.43,715.5,False
2024-01-16T13:40:30,62.35,57.14,754.4,False
2024-01-16T13:41:00,59.02,60.36,796.2,False
2024-01-16T13:41:30,62.5,59.52,745.0,False
2024-01-16T13:42:00,60.55,58.77,769.2,False
2024-01-16T13:42:30,63.99,61.47,807.3,False
2024-01-16T13:43:00,59.25,60.18,732.7,False
2024-01-16T13:43:30,61.55,58.55,725.7,False
2024-01-16T13:44:00,61.68,58.66,746.5,False
2024-01-16T13:44:30,64.68,60.17,745.1,False
2024-01-16T13:45:00,55.07,58.32,765.1,False
2024-01-16T13:45:30,58.83,57.9,786.6,False
2024-01-16T13:46:00,62.77,59.42,771.7,False
2024-01-16T13:46:30,64.87,61.84,764.3,False
2024-01-16T13:47:00,60.97,62.77,834.4,False
2024-01-16T13:47:30,59.38,58.47,792.7,False
2024-01-16T13:48:00,62.55,59.36,775.5,False
2024-01-16T13:48:30,62.9,63.96,850.6,False
2024-01-16T13:49:00,59.22,60.9,779.3,False
2024-01-16T13:49:30,61.31,61.65,803.2,False
2024-01-16T13:50:00,63.87,59.57,769.3,False
2024-01-16T13:50:30,66.01,60.44,767.5,False
2024-01-16T13:51:00,62.58,56.26,737.9,False
2024-01-16T13:51:30,60.5,60.82,867.3,False
2024-01-16T13:52:00,60.22,58.9,748.6,False
2024-01-16T13:52:30,62.07,56.07,799.1,False
2024-01-16T13:53:00,60.06,61.07,798.9,False
2024-01-16T13:53:30,60.99,58.46,787.1,False
2024-01-16T13:54:00,57.26,56.84,751.9,False
2024-01-16T13:54:30,64.33,57.79,807.6,False
2024-01-16T13:55:00,57.04,58.15,775.5,False
2024-01-16T13:55:30,59.17,59.24,731.8,False
2024-01-16T13:56:00,60.77,58.94,768.6,False
2024-01-16T13:56:30,66.46,61.05,739.6,False
2024-01-16T13:57:00,59.24,63.52,699.4,False
2024-01-16T13:57:30,58.52,55.51,716.2,False
2024-01-16T13:58:00,58.87,56.65,805.1,False
2024-01-16T13:58:30,65.52,62.83,813.2,False
2024-01-16T13:59:00,52.11,52.69,744.8,False
2024-01-16T13:59:30,57.55,55.26,775.8,False
2024-01-16T14:00:00,75.03,68.44,1210.7,False
2024-01-16T14:00:30,81.3,70.52,1212.6,False
2024-01-16T14:01:00,87.56,73.41,1303.5,False
2024-01-16T14:01:30,87.78,72.92,1312.4,False
2024-01-16T14:02:00,85.95,70.26,1375.7,False
2024-01-16T14:02:30,87.12,71.72,1283.1,False
2024-01-16T14:03:00,86.33,71.68,1319.9,False
2024-01-16T14:03:30,87.16,73.94,1292.3,False
2024-01-16T14:04:00,86.77,72.91,1266.1,False
2024-01-16T14:04:30,88.57,71.11,1343.4,False
2024-01-16T14:05:00,88.59,74.55,1384.4,False
2024-01-16T14:05:30,88.12,69.38,1315.5,False
2024-01-16T14:06:00,86.3,71.19,1263.0,False
2024-01-16T14:06:30,87.46,70.13,1318.4,False
2024-01-16T14:07:00,86.22,70.08,1300.9,False
2024-01-16T14:07:30,87.42,76.25,1388.0,False
2024-01-16T14:08:00,88.21,69.85,1335.4,False
2024-01-16T14:08:30,77.43,65.76,1182.1,False
2024-01-16T14:09:00,63.41,61.41,1158.3,False
2024-01-16T14:09:30,57.64,56.57,1092.1,False
2024-01-16T14:10:00,47.49,52.2,717.4,True
2024-01-16T14:10:30,47.18,54.59,695.2,True
2024-01-16T14:11:00,52.29,55.59,758.6,True
2024-01-16T14:11:30,47.17,50.79,695.0,True
2024-01-16T14:12:00,50.77,53.26,696.0,True
2024-01-16T14:12:30,48.62,53.51,694.3,True
2024-01-16T14:13:00,48.57,53.7,683.9,True
2024-01-16T14:13:30,46.67,51.53,687.0,True
2024-01-16T14:14:00,48.54,53.14,691.5,True
2024-01-16T14:14:30,46.85,52.3,662.2,True
2024-01-16T14:15:00,61.38,58.66,783.8,False
2024-01-16T14:15:30,60.17,57.03,781.2,False
2024-01-16T14:16:00,58.05,58.67,693.2,False
2024-01-16T14:16:30,63.87,60.68,851.9,False
2024-01-16T14:17:00,62.18,55.09,811.4,False
2024-01-16T14:17:30,59.57,56.29,752.1,False
2024-01-16T14:18:00,61.36,57.88,814.5,False
2024-01-16T14:18:30,60.68,58.1,765.1,False
2024-01-16T14:19:00,58.33,59.74,746.3,False
2024-01-16T14:19:30,61.15,65.15,804.2,False
2024-01-16T14:20:00,59.09,52.79,829.9,False
2024-01-16T14:20:30,58.12,57.84,776.2,False
2024-01-16T14:21:00,56.1,56.36,717.7,False
2024-01-16T14:21:30,59.9,57.76,765.1,False
2024-01-16T14:22:00,62.68,60.6,835.4,False
2024-01-16T14:22:30,58.9,57.93,787.4,False
2024-01-16T14:23:00,68.56,61.73,886.8,False
2024-01-16T14:23:30,63.66,60.07,825.0,False
2024-01-16T14:24:00,64.92,61.75,850.2,False
2024-01-16T14:24:30,63.4,60.81,887.7,False
2024-01-16T14:25:00,66.58,61.85,778.6,False
2024-01-16T14:25:30,58.67,56.35,865.6,False
2024-01-16T14:26:00,53.35,60.5,764.3,False
2024-01-16T14:26:30,59.7,58.76,882.6,False
2024-01-16T14:27:00,62.72,61.08,762.4,False
2024-01-16T14:27:30,61.51,57.93,807.4,False
2024-01-16T14:28:00,61.89,59.51,801.5,False
2024-01-16T14:28:30,65.03,61.07,855.6,False
2024-01-16T14:29:00,62.22,55.48,816.5,False
2024-01-16T14:29:30,63.47,58.5,822.1,False
2024-01-16T14:30:00,58.26,55.86,797.3,False
2024-01-16T14:30:30,57.8,55.9,758.2,False
2024-01-16T14:31:00,65.94,59.03,806.9,False
2024-01-16T14:31:30,61.4,58.99,809.4,False
2024-01-16T14:32:00,59.24,60.62,753.2,False
2024-01-16T14:32:30,59.25,58.09,769.0,False
2024-01-16T14:33:00,59.17,55.43,715.7,False
2024-01-16T14:33:30,58.99,55.64,774.2,False
2024-01-16T14:34:00,57.28,56.09,721.1,False
2024-01-16T14:34:30,56.63,53.7,751.7,False
2024-01-16T14:35:00,60.55,59.1,741.0,False
2024-01-16T14:35:30,59.36,60.6,774.1,False
2024-01-16T14:36:00,64.47,59.3,851.7,False
2024-01-16T14:36:30,62.03,59.38,772.4,False
2024-01-16T14:37:00,61.95,58.34,758.3,False
2024-01-16T14:37:30,58.93,56.43,802.7,False
2024-01-16T14:38:00,60.8,59.0,822.9,False
2024-01-16T14:38:30,62.25,58.02,815.0,False
2024-01-16T14:39:00,63.32,58.27,787.9,False
2024-01-16T14:39:30,60.89,55.43,762.0,False
2024-01-16T14:40:00,64.42,60.57,802.1,False
2024-01-16T14:40:30,61.21,60.97,787.3,False
2024-01-16T14:41:00,63.56,61.43,739.5,False
2024-01-16T14:41:30,59.72,61.08,738.4,False
2024-01-16T14:42:00,55.76,54.76,796.1,False
2024-01-16T14:42:30,62.0,60.94,804.3,False
2024-01-16T14:43:00,63.38,57.72,856.1,False
2024-01-16T14:43:30,62.93,61.12,844.1,False
2024-01-16T14:44:00,62.47,62.76,787.3,False
2024-01-16T14:44:30,60.16,59.32,769.4,False
2024-01-16T14:45:00,58.79,60.96,809.0,False
2024-01-16T14:45:30,62.87,58.48,833.3,False
2024-01-16T14:46:00,62.5,59.23,839.5,False
2024-01-16T14:46:30,59.54,56.19,775.8,False
2024-01-16T14:47:00,64.55,60.59,822.1,False
2024-01-16T14:47:30,58.58,58.08,758.4,False
2024-01-16T14:48:00,59.48,58.04,773.7,False
2024-01-16T14:48:30,66.14,60.37,801.7,False
2024-01-16T14:49:00,63.84,59.19,807.7,False
2024-01-16T14:49:30,60.16,59.03,774.9,False
2024-01-16T14:50:00,62.1,58.99,778.4,False
2024-01-16T14:50:30,61.7,56.81,825.3,False
2024-01-16T14:51:00,53.0,50.97,667.6,False
2024-01-16T14:51:30,58.52,56.33,781.7,False
2024-01-16T14:52:00,61.09,56.04,751.9,False
2024-01-16T14:52:30,60.17,56.68,747.5,False
2024-01-16T14:53:00,61.99,58.41,765.4,False
2024-01-16T14:53:30,64.64,60.29,835.9,False
2024-01-16T14:54:00,60.28,57.08,692.0,False
2024-01-16T14:54:30,58.08,61.69,771.4,False
2024-01-16T14:55:00,62.22,56.86,799.6,False
2024-01-16T14:55:30,60.27,60.83,743.4,False
2024-01-16T14:56:00,60.78,58.34,793.6,False
2024-01-16T14:56:30,60.38,57.15,734.5,False
2024-01-16T14:57:00,67.98,63.44,842.1,False
2024-01-16T14:57:30,54.53,54.64,686.2,False
2024-01-16T14:58:00,60.09,56.71,862.7,False
2024-01-16T14:58:30,61.24,62.48,824.4,False
2024-01-16T14:59:00,58.91,53.35,781.1,False
2024-01-16T14:59:30,63.95,59.77,773.4,False
2024-01-16T15:00:00,63.69,60.52,798.5,False
2024-01-16T15:00:30,61.11,61.66,779.5,False
2024-01-16T15:01:00,60.44,57.72,793.2,False
2024-01-16T15:01:30,60.92,64.07,803.3,False
2024-01-16T15:02:00,60.94,60.28,796.5,False
2024-01-16T15:02:30,61.02,54.07,801.8,False
2024-01-16T15:03:00,60.69,55.73,778.7,False
2024-01-16T15:03:30,62.01,59.78,809.8,False
2024-01-16T15:04:00,63.51,57.77,782.6,False
2024-01-16T15:04:30,57.56,58.18,717.9,False
2024-01-16T15:05:00,58.1,56.44,838.7,False
2024-01-16T15:05:30,56.0,53.91,764.7,False
2024-01-16T15:06:00,63.85,58.3,883.0,False
2024-01-16T15:06:30,62.0,61.01,785.0,False
2024-01-16T15:07:00,62.76,55.64,898.5,False
2024-01-16T15:07:30,56.96,58.88,758.8,False
2024-01-16T15:08:00,66.6,63.76,878.6,False
2024-01-16T15:08:30,59.41,57.36,776.6,False
2024-01-16T15:09:00,61.74,56.38,800.5,False
2024-01-16T15:09:30,63.8,61.33,805.8,False
2024-01-16T15:10:00,58.27,56.48,746.5,False
2024-01-16T15:10:30,59.59,55.09,816.0,False
2024-01-16T15:11:00,61.77,63.02,793.8,False
2024-01-16T15:11:30,69.8,61.45,891.6,False
2024-01-16T15:12:00,62.13,56.45,833.2,False
2024-01-16T15:12:30,66.04,61.92,884.9,False
2024-01-16T15:13:00,64.84,60.61,835.6,False
2024-01-16T15:13:30,62.32,62.46,738.2,False
2024-01-16T15:14:00,58.25,56.69,753.2,False
2024-01-16T15:14:30,64.39,59.79,814.1,False
2024-01-16T15:15:00,56.72,57.36,754.2,False
2024-01-16T15:15:30,66.01,61.74,880.8,False
2024-01-16T15:16:00,61.81,59.7,839.9,False
2024-01-16T15:16:30,53.25,55.51,720.2,False
2024-01-16T15:17:00,60.18,58.76,878.6,False
2024-01-16T15:17:30,63.16,59.09,791.3,False
2024-01-16T15:18:00,60.48,60.25,773.1,False
2024-01-16T15:18:30,63.33,59.29,763.0,False
2024-01-16T15:19:00,58.64,59.27,706.7,False
2024-01-16T15:19:30,57.26,59.75,710.9,False
2024-01-16T15:20:00,60.96,57.48,828.3,False
2024-01-16T15:20:30,61.27,63.79,819.8,False
2024-01-16T15:21:00,60.13,56.99,745.7,False
2024-01-16T15:21:30,64.85,59.37,822.8,False
2024-01-16T15:22:00,58.61,58.74,801.2,False
2024-01-16T15:22:30,62.1,60.29,715.4,False
2024-01-16T15:23:00,61.36,59.18,861.8,False
2024-01-16T15:23:30,56.48,58.23,793.9,False
2024-01-16T15:24:00,57.19,57.46,789.9,False
2024-01-16T15:24:30,61.18,63.08,837.5,False
2024-01-16T15:25:00,67.08,61.8,755.0,False
2024-01-16T15:25:30,62.87,58.09,794.2,False
2024-01-16T15:26:00,55.95,55.24,797.9,False
2024-01-16T15:26:30,51.79,55.21,714.0,False
2024-01-16T15:27:00,63.32,61.0,836.2,False
2024-01-16T15:27:30,60.82,59.19,844.5,False
2024-01-16T15:28:00,64.53,58.94,844.4,False
2024-01-16T15:28:30,58.46,59.82,757.4,False
2024-01-16T15:29:00,62.15,63.32,820.2,False
2024-01-16T15:29:30,63.63,60.25,742.2,False
2024-01-16T15:30:00,59.74,61.87,797.5,False
2024-01-16T15:30:30,59.8,60.01,808.4,False
2024-01-16T15:31:00,61.15,63.39,795.2,False
2024-01-16T15:31:30,62.69,60.68,848.0,False
2024-01-16T15:32:00,61.02,59.17,799.3,False
2024-01-16T15:32:30,63.98,62.06,817.7,False
2024-01-16T15:33:00,59.66,57.35,850.6,False
2024-01-16T15:33:30,57.06,57.73,718.1,False
2024-01-16T15:34:00,66.97,64.53,891.4,False
2024-01-16T15:34:30,59.21,59.64,826.2,False
2024-01-16T15:35:00,59.32,57.99,808.3,False
2024-01-16T15:35:30,60.82,59.2,770.4,False
2024-01-16T15:36:00,61.21,60.52,803.4,False
2024-01-16T15:36:30,59.84,59.77,746.6,False
2024-01-16T15:37:00,60.94,60.37,765.1,False
2024-01-16T15:37:30,60.87,59.51,792.2,False
2024-01-16T15:38:00,61.5,57.51,756.7,False
2024-01-16T15:38:30,53.9,54.02,721.9,False
2024-01-16T15:39:00,66.61,62.63,788.8,False
2024-01-16T15:39:30,60.52,60.33,810.2,False
2024-01-16T15:40:00,62.69,61.16,866.9,False
2024-01-16T15:40:30,56.81,55.46,842.3,False
2024-01-16T15:41:00,59.52,57.87,734.8,False
2024-01-16T15:41:30,58.91,55.52,737.0,False
2024-01-16T15:42:00,65.33,58.3,820.6,False
2024-01-16T15:42:30,59.15,58.16,806.1,False
2024-01-16T15:43:00,63.18,62.72,801.7,False
2024-01-16T15:43:30,58.94,58.09,814.7,False
2024-01-16T15:44:00,59.53,62.0,802.1,False
2024-01-16T15:44:30,60.14,58.16,715.0,False
2024-01-16T15:45:00,64.72,60.85,824.6,False
2024-01-16T15:45:30,55.19,54.04,696.5,False
2024-01-16T15:46:00,56.91,56.18,737.2,False
2024-01-16T15:46:30,55.0,53.55,728.1,False
2024-01-16T15:47:00,57.57,54.13,794.8,False
2024-01-16T15:47:30,58.39,55.28,770.5,False
2024-01-16T15:48:00,55.97,56.59,733.7,False
2024-01-16T15:48:30,58.61,56.26,857.2,False
2024-01-16T15:49:00,54.76,54.81,706.8,False
2024-01-16T15:49:30,57.74,58.12,777.9,False
2024-01-16T15:50:00,64.38,57.53,846.2,False
2024-01-16T15:50:30,61.98,59.59,807.1,False
2024-01-16T15:51:00,61.32,60.8,759.1,False
2024-01-16T15:51:30,57.74,59.18,728.4,False
2024-01-16T15:52:00,56.13,57.54,778.3,False
2024-01-16T15:52:30,57.31,57.0,804.8,False
2024-01-16T15:53:00,60.59,57.5,787.1,False
2024-01-16T15:53:30,63.32,59.94,758.3,False
2024-01-16T15:54:00,63.41,63.46,812.1,False
2024-01-16T15:54:30,62.58,60.29,865.7,False
2024-01-16T15:55:00,58.47,57.47,731.9,False
2024-01-16T15:55:30,60.74,59.95,777.7,False
2024-01-16T15:56:00,59.7,58.4,784.3,False
2024-01-16T15:56:30,60.05,58.93,828.3,False
2024-01-16T15:57:00,66.75,61.34,817.3,False
2024-01-16T15:57:30,55.34,55.3,766.5,False
2024-01-16T15:58:00,59.91,60.41,839.4,False
2024-01-16T15:58:30,64.24,56.68,759.1,False
2024-01-16T15:59:00,56.2,57.52,701.6,False
2024-01-16T15:59:30,58.65,56.84,769.9,False
2024-01-16T16:00:00,58.99,54.15,815.5,False
2024-01-16T16:00:30,59.89,56.47,796.9,False
2024-01-16T16:01:00,55.76,56.28,793.3,False
2024-01-16T16:01:30,62.32,59.84,734.9,False
2024-01-16T16:02:00,62.53,61.22,818.5,False
2024-01-16T16:02:30,62.04,61.11,686.9,False
2024-01-16T16:03:00,57.89,54.33,820.6,False
2024-01-16T16:03:30,60.75,59.61,838.0,False
2024-01-16T16:04:00,57.78,58.83,753.5,False
2024-01-16T16:04:30,59.47,58.65,687.8,False
2024-01-16T16:05:00,66.92,62.95,831.4,False
2024-01-16T16:05:30,60.73,54.98,834.9,False
2024-01-16T16:06:00,56.87,54.94,775.9,False
2024-01-16T16:06:30,60.96,61.7,866.1,False
2024-01-16T16:07:00,56.35,56.11,743.4,False
2024-01-16T16:07:30,56.8,61.34,840.0,False
2024-01-16T16:08:00,57.26,54.56,681.6,False
2024-01-16T16:08:30,59.04,61.14,746.3,False
2024-01-16T16:09:00,63.17,58.86,757.9,False
2024-01-16T16:09:30,62.08,61.26,830.4,False
2024-01-16T16:10:00,61.9,58.86,751.1,False
2024-01-16T16:10:30,57.02,57.24,800.8,False
2024-01-16T16:11:00,58.68,59.03,801.3,False
2024-01-16T16:11:30,61.11,57.83,800.4,False
2024-01-16T16:12:00,58.39,59.3,767.0,False
2024-01-16T16:12:30,59.43,57.69,737.6,False
2024-01-16T16:13:00,61.57,59.65,820.9,False
2024-01-16T16:13:30,59.19,52.81,757.4,False
2024-01-16T16:14:00,60.9,58.29,822.0,False
2024-01-16T16:14:30,64.99,63.53,883.9,False
2024-01-16T16:15:00,59.68,59.74,769.1,False
2024-01-16T16:15:30,63.72,62.15,866.6,False
2024-01-16T16:16:00,61.84,59.54,806.4,False
2024-01-16T16:16:30,55.75,59.74,773.9,False
2024-01-16T16:17:00,56.83,57.51,705.8,False
2024-01-16T16:17:30,57.62,56.01,737.6,False
2024-01-16T16:18:00,57.54,59.0,736.5,False
2024-01-16T16:18:30,59.82,60.28,836.5,False
2024-01-16T16:19:00,61.92,60.75,785.4,False
2024-01-16T16:19:30,63.83,59.64,839.8,False
2024-01-16T16:20:00,60.97,59.58,788.8,False
2024-01-16T16:20:30,58.7,60.66,759.4,False
2024-01-16T16:21:00,53.77,56.37,675.4,False
2024-01-16T16:21:30,60.22,55.68,709.4,False
2024-01-16T16:22:00,60.07,57.31,771.0,False
2024-01-16T16:22:30,60.52,57.45,777.0,False
2024-01-16T16:23:00,66.28,60.17,799.1,False
2024-01-16T16:23:30,63.66,56.15,819.2,False
2024-01-16T16:24:00,62.28,63.46,880.9,False
2024-01-16T16:24:30,57.02,55.3,820.0,False
2024-01-16T16:25:00,58.36,56.11,770.2,False
2024-01-16T16:25:30,59.59,54.46,781.5,False
2024-01-16T16:26:00,57.54,59.05,788.4,False
2024-01-16T16:26:30,61.35,59.04,803.1,False
2024-01-16T16:27:00,60.9,58.3,815.4,False
2024-01-16T16:27:30,56.55,56.23,765.8,False
2024-01-16T16:28:00,63.39,61.42,813.3,False
2024-01-16T16:28:30,60.09,57.64,757.0,False
2024-01-16T16:29:00,54.58,51.87,753.0,False
2024-01-16T16:29:30,59.59,55.77,688.2,False
2024-01-16T16:30:00,60.58,56.16,797.1,False
2024-01-16T16:30:30,62.63,60.43,720.3,False
2024-01-16T16:31:00,58.69,59.76,782.0,False
2024-01-16T16:31:30,62.17,62.58,760.1,False
2024-01-16T16:32:00,60.23,55.41,834.8,False
2024-01-16T16:32:30,55.7,57.66,751.1,False
2024-01-16T16:33:00,55.38,55.03,745.0,False
2024-01-16T16:33:30,62.98,65.91,822.0,False
2024-01-16T16:34:00,63.18,62.93,772.8,False
2024-01-16T16:34:30,60.55,62.25,831.1,False
2024-01-16T16:35:00,64.05,62.2,842.0,False
2024-01-16T16:35:30,62.71,60.7,781.6,False
2024-01-16T16:36:00,61.58,58.56,752.2,False
2024-01-16T16:36:30,56.77,55.77,739.2,False
2024-01-16T16:37:00,64.68,59.32,813.2,False
2024-01-16T16:37:30,61.08,60.36,745.3,False
2024-01-16T16:38:00,58.3,60.85,748.1,False
2024-01-16T16:38:30,57.43,56.59,735.8,False
2024-01-16T16:39:00,60.19,57.23,773.4,False
2024-01-16T16:39:30,54.39,52.81,727.3,False
2024-01-16T16:40:00,61.48,59.82,811.4,False
2024-01-16T16:40:30,56.5,59.3,753.3,False
2024-01-16T16:41:00,60.46,61.38,799.7,False
2024-01-16T16:41:30,57.76,60.23,772.0,False
2024-01-16T16:42:00,58.51,58.68,760.3,False
2024-01-16T16:42:30,57.02,57.28,783.5,False
2024-01-16T16:43:00,58.78,60.55,660.5,False
2024-01-16T16:43:30,64.92,58.84,805.0,False
2024-01-16T16:44:00,63.39,59.41,784.3,False
2024-01-16T16:44:30,60.27,62.16,787.0,False
2024-01-16T16:45:00,59.12,56.01,747.6,False
2024-01-16T16:45:30,61.71,59.39,815.6,False
2024-01-16T16:46:00,62.54,61.14,829.4,False
2024-01-16T16:46:30,56.64,57.1,697.8,False
2024-01-16T16:47:00,58.88,60.35,780.0,False
2024-01-16T16:47:30,53.63,58.48,677.8,False
2024-01-16T16:48:00,62.44,60.79,818.7,False
2024-01-16T16:48:30,65.25,64.02,803.3,False
2024-01-16T16:49:00,59.28,56.4,742.0,False
2024-01-16T16:49:30,52.64,54.62,652.7,False
2024-01-16T16:50:00,60.82,63.84,782.9,False
2024-01-16T16:50:30,56.26,60.64,703.8,False
2024-01-16T16:51:00,56.96,54.55,696.4,False
2024-01-16T16:51:30,60.81,59.0,793.9,False
2024-01-16T16:52:00,59.68,58.74,816.2,False
2024-01-16T16:52:30,57.43,58.17,775.2,False
2024-01-16T16:53:00,56.92,59.64,698.1,False
2024-01-16T16:53:30,59.23,61.92,768.4,False
2024-01-16T16:54:00,57.6,57.51,788.0,False
2024-01-16T16:54:30,55.48,58.62,738.4,False
2024-01-16T16:55:00,57.79,58.83,775.4,False
2024-01-16T16:55:30,59.79,58.49,760.8,False
2024-01-16T16:56:00,58.21,54.35,750.3,False
2024-01-16T16:56:30,54.49,57.92,709.5,False
2024-01-16T16:57:00,61.67,60.69,817.9,False
2024-01-16T16:57:30,50.47,54.65,730.7,False
2024-01-16T16:58:00,57.32,55.34,736.4,False
2024-01-16T16:58:30,56.78,60.95,784.4,False
2024-01-16T16:59:00,59.06,58.48,715.4,False
2024-01-16T16:59:30,60.28,56.5,775.4,False
2024-01-16T17:00:00,61.96,57.02,741.5,False
2024-01-16T17:00:30,56.42,58.21,706.1,False
2024-01-16T17:01:00,60.29,60.21,727.7,False
2024-01-16T17:01:30,59.1,57.28,746.5,False
2024-01-16T17:02:00,53.35,56.26,751.6,False
2024-01-16T17:02:30,64.17,62.07,810.2,False
2024-01-16T17:03:00,54.13,56.0,709.7,False
2024-01-16T17:03:30,59.68,57.1,770.5,False
2024-01-16T17:04:00,59.57,60.37,694.3,False
2024-01-16T17:04:30,59.2,59.94,796.5,False
2024-01-16T17:05:00,56.87,58.23,665.0,False
2024-01-16T17:05:30,60.81,57.4,758.2,False
2024-01-16T17:06:00,53.63,52.82,725.9,False
2024-01-16T17:06:30,58.09,57.86,782.5,False
2024-01-16T17:07:00,56.57,58.81,762.1,False
2024-01-16T17:07:30,56.21,58.85,747.7,False
2024-01-16T17:08:00,59.5,59.59,834.3,False
2024-01-16T17:08:30,61.42,58.49,872.0,False
2024-01-16T17:09:00,57.14,55.64,757.4,False
2024-01-16T17:09:30,60.49,58.89,779.9,False
2024-01-16T17:10:00,58.27,57.8,759.8,False
2024-01-16T17:10:30,55.42,58.6,718.9,False
2024-01-16T17:11:00,57.3,56.37,773.4,False
2024-01-16T17:11:30,57.15,56.47,808.1,False
2024-01-16T17:12:00,55.94,60.76,647.9,False
2024-01-16T17:12:30,59.29,61.43,767.5,False
2024-01-16T17:13:00,58.68,56.26,829.0,False
2024-01-16T17:13:30,53.18,58.22,741.2,False
2024-01-16T17:14:00,52.98,52.94,740.4,False
2024-01-16T17:14:30,59.18,57.41,709.4,False
2024-01-16T17:15:00,55.44,55.77,771.6,False
2024-01-16T17:15:30,58.77,57.92,810.5,False
2024-01-16T17:16:00,60.18,60.02,789.4,False
2024-01-16T17:16:30,54.0,55.91,705.8,False
2024-01-16T17:17:00,53.55,56.7,746.1,False
2024-01-16T17:17:30,62.79,59.29,760.8,False
2024-01-16T17:18:00,58.79,58.85,723.5,False
2024-01-16T17:18:30,56.45,57.09,783.7,False
2024-01-16T17:19:00,54.89,53.37,782.9,False
2024-01-16T17:19:30,56.13,57.74,719.3,False
2024-01-16T17:20:00,54.07,55.93,685.9,False
2024-01-16T17:20:30,60.26,57.41,747.0,False
2024-01-16T17:21:00,55.26,55.49,750.0,False
2024-01-16T17:21:30,60.84,58.33,740.2,False
2024-01-16T17:22:00,56.34,56.39,802.0,False
2024-01-16T17:22:30,54.38,59.42,716.5,False
2024-01-16T17:23:00,56.21,61.0,764.3,False
2024-01-16T17:23:30,49.59,48.06,667.0,False
2024-01-16T17:24:00,57.07,58.23,779.9,False
2024-01-16T17:24:30,56.9,59.08,781.8,False
2024-01-16T17:25:00,59.86,58.22,711.7,False
2024-01-16T17:25:30,51.7,56.43,686.4,False
2024-01-16T17:26:00,60.82,62.44,780.3,False
2024-01-16T17:26:30,59.77,55.87,757.1,False
2024-01-16T17:27:00,61.04,59.51,823.2,False
2024-01-16T17:27:30,57.1,61.19,732.9,False
2024-01-16T17:28:00,60.27,56.39,810.7,False
2024-01-16T17:28:30,52.79,54.9,741.7,False
2024-01-16T17:29:00,59.31,57.5,770.2,False
2024-01-16T17:29:30,54.83,58.26,768.9,False
2024-01-16T17:30:00,52.17,57.2,655.8,False
2024-01-16T17:30:30,53.72,55.93,727.3,False
2024-01-16T17:31:00,57.09,57.35,725.7,False
2024-01-16T17:31:30,54.57,52.59,732.3,False
2024-01-16T17:32:00,58.14,60.66,746.4,False
2024-01-16T17:32:30,51.56,53.82,714.9,False
2024-01-16T17:33:00,50.58,53.75,705.0,False
2024-01-16T17:33:30,61.05,61.22,794.0,False
2024-01-16T17:34:00,59.62,58.95,784.1,False
2024-01-16T17:34:30,53.73,57.63,752.8,False
2024-01-16T17:35:00,56.84,58.38,704.4,False
2024-01-16T17:35:30,59.88,59.1,799.4,False
2024-01-16T17:36:00,58.06,58.4,703.9,False
2024-01-16T17:36:30,57.21,55.12,645.9,False
2024-01-16T17:37:00,60.03,58.48,859.1,False
2024-01-16T17:37:30,54.52,58.19,698.6,False
2024-01-16T17:38:00,56.78,55.36,736.3,False
2024-01-16T17:38:30,56.61,55.64,678.3,False
2024-01-16T17:39:00,55.81,54.91,728.3,False
2024-01-16T17:39:30,55.43,56.79,751.7,False
2024-01-16T17:40:00,56.79,59.97,764.1,False
2024-01-16T17:40:30,56.65,58.19,704.9,False
2024-01-16T17:41:00,53.37,51.1,709.2,False
2024-01-16T17:41:30,58.9,59.52,785.9,False
2024-01-16T17:42:00,53.53,54.66,737.8,False
2024-01-16T17:42:30,55.78,57.68,751.4,False
2024-01-16T17:43:00,55.52,56.24,774.6,False
2024-01-16T17:43:30,57.45,55.78,755.3,False
2024-01-16T17:44:00,49.99,53.63,755.6,False
2024-01-16T17:44:30,58.99,57.4,760.2,False
2024-01-16T17:45:00,54.26,56.53,761.9,False
2024-01-16T17:45:30,59.92,56.97,808.6,False
2024-01-16T17:46:00,54.8,53.94,672.8,False
2024-01-16T17:46:30,56.06,58.28,766.1,False
2024-01-16T17:47:00,61.92,61.97,769.7,False
2024-01-16T17:47:30,55.31,57.61,702.2,False
2024-01-16T17:48:00,59.83,57.41,761.7,False
2024-01-16T17:48:30,56.21,55.42,756.1,False
2024-01-16T17:49:00,57.31,56.08,695.8,False
2024-01-16T17:49:30,56.24,58.7,751.0,False
2024-01-16T17:50:00,58.54,56.42,759.6,False
2024-01-16T17:50:30,53.91,57.52,772.8,False
2024-01-16T17:51:00,52.99,56.57,698.6,False
2024-01-16T17:51:30,54.0,58.28,779.6,False
2024-01-16T17:52:00,56.18,59.02,764.9,False
2024-01-16T17:52:30,55.19,57.49,740.2,False
2024-01-16T17:53:00,57.95,54.85,814.6,False
2024-01-16T17:53:30,59.71,59.88,854.6,False
2024-01-16T17:54:00,52.83,55.46,714.3,False
2024-01-16T17:54:30,53.53,54.83,698.6,False
2024-01-16T17:55:00,51.39,57.23,728.3,False
2024-01-16T17:55:30,61.76,59.39,737.2,False
2024-01-16T17:56:00,56.56,56.04,700.4,False
2024-01-16T17:56:30,57.05,59.59,808.7,False
2024-01-16T17:57:00,51.56,53.79,735.4,False
2024-01-16T17:57:30,55.55,55.44,710.0,False
2024-01-16T17:58:00,57.05,55.09,881.8,False
2024-01-16T17:58:30,54.73,54.55,682.6,False
2024-01-16T17:59:00,58.69,56.7,794.3,False
2024-01-16T17:59:30,62.36,61.25,767.0,False
2024-01-16T18:00:00,52.56,53.07,791.7,False
2024-01-16T18:00:30,52.3,51.26,697.2,False
2024-01-16T18:01:00,52.7,55.79,710.2,False
2024-01-16T18:01:30,60.12,57.63,708.6,False
2024-01-16T18:02:00,58.4,58.0,850.5,False
2024-01-16T18:02:30,54.84,58.82,714.0,False
2024-01-16T18:03:00,55.32,56.64,761.8,False
2024-01-16T18:03:30,52.73,58.22,722.0,False
2024-01-16T18:04:00,57.82,57.61,740.5,False
2024-01-16T18:04:30,53.98,57.84,642.7,False
2024-01-16T18:05:00,54.3,54.9,725.3,False
2024-01-16T18:05:30,56.88,57.5,744.2,False
2024-01-16T18:06:00,54.46,54.21,748.4,False
2024-01-16T18:06:30,54.29,54.36,820.1,False
2024-01-16T18:07:00,54.99,55.89,765.7,False
2024-01-16T18:07:30,57.31,54.85,792.9,False
2024-01-16T18:08:00,59.83,59.09,766.5,False
2024-01-16T18:08:30,56.62,56.56,700.4,False
2024-01-16T18:09:00,57.24,57.94,746.8,False
2024-01-16T18:09:30,54.2,53.33,704.2,False
2024-01-16T18:10:00,52.64,56.58,719.1,False
2024-01-16T18:10:30,56.7,60.6,733.8,False
2024-01-16T18:11:00,55.22,59.44,674.6,False
2024-01-16T18:11:30,50.4,57.87,753.9,False
2024-01-16T18:12:00,53.65,55.78,723.6,False
2024-01-16T18:12:30,54.36,55.34,721.6,False
2024-01-16T18:13:00,53.04,56.36,680.1,False
2024-01-16T18:13:30,58.98,57.88,752.9,False
2024-01-16T18:14:00,55.95,53.36,713.0,False
2024-01-16T18:14:30,58.59,59.81,721.0,False
2024-01-16T18:15:00,55.23,56.02,748.4,False
2024-01-16T18:15:30,54.65,53.27,718.5,False
2024-01-16T18:16:00,51.57,53.64,742.5,False
2024-01-16T18:16:30,54.38,55.64,720.6,False
2024-01-16T18:17:00,54.35,56.08,739.4,False
2024-01-16T18:17:30,50.18,54.02,704.9,False
2024-01-16T18:18:00,52.63,57.93,736.4,False
2024-01-16T18:18:30,53.24,52.93,692.3,False
2024-01-16T18:19:00,55.42,56.29,779.3,False
2024-01-16T18:19:30,55.53,54.89,697.0,False
2024-01-16T18:20:00,52.37,57.58,720.6,False
2024-01-16T18:20:30,55.48,55.51,695.7,False
2024-01-16T18:21:00,53.5,54.95,723.1,False
2024-01-16T18:21:30,45.4,53.69,698.8,False
2024-01-16T18:22:00,52.52,57.8,742.4,False
2024-01-16T18:22:30,57.18,60.43,799.8,False
2024-01-16T18:23:00,48.86,50.04,678.8,False
2024-01-16T18:23:30,54.21,56.97,770.1,False
2024-01-16T18:24:00,58.6,58.74,741.1,False
2024-01-16T18:24:30,51.53,54.56,693.9,False
2024-01-16T18:25:00,53.78,55.93,735.4,False
2024-01-16T18:25:30,49.83,56.39,732.6,False
2024-01-16T18:26:00,58.59,60.28,746.8,False
2024-01-16T18:26:30,53.42,57.41,755.2,False
2024-01-16T18:27:00,53.78,56.21,739.5,False
2024-01-16T18:27:30,57.67,62.28,774.8,False
2024-01-16T18:28:00,55.55,55.89,710.2,False
2024-01-16T18:28:30,50.91,51.14,691.9,False
2024-01-16T18:29:00,51.56,54.16,708.7,False
2024-01-16T18:29:30,54.95,56.51,753.1,False
2024-01-16T18:30:00,51.56,57.3,680.2,False
2024-01-16T18:30:30,47.04,51.42,624.7,False
2024-01-16T18:31:00,53.2,56.5,640.3,False
2024-01-16T18:31:30,48.89,50.41,720.9,False
2024-01-16T18:32:00,58.14,60.16,802.9,False
2024-01-16T18:32:30,53.79,55.96,649.9,False
2024-01-16T18:33:00,50.51,53.62,707.1,False
2024-01-16T18:33:30,51.09,58.74,693.6,False
2024-01-16T18:34:00,47.48,54.81,728.5,False
2024-01-16T18:34:30,49.82,51.76,690.1,False
2024-01-16T18:35:00,56.13,56.78,770.9,False
2024-01-16T18:35:30,59.74,64.28,760.9,False
2024-01-16T18:36:00,55.19,60.49,714.0,False
2024-01-16T18:36:30,52.7,57.13,752.3,False
2024-01-16T18:37:00,51.64,51.07,756.3,False
2024-01-16T18:37:30,50.03,56.62,649.5,False
2024-01-16T18:38:00,59.05,57.2,818.1,False
2024-01-16T18:38:30,52.27,57.72,679.1,False
2024-01-16T18:39:00,59.14,57.07,679.9,False
2024-01-16T18:39:30,56.94,58.4,756.0,False
2024-01-16T18:40:00,47.5,51.42,700.3,False
2024-01-16T18:40:30,50.69,53.57,644.9,False
2024-01-16T18:41:00,50.65,55.52,625.9,False
2024-01-16T18:41:30,52.38,52.5,699.2,False
2024-01-16T18:42:00,52.4,59.9,694.1,False
2024-01-16T18:42:30,61.54,57.67,847.1,False
2024-01-16T18:43:00,49.28,51.43,694.7,False
2024-01-16T18:43:30,53.16,56.79,754.7,False
2024-01-16T18:44:00,54.29,58.69,742.7,False
2024-01-16T18:44:30,52.4,54.51,781.9,False
2024-01-16T18:45:00,52.7,53.17,685.9,False
2024-01-16T18:45:30,49.2,51.72,690.0,False
2024-01-16T18:46:00,52.61,53.21,658.1,False
2024-01-16T18:46:30,53.79,56.48,762.8,False
2024-01-16T18:47:00,53.2,55.43,770.2,False
2024-01-16T18:47:30,53.89,56.77,766.1,False
2024-01-16T18:48:00,56.39,57.89,746.1,False
2024-01-16T18:48:30,54.92,58.08,679.8,False
2024-01-16T18:49:00,52.29,54.3,714.8,False
2024-01-16T18:49:30,48.52,51.76,661.1,False
2024-01-16T18:50:00,50.2,54.39,738.5,False
2024-01-16T18:50:30,51.3,54.52,693.4,False
2024-01-16T18:51:00,52.68,55.83,703.5,False
2024-01-16T18:51:30,50.46,52.79,790.6,False
2024-01-16T18:52:00,49.05,54.79,724.3,False
2024-01-16T18:52:30,48.25,50.75,729.0,False
2024-01-16T18:53:00,46.83,51.52,654.1,False
2024-01-16T18:53:30,51.04,56.77,664.3,False
2024-01-16T18:54:00,47.3,50.38,721.0,False
2024-01-16T18:54:30,48.67,55.43,749.0,False
2024-01-16T18:55:00,50.45,51.4,652.1,False
2024-01-16T18:55:30,47.59,49.62,660.0,False
2024-01-16T18:56:00,52.69,52.36,685.0,False
2024-01-16T18:56:30,53.74,56.1,749.2,False
2024-01-16T18:57:00,49.83,55.37,742.1,False
2024-01-16T18:57:30,50.13,56.65,686.3,False
2024-01-16T18:58:00,53.02,57.94,709.3,False
2024-01-16T18:58:30,49.23,55.34,615.5,False
2024-01-16T18:59:00,48.98,51.83,653.7,False
2024-01-16T18:59:30,54.88,54.77,799.3,False
2024-01-16T19:00:00,53.91,57.54,751.0,False
2024-01-16T19:00:30,53.02,58.36,761.2,False
2024-01-16T19:01:00,53.96,53.93,717.0,False
2024-01-16T19:01:30,45.21,54.21,650.8,False
2024-01-16T19:02:00,55.16,52.76,742.1,False
2024-01-16T19:02:30,52.24,55.92,730.9,False
2024-01-16T19:03:00,54.06,55.84,787.5,False
2024-01-16T19:03:30,52.15,54.69,690.3,False
2024-01-16T19:04:00,51.1,54.63,703.3,False
2024-01-16T19:04:30,50.09,52.36,669.0,False
2024-01-16T19:05:00,51.98,55.9,637.1,False
2024-01-16T19:05:30,49.9,54.1,736.0,False
2024-01-16T19:06:00,53.4,57.6,797.1,False
2024-01-16T19:06:30,46.0,55.21,698.6,False
2024-01-16T19:07:00,49.1,53.83,702.0,False
2024-01-16T19:07:30,56.82,55.8,828.7,False
2024-01-16T19:08:00,48.77,51.14,708.5,False
2024-01-16T19:08:30,49.89,57.37,731.2,False
2024-01-16T19:09:00,47.92,56.14,689.0,False
2024-01-16T19:09:30,51.54,56.58,724.0,False
2024-01-16T19:10:00,48.28,53.3,680.9,False
2024-01-16T19:10:30,49.89,55.62,732.5,False
2024-01-16T19:11:00,52.96,58.13,680.0,False
2024-01-16T19:11:30,48.28,51.95,703.0,False
2024-01-16T19:12:00,52.7,55.45,687.5,False
2024-01-16T19:12:30,52.76,53.21,742.5,False
2024-01-16T19:13:00,53.42,55.5,823.1,False
2024-01-16T19:13:30,50.64,57.46,733.1,False
2024-01-16T19:14:00,59.9,61.16,826.2,False
2024-01-16T19:14:30,53.3,55.97,762.5,False
2024-01-16T19:15:00,51.08,49.2,615.6,False
2024-01-16T19:15:30,47.43,51.46,674.2,False
2024-01-16T19:16:00,49.73,54.13,715.8,False
2024-01-16T19:16:30,54.26,55.76,650.5,False
2024-01-16T19:17:00,55.07,56.66,729.2,False
2024-01-16T19:17:30,54.34,56.72,731.5,False
2024-01-16T19:18:00,52.22,54.11,668.5,False
2024-01-16T19:18:30,46.06,52.08,629.7,False
2024-01-16T19:19:00,51.25,54.39,763.5,False
2024-01-16T19:19:30,46.02,50.67,524.9,False
2024-01-16T19:20:00,45.24,55.38,672.8,False
2024-01-16T19:20:30,50.38,53.31,749.6,False
2024-01-16T19:21:00,51.2,50.16,708.5,False
2024-01-16T19:21:30,52.3,58.79,774.7,False
2024-01-16T19:22:00,51.04,52.9,691.2,False
2024-01-16T19:22:30,51.1,56.43,672.6,False
2024-01-16T19:23:00,46.52,50.97,671.7,False
2024-01-16T19:23:30,49.11,54.77,677.7,False
2024-01-16T19:24:00,44.87,51.42,636.1,False
2024-01-16T19:24:30,43.34,52.75,639.5,False
2024-01-16T19:25:00,51.53,54.42,680.6,False
2024-01-16T19:25:30,47.01,51.28,642.6,False
2024-01-16T19:26:00,51.85,55.52,669.9,False
2024-01-16T19:26:30,52.51,54.58,736.8,False
2024-01-16T19:27:00,47.29,48.88,638.4,False
2024-01-16T19:27:30,50.88,53.33,657.4,False
2024-01-16T19:28:00,47.09,58.37,633.7,False
2024-01-16T19:28:30,43.49,47.2,656.2,False
2024-01-16T19:29:00,49.36,54.26,721.6,False
2024-01-16T19:29:30,47.54,52.38,710.3,False
2024-01-16T19:30:00,47.59,56.57,689.3,False
2024-01-16T19:30:30,54.79,54.27,759.8,False
2024-01-16T19:31:00,44.25,51.43,651.8,False
2024-01-16T19:31:30,49.94,55.44,717.7,False
2024-01-16T19:32:00,45.76,51.63,683.7,False
2024-01-16T19:32:30,51.43,53.29,682.3,False
2024-01-16T19:33:00,49.56,53.84,653.5,False
2024-01-16T19:33:30,49.76,53.37,752.2,False
2024-01-16T19:34:00,45.75,51.36,671.0,False
2024-01-16T19:34:30,46.25,54.1,712.0,False
2024-01-16T19:35:00,51.29,55.56,666.3,False
2024-01-16T19:35:30,53.78,57.11,714.0,False
2024-01-16T19:36:00,49.86,54.71,643.8,False
2024-01-16T19:36:30,45.69,53.88,691.4,False
2024-01-16T19:37:00,49.36,56.41,670.3,False
2024-01-16T19:37:30,55.58,56.34,722.5,False
2024-01-16T19:38:00,48.57,55.04,766.8,False
2024-01-16T19:38:30,52.6,52.83,747.5,False
2024-01-16T19:39:00,45.96,47.6,693.8,False
2024-01-16T19:39:30,48.01,56.78,636.0,False
2024-01-16T19:40:00,49.95,53.44,625.3,False
2024-01-16T19:40:30,49.25,54.26,732.8,False
2024-01-16T19:41:00,45.71,49.54,576.1,False
2024-01-16T19:41:30,45.54,49.36,644.3,False
2024-01-16T19:42:00,50.9,53.16,674.7,False
2024-01-16T19:42:30,51.46,56.15,674.7,False
2024-01-16T19:43:00,64.4,60.3,1097.6,False
2024-01-16T19:43:30,76.41,66.67,1169.1,False
2024-01-16T19:44:00,88.43,71.86,1258.8,False
2024-01-16T19:44:30,89.42,76.18,1325.6,False
2024-01-16T19:45:00,88.9,75.33,1353.8,False
2024-01-16T19:45:30,89.69,73.02,1248.0,False
2024-01-16T19:46:00,88.69,74.86,1317.3,False
2024-01-16T19:46:30,88.19,72.75,1327.2,False
2024-01-16T19:47:00,89.3,73.12,1332.3,False
2024-01-16T19:47:30,89.33,73.72,1305.8,False
2024-01-16T19:48:00,87.9,74.39,1279.3,False
2024-01-16T19:48:30,88.81,71.77,1340.8,False
2024-01-16T19:49:00,88.13,74.23,1318.5,False
2024-01-16T19:49:30,86.42,77.36,1215.6,False
2024-01-16T19:50:00,88.87,73.96,1302.1,False
2024-01-16T19:50:30,87.13,72.8,1299.3,False
2024-01-16T19:51:00,88.75,73.37,1266.3,False
2024-01-16T19:51:30,73.14,66.69,1175.4,False
2024-01-16T19:52:00,59.57,55.73,1096.2,False
2024-01-16T19:52:30,44.54,54.84,923.2,False
2024-01-16T19:53:00,37.67,49.34,610.7,True
2024-01-16T19:53:30,41.49,48.0,592.3,True
2024-01-16T19:54:00,42.4,49.81,589.8,True
2024-01-16T19:54:30,35.56,45.21,609.1,True
2024-01-16T19:55:00,38.74,48.52,656.9,True
2024-01-16T19:55:30,38.79,48.07,563.0,True
2024-01-16T19:56:00,38.34,48.18,644.9,True
2024-01-16T19:56:30,38.34,45.66,606.2,True
2024-01-16T19:57:00,38.08,46.63,516.1,True
2024-01-16T19:57:30,41.36,51.53,573.5,True
2024-01-16T19:58:00,49.91,52.44,723.6,False
2024-01-16T19:58:30,43.38,44.96,582.1,False
2024-01-16T19:59:00,48.9,52.71,666.5,False
2024-01-16T19:59:30,49.15,57.96,689.9,False
2024-01-16T20:00:00,47.38,53.95,696.9,False
2024-01-16T20:00:30,49.78,52.29,705.7,False
2024-01-16T20:01:00,46.91,51.92,738.0,False
2024-01-16T20:01:30,46.91,53.38,642.6,False
2024-01-16T20:02:00,46.63,48.37,677.0,False
2024-01-16T20:02:30,40.17,46.94,639.4,False
2024-01-16T20:03:00,45.94,52.34,696.0,False
2024-01-16T20:03:30,44.13,53.83,695.1,False
2024-01-16T20:04:00,42.53,48.96,622.9,False
2024-01-16T20:04:30,50.35,56.89,728.9,False
2024-01-16T20:05:00,47.52,50.83,643.1,False
2024-01-16T20:05:30,45.88,44.75,663.9,False
2024-01-16T20:06:00,44.23,52.18,673.9,False
2024-01-16T20:06:30,46.77,53.05,713.2,False
2024-01-16T20:07:00,48.81,54.46,713.3,False
2024-01-16T20:07:30,43.32,51.64,650.1,False
2024-01-16T20:08:00,45.74,51.84,662.7,False
2024-01-16T20:08:30,48.32,52.23,708.5,False
2024-01-16T20:09:00,39.86,48.08,706.5,False
2024-01-16T20:09:30,45.45,50.4,697.8,False
2024-01-16T20:10:00,44.3,49.94,669.6,False
2024-01-16T20:10:30,45.14,47.54,606.4,False
2024-01-16T20:11:00,43.99,48.16,618.2,False
2024-01-16T20:11:30,45.87,51.21,654.0,False
2024-01-16T20:12:00,51.18,49.71,745.9,False
2024-01-16T20:12:30,44.4,46.78,617.7,False
2024-01-16T20:13:00,46.2,51.03,695.3,False
2024-01-16T20:13:30,51.27,53.98,714.9,False
2024-01-16T20:14:00,43.59,49.77,662.9,False
2024-01-16T20:14:30,50.64,49.17,696.5,False
2024-01-16T20:15:00,45.17,54.3,637.5,False
2024-01-16T20:15:30,50.46,50.97,664.7,False
2024-01-16T20:16:00,47.32,50.64,703.0,False
2024-01-16T20:16:30,45.95,49.06,664.5,False
2024-01-16T20:17:00,44.79,53.61,615.2,False
2024-01-16T20:17:30,43.07,50.99,653.5,False
2024-01-16T20:18:00,45.13,50.23,797.9,False
2024-01-16T20:18:30,47.55,51.31,672.3,False
2024-01-16T20:19:00,44.77,51.37,724.4,False
2024-01-16T20:19:30,43.82,48.04,547.2,False
2024-01-16T20:20:00,43.98,51.37,641.0,False
2024-01-16T20:20:30,47.66,51.36,719.5,False
2024-01-16T20:21:00,48.32,53.82,687.2,False
2024-01-16T20:21:30,42.6,50.9,615.1,False
2024-01-16T20:22:00,42.55,48.72,639.3,False
2024-01-16T20:22:30,45.65,47.35,704.6,False
2024-01-16T20:23:00,49.05,52.66,778.2,False
2024-01-16T20:23:30,47.86,49.67,725.5,False
2024-01-16T20:24:00,40.63,49.11,604.8,False
2024-01-16T20:24:30,43.55,49.9,639.1,False
2024-01-16T20:25:00,41.51,48.21,623.0,False
2024-01-16T20:25:30,43.45,47.77,612.9,False
2024-01-16T20:26:00,49.02,55.53,686.0,False
2024-01-16T20:26:30,39.9,47.69,608.2,False
2024-01-16T20:27:00,39.27,52.98,566.1,False
2024-01-16T20:27:30,41.6,49.51,666.3,False
2024-01-16T20:28:00,44.9,51.8,676.0,False
2024-01-16T20:28:30,45.86,51.66,641.2,False
2024-01-16T20:29:00,45.26,51.97,668.0,False
2024-01-16T20:29:30,47.44,54.55,640.9,False
2024-01-16T20:30:00,38.58,50.15,586.5,False
2024-01-16T20:30:30,47.39,48.81,706.6,False
2024-01-16T20:31:00,42.84,51.79,661.6,False
2024-01-16T20:31:30,45.93,52.62,646.9,False
2024-01-16T20:32:00,39.72,48.59,630.2,False
2024-01-16T20:32:30,43.66,53.92,646.3,False
2024-01-16T20:33:00,44.31,54.32,614.6,False
2024-01-16T20:33:30,47.03,53.99,669.5,False
2024-01-16T20:34:00,38.76,46.96,627.4,False
2024-01-16T20:34:30,43.57,48.07,660.8,False
2024-01-16T20:35:00,40.18,50.27,553.7,False
2024-01-16T20:35:30,44.91,53.84,665.9,False
2024-01-16T20:36:00,45.68,47.45,666.4,False
2024-01-16T20:36:30,47.16,54.43,601.4,False
2024-01-16T20:37:00,41.65,48.99,600.9,False
2024-01-16T20:37:30,46.0,48.06,687.6,False
2024-01-16T20:38:00,47.25,53.24,733.4,False
2024-01-16T20:38:30,38.2,49.6,540.0,False
2024-01-16T20:39:00,44.92,50.44,698.5,False
2024-01-16T20:39:30,45.92,49.53,592.1,False
2024-01-16T20:40:00,42.22,53.22,693.7,False
2024-01-16T20:40:30,39.32,47.01,605.0,False
2024-01-16T20:41:00,45.74,53.87,637.3,False
2024-01-16T20:41:30,39.27,45.3,628.3,False
2024-01-16T20:42:00,42.29,50.67,599.8,False
2024-01-16T20:42:30,42.66,50.8,661.9,False
2024-01-16T20:43:00,44.88,52.88,654.1,False
2024-01-16T20:43:30,40.81,52.09,474.1,False
2024-01-16T20:44:00,40.6,47.37,592.3,False
2024-01-16T20:44:30,42.9,51.19,650.9,False
2024-01-16T20:45:00,45.58,48.76,707.3,False
2024-01-16T20:45:30,49.38,50.63,708.3,False
2024-01-16T20:46:00,37.95,46.52,645.6,False
2024-01-16T20:46:30,43.38,51.21,611.3,False
2024-01-16T20:47:00,39.13,51.62,642.1,False
2024-01-16T20:47:30,45.4,55.12,693.0,False
2024-01-16T20:48:00,39.49,47.74,550.6,False
2024-01-16T20:48:30,40.23,49.44,665.9,False
2024-01-16T20:49:00,40.45,50.82,636.7,False
2024-01-16T20:49:30,41.94,51.21,624.3,False
2024-01-16T20:50:00,43.1,49.92,632.8,False
2024-01-16T20:50:30,43.53,50.63,606.8,False
2024-01-16T20:51:00,42.02,49.51,661.4,False
2024-01-16T20:51:30,38.01,47.3,616.1,False
2024-01-16T20:52:00,44.14,50.1,676.4,False
2024-01-16T20:52:30,41.75,49.36,637.2,False
2024-01-16T20:53:00,45.35,50.59,671.0,False
2024-01-16T20:53:30,39.7,46.3,605.8,False
2024-01-16T20:54:00,36.97,48.94,638.8,False
2024-01-16T20:54:30,41.63,50.58,657.3,False
2024-01-16T20:55:00,45.58,55.27,671.5,False
2024-01-16T20:55:30,42.13,50.53,631.7,False
2024-01-16T20:56:00,41.0,48.4,557.3,False
2024-01-16T20:56:30,38.95,46.95,532.2,False
2024-01-16T20:57:00,46.79,52.22,659.6,False
2024-01-16T20:57:30,38.38,49.03,657.8,False
2024-01-16T20:58:00,39.25,47.87,585.8,False
2024-01-16T20:58:30,43.1,47.35,618.1,False
2024-01-16T20:59:00,35.77,45.15,547.3,False
2024-01-16T20:59:30,45.12,51.34,609.4,False
2024-01-16T21:00:00,43.13,51.79,608.5,False
2024-01-16T21:00:30,43.91,47.73,462.4,False
2024-01-16T21:01:00,42.84,50.7,423.1,False
2024-01-16T21:01:30,40.64,49.51,403.6,False
2024-01-16T21:02:00,37.89,46.79,378.1,False
2024-01-16T21:02:30,40.62,47.88,434.4,False
2024-01-16T21:03:00,38.07,46.31,420.1,False
2024-01-16T21:03:30,42.41,50.24,364.5,False
2024-01-16T21:04:00,43.33,52.67,416.2,False
2024-01-16T21:04:30,45.29,53.8,458.8,False
2024-01-16T21:05:00,41.93,47.48,453.0,False
2024-01-16T21:05:30,43.55,50.16,453.5,False
2024-01-16T21:06:00,39.84,44.29,451.6,False
2024-01-16T21:06:30,39.25,48.61,357.5,False
2024-01-16T21:07:00,42.06,50.99,453.1,False
2024-01-16T21:07:30,39.44,51.63,497.6,False
2024-01-16T21:08:00,41.36,45.88,432.8,False
2024-01-16T21:08:30,37.33,45.26,402.2,False
2024-01-16T21:09:00,37.82,47.97,423.4,False
2024-01-16T21:09:30,42.33,46.7,416.8,False
2024-01-16T21:10:00,43.04,50.64,406.5,False
2024-01-16T21:10:30,37.38,48.71,401.4,False
2024-01-16T21:11:00,42.31,47.37,372.3,False
2024-01-16T21:11:30,38.65,48.37,425.1,False
2024-01-16T21:12:00,40.26,46.48,444.6,False
2024-01-16T21:12:30,44.42,53.74,391.2,False
2024-01-16T21:13:00,42.54,50.47,446.9,False
2024-01-16T21:13:30,42.46,48.74,431.1,False
2024-01-16T21:14:00,45.76,49.19,525.2,False
2024-01-16T21:14:30,37.88,48.5,455.4,False
2024-01-16T21:15:00,36.99,50.0,429.6,False
2024-01-16T21:15:30,37.74,46.11,450.3,False
2024-01-16T21:16:00,39.1,47.46,398.2,False
2024-01-16T21:16:30,32.75,43.66,372.4,False
2024-01-16T21:17:00,39.15,51.48,403.1,False
2024-01-16T21:17:30,38.1,44.03,364.9,False
2024-01-16T21:18:00,42.04,52.39,439.6,False
2024-01-16T21:18:30,40.7,48.39,422.3,False
2024-01-16T21:19:00,37.8,47.56,394.3,False
2024-01-16T21:19:30,41.32,48.78,428.2,False
2024-01-16T21:20:00,41.68,50.12,435.9,False
2024-01-16T21:20:30,37.16,45.93,432.8,False
2024-01-16T21:21:00,37.95,49.9,380.2,False
2024-01-16T21:21:30,32.71,47.36,310.5,False
2024-01-16T21:22:00,36.07,44.88,415.6,False
2024-01-16T21:22:30,37.07,48.68,430.8,False
2024-01-16T21:23:00,39.47,47.84,430.1,False
2024-01-16T21:23:30,36.37,47.1,345.4,False
2024-01-16T21:24:00,37.62,50.68,395.7,False
2024-01-16T21:24:30,35.44,45.19,395.0,False
2024-01-16T21:25:00,39.59,50.47,374.0,False
2024-01-16T21:25:30,40.31,49.89,391.9,False
2024-01-16T21:26:00,40.2,48.53,415.7,False
2024-01-16T21:26:30,38.98,49.05,459.2,False
2024-01-16T21:27:00,34.28,46.46,383.3,False
2024-01-16T21:27:30,37.0,45.01,373.1,False
2024-01-16T21:28:00,37.6,46.41,392.7,False
2024-01-16T21:28:30,37.56,45.52,373.9,False
2024-01-16T21:29:00,38.96,47.75,395.2,False
2024-01-16T21:29:30,42.96,53.0,472.6,False
2024-01-16T21:30:00,41.08,50.54,351.8,False
2024-01-16T21:30:30,35.64,43.79,437.7,False
2024-01-16T21:31:00,40.59,48.59,512.3,False
2024-01-16T21:31:30,40.44,49.52,430.0,False
2024-01-16T21:32:00,36.05,48.35,355.2,False
2024-01-16T21:32:30,40.97,48.03,474.3,False
2024-01-16T21:33:00,37.9,45.32,414.3,False
2024-01-16T21:33:30,34.11,45.79,351.9,False
2024-01-16T21:34:00,39.66,49.82,378.4,False
2024-01-16T21:34:30,38.91,48.77,395.0,False
2024-01-16T21:35:00,37.53,45.84,407.9,False
2024-01-16T21:35:30,38.06,51.39,440.3,False
2024-01-16T21:36:00,35.97,46.64,399.1,False
2024-01-16T21:36:30,39.91,49.2,437.5,False
2024-01-16T21:37:00,37.91,46.48,389.9,False
2024-01-16T21:37:30,38.5,50.32,442.2,False
2024-01-16T21:38:00,39.03,49.51,403.9,False
2024-01-16T21:38:30,34.45,46.71,449.1,False
2024-01-16T21:39:00,35.18,44.15,355.4,False
2024-01-16T21:39:30,31.19,46.65,365.4,False
2024-01-16T21:40:00,39.48,50.11,503.4,False
2024-01-16T21:40:30,34.1,47.95,414.5,False
2024-01-16T21:41:00,38.09,47.99,434.6,False
2024-01-16T21:41:30,38.77,48.1,422.0,False
2024-01-16T21:42:00,39.42,48.21,417.4,False
2024-01-16T21:42:30,33.95,50.41,364.7,False
2024-01-16T21:43:00,37.33,46.45,376.2,False
2024-01-16T21:43:30,42.49,47.75,378.5,False
2024-01-16T21:44:00,42.58,49.42,466.3,False
2024-01-16T21:44:30,40.36,47.99,361.3,False
2024-01-16T21:45:00,38.37,50.58,433.0,False
2024-01-16T21:45:30,34.29,43.32,362.0,False
2024-01-16T21:46:00,39.42,47.47,377.2,False
2024-01-16T21:46:30,36.75,47.64,450.2,False
2024-01-16T21:47:00,38.86,50.85,352.9,False
2024-01-16T21:47:30,35.24,47.93,355.3,False
2024-01-16T21:48:00,36.58,50.41,369.7,False
2024-01-16T21:48:30,37.55,48.35,406.4,False
2024-01-16T21:49:00,37.75,47.36,377.5,False
2024-01-16T21:49:30,38.45,49.83,466.1,False
2024-01-16T21:50:00,35.19,43.75,326.7,False
2024-01-16T21:50:30,32.85,41.9,526.2,False
2024-01-16T21:51:00,41.72,51.71,391.4,False
2024-01-16T21:51:30,44.27,51.45,572.4,False
2024-01-16T21:52:00,38.1,49.88,448.5,False
2024-01-16T21:52:30,32.74,43.57,357.5,False
2024-01-16T21:53:00,34.35,48.65,383.9,False
2024-01-16T21:53:30,38.16,49.32,390.1,False
2024-01-16T21:54:00,40.61,49.15,438.8,False
2024-01-16T21:54:30,32.9,45.77,333.8,False
2024-01-16T21:55:00,36.13,47.67,417.4,False
2024-01-16T21:55:30,37.05,45.72,403.7,False
2024-01-16T21:56:00,39.01,47.65,372.5,False
2024-01-16T21:56:30,35.34,47.25,399.8,False
2024-01-16T21:57:00,31.64,43.88,367.7,False
2024-01-16T21:57:30,38.15,45.05,376.5,False
2024-01-16T21:58:00,39.62,49.32,399.9,False
2024-01-16T21:58:30,35.96,48.57,408.2,False
2024-01-16T21:59:00,37.38,49.75,442.7,False
2024-01-16T21:59:30,34.7,47.33,371.9,False
2024-01-16T22:00:00,33.54,47.33,405.6,False
2024-01-16T22:00:30,39.12,50.46,459.6,False
2024-01-16T22:01:00,37.16,47.66,449.4,False
2024-01-16T22:01:30,37.42,43.4,416.1,False
2024-01-16T22:02:00,40.42,51.46,387.3,False
2024-01-16T22:02:30,32.7,43.5,397.3,False
2024-01-16T22:03:00,34.17,43.76,365.7,False
2024-01-16T22:03:30,36.26,44.86,410.3,False
2024-01-16T22:04:00,34.05,50.93,347.2,False
2024-01-16T22:04:30,38.05,48.84,380.4,False
2024-01-16T22:05:00,35.1,44.4,352.7,False
2024-01-16T22:05:30,32.64,43.89,308.1,False
2024-01-16T22:06:00,35.77,46.83,362.7,False
2024-01-16T22:06:30,36.04,48.05,347.0,False
2024-01-16T22:07:00,38.29,48.65,429.0,False
2024-01-16T22:07:30,36.63,45.4,350.4,False
2024-01-16T22:08:00,36.79,47.98,367.5,False
2024-01-16T22:08:30,36.33,45.89,390.7,False
2024-01-16T22:09:00,34.76,48.42,450.6,False
2024-01-16T22:09:30,33.13,45.63,337.4,False
2024-01-16T22:10:00,36.11,45.49,333.6,False
2024-01-16T22:10:30,34.2,47.43,321.1,False
2024-01-16T22:11:00,40.23,49.84,387.4,False
2024-01-16T22:11:30,39.14,47.58,386.9,False
2024-01-16T22:12:00,36.97,48.91,488.0,False
2024-01-16T22:12:30,36.17,48.3,428.0,False
2024-01-16T22:13:00,34.73,48.73,365.2,False
2024-01-16T22:13:30,31.17,45.97,423.4,False
2024-01-16T22:14:00,34.26,45.67,349.6,False
2024-01-16T22:14:30,35.17,43.17,364.9,False
2024-01-16T22:15:00,35.51,47.1,365.3,False
2024-01-16T22:15:30,36.19,47.75,430.6,False
2024-01-16T22:16:00,37.51,47.83,397.3,False
2024-01-16T22:16:30,32.63,39.26,421.3,False
2024-01-16T22:17:00,32.61,46.64,378.3,False
2024-01-16T22:17:30,38.97,46.64,448.1,False
2024-01-16T22:18:00,36.89,48.79,322.5,False
2024-01-16T22:18:30,33.37,49.06,299.0,False
2024-01-16T22:19:00,34.17,45.56,306.7,False
2024-01-16T22:19:30,34.15,46.93,356.1,False
2024-01-16T22:20:00,34.51,46.3,314.5,False
2024-01-16T22:20:30,35.79,47.93,435.9,False
2024-01-16T22:21:00,41.94,50.16,427.5,False
2024-01-16T22:21:30,34.86,45.38,403.5,False
2024-01-16T22:22:00,36.24,45.3,370.2,False
2024-01-16T22:22:30,29.15,46.75,366.2,False
2024-01-16T22:23:00,32.71,46.23,283.1,False
2024-01-16T22:23:30,37.81,49.56,400.6,False
2024-01-16T22:24:00,35.29,47.44,402.4,False
2024-01-16T22:24:30,20.88,41.39,290.4,False
2024-01-16T22:25:00,36.03,45.22,375.5,False
2024-01-16T22:25:30,39.72,49.03,349.3,False
2024-01-16T22:26:00,27.94,43.98,363.9,False
2024-01-16T22:26:30,38.44,50.81,391.8,False
2024-01-16T22:27:00,25.53,47.11,292.0,False
2024-01-16T22:27:30,36.62,48.13,481.7,False
2024-01-16T22:28:00,33.74,44.55,373.8,False
2024-01-16T22:28:30,26.67,39.95,292.6,False
2024-01-16T22:29:00,35.02,44.71,357.0,False
2024-01-16T22:29:30,37.09,46.01,422.6,False
2024-01-16T22:30:00,34.69,40.56,344.7,False
2024-01-16T22:30:30,35.32,45.32,403.0,False
2024-01-16T22:31:00,32.29,46.59,402.3,False
2024-01-16T22:31:30,27.9,43.12,319.6,False
2024-01-16T22:32:00,35.52,46.26,423.6,False
2024-01-16T22:32:30,38.65,45.1,406.4,False
2024-01-16T22:33:00,36.75,49.5,366.5,False
2024-01-16T22:33:30,27.36,43.73,252.3,False
2024-01-16T22:34:00,28.73,43.37,340.9,False
2024-01-16T22:34:30,30.7,39.97,357.5,False
2024-01-16T22:35:00,28.42,42.26,366.6,False
2024-01-16T22:35:30,33.29,46.54,401.7,False
2024-01-16T22:36:00,34.3,46.12,457.1,False
2024-01-16T22:36:30,28.79,43.81,307.1,False
2024-01-16T22:37:00,35.37,48.09,397.2,False
2024-01-16T22:37:30,34.8,46.75,350.9,False
2024-01-16T22:38:00,31.32,45.99,387.7,False
2024-01-16T22:38:30,32.4,43.55,322.2,False
2024-01-16T22:39:00,27.03,40.11,352.8,False
2024-01-16T22:39:30,31.85,45.92,325.3,False
2024-01-16T22:40:00,32.82,46.82,393.3,False
2024-01-16T22:40:30,33.27,46.72,414.4,False
2024-01-16T22:41:00,33.86,46.24,308.7,False
2024-01-16T22:41:30,33.42,45.11,313.4,False
2024-01-16T22:42:00,31.85,45.4,364.2,False
2024-01-16T22:42:30,33.46,46.54,372.8,False
2024-01-16T22:43:00,35.57,47.72,372.9,False
2024-01-16T22:43:30,32.24,50.39,338.9,False
2024-01-16T22:44:00,33.44,43.93,333.3,False
2024-01-16T22:44:30,31.89,51.45,368.4,False
2024-01-16T22:45:00,30.47,41.78,305.2,False
2024-01-16T22:45:30,33.94,46.8,386.2,False
2024-01-16T22:46:00,30.67,42.0,322.3,False
2024-01-16T22:46:30,33.45,46.4,350.7,False
2024-01-16T22:47:00,32.34,47.2,407.3,False
2024-01-16T22:47:30,31.3,44.78,388.6,False
2024-01-16T22:48:00,31.19,46.61,309.6,False
2024-01-16T22:48:30,30.61,43.53,310.0,False
2024-01-16T22:49:00,27.16,38.55,348.4,False
2024-01-16T22:49:30,33.21,46.93,308.3,False
2024-01-16T22:50:00,32.71,45.49,419.9,False
2024-01-16T22:50:30,34.53,45.38,381.6,False
2024-01-16T22:51:00,30.35,43.43,319.7,False
2024-01-16T22:51:30,37.59,48.69,401.1,False
2024-01-16T22:52:00,30.73,42.81,400.3,False
2024-01-16T22:52:30,29.2,44.43,248.4,False
2024-01-16T22:53:00,28.81,45.86,371.5,False
2024-01-16T22:53:30,26.55,46.48,360.2,False
2024-01-16T22:54:00,36.31,50.05,377.6,False
2024-01-16T22:54:30,35.79,47.3,383.4,False
2024-01-16T22:55:00,33.44,46.32,373.0,False
2024-01-16T22:55:30,28.91,42.74,360.6,False
2024-01-16T22:56:00,36.99,46.66,366.7,False
2024-01-16T22:56:30,30.47,46.07,343.1,False
2024-01-16T22:57:00,30.68,43.82,341.4,False
2024-01-16T22:57:30,35.76,47.71,413.2,False
2024-01-16T22:58:00,33.38,43.86,474.1,False
2024-01-16T22:58:30,37.97,50.83,374.4,False
2024-01-16T22:59:00,32.08,44.49,359.8,False
2024-01-16T22:59:30,30.1,46.33,310.4,False
2024-01-16T23:00:00,29.42,42.41,315.8,False
2024-01-16T23:00:30,25.68,40.43,262.4,False
2024-01-16T23:01:00,30.34,46.93,281.5,False
2024-01-16T23:01:30,34.58,45.14,423.9,False
2024-01-16T23:02:00,32.9,42.42,377.4,False
2024-01-16T23:02:30,31.13,42.59,352.7,False
2024-01-16T23:03:00,28.04,44.85,289.4,False
2024-01-16T23:03:30,31.67,46.47,350.4,False
2024-01-16T23:04:00,33.99,44.59,325.7,False
2024-01-16T23:04:30,32.21,43.96,356.6,False
2024-01-16T23:05:00,31.38,46.15,364.4,False
2024-01-16T23:05:30,28.45,45.98,305.9,False
2024-01-16T23:06:00,33.41,45.69,337.0,False
2024-01-16T23:06:30,21.37,40.92,251.3,False
2024-01-16T23:07:00,31.88,46.81,387.6,False
2024-01-16T23:07:30,38.4,52.63,415.3,False
2024-01-16T23:08:00,26.13,39.88,244.8,False
2024-01-16T23:08:30,29.9,42.74,368.1,False
2024-01-16T23:09:00,30.56,43.4,366.2,False
2024-01-16T23:09:30,29.16,45.37,340.7,False
2024-01-16T23:10:00,33.62,45.44,434.8,False
2024-01-16T23:10:30,31.89,45.7,356.1,False
2024-01-16T23:11:00,30.89,44.83,364.4,False
2024-01-16T23:11:30,32.79,45.54,381.1,False
2024-01-16T23:12:00,30.41,44.56,378.4,False
2024-01-16T23:12:30,39.86,51.13,410.0,False
2024-01-16T23:13:00,30.74,42.57,320.1,False
2024-01-16T23:13:30,30.84,44.27,385.6,False
2024-01-16T23:14:00,25.08,39.26,337.5,False
2024-01-16T23:14:30,28.55,43.87,379.4,False
2024-01-16T23:15:00,33.59,45.55,385.3,False
2024-01-16T23:15:30,26.1,44.34,242.9,False
2024-01-16T23:16:00,23.6,40.94,295.3,False
2024-01-16T23:16:30,30.13,43.33,342.4,False
2024-01-16T23:17:00,34.11,45.72,422.1,False
2024-01-16T23:17:30,30.09,47.65,383.1,False
2024-01-16T23:18:00,28.92,40.48,355.9,False
2024-01-16T23:18:30,24.32,40.06,211.6,False
2024-01-16T23:19:00,31.21,44.84,316.7,False
2024-01-16T23:19:30,31.8,43.79,339.9,False
2024-01-16T23:20:00,24.44,42.36,281.8,False
2024-01-16T23:20:30,33.15,45.63,371.9,False
2024-01-16T23:21:00,32.01,45.68,415.3,False
2024-01-16T23:21:30,33.07,45.94,395.8,False
2024-01-16T23:22:00,31.39,44.66,314.4,False
2024-01-16T23:22:30,31.57,42.37,319.4,False
2024-01-16T23:23:00,31.13,45.09,312.3,False
2024-01-16T23:23:30,32.14,41.72,352.4,False
2024-01-16T23:24:00,24.04,39.85,324.6,False
2024-01-16T23:24:30,24.96,42.64,338.2,False
2024-01-16T23:25:00,27.22,45.17,302.7,False
2024-01-16T23:25:30,29.0,48.38,330.8,False
2024-01-16T23:26:00,30.52,43.59,411.1,False
2024-01-16T23:26:30,30.3,42.6,283.0,False
2024-01-16T23:27:00,32.64,46.55,386.6,False
2024-01-16T23:27:30,32.7,49.27,382.8,False
2024-01-16T23:28:00,26.6,45.55,300.9,False
2024-01-16T23:28:30,29.9,42.07,338.5,False
2024-01-16T23:29:00,26.61,42.21,329.7,False
2024-01-16T23:29:30,28.55,45.17,316.6,False
2024-01-16T23:30:00,30.04,46.05,314.9,False
2024-01-16T23:30:30,18.82,39.79,222.0,False
2024-01-16T23:31:00,36.24,46.42,464.4,False
2024-01-16T23:31:30,30.68,45.7,327.8,False
2024-01-16T23:32:00,27.15,44.64,325.3,False
2024-01-16T23:32:30,34.69,44.68,408.9,False
2024-01-16T23:33:00,27.83,45.78,314.2,False
2024-01-16T23:33:30,29.24,45.81,335.3,False
2024-01-16T23:34:00,27.34,41.39,338.9,False
2024-01-16T23:34:30,33.73,47.92,335.9,False
2024-01-16T23:35:00,28.42,45.04,265.9,False
2024-01-16T23:35:30,29.15,45.49,304.0,False
2024-01-16T23:36:00,32.28,48.5,427.4,False
2024-01-16T23:36:30,30.39,44.39,320.1,False
2024-01-16T23:37:00,28.44,44.1,332.7,False
2024-01-16T23:37:30,31.9,39.89,302.2,False
2024-01-16T23:38:00,36.15,49.52,442.9,False
2024-01-16T23:38:30,29.45,45.98,323.6,False
2024-01-16T23:39:00,28.82,46.34,312.3,False
2024-01-16T23:39:30,28.94,41.82,326.2,False
2024-01-16T23:40:00,32.33,47.31,459.2,False
2024-01-16T23:40:30,26.57,44.55,330.2,False
2024-01-16T23:41:00,27.5,41.67,313.7,False
2024-01-16T23:41:30,23.69,43.18,174.2,False
2024-01-16T23:42:00,24.71,42.51,351.8,False
2024-01-16T23:42:30,26.68,39.17,285.6,False
2024-01-16T23:43:00,28.03,44.42,290.1,False
2024-01-16T23:43:30,33.47,44.44,337.3,False
2024-01-16T23:44:00,29.74,40.75,396.5,False
2024-01-16T23:44:30,25.36,42.65,301.2,False
2024-01-16T23:45:00,25.88,42.05,246.2,False
2024-01-16T23:45:30,32.16,48.13,349.1,False
2024-01-16T23:46:00,31.38,45.3,317.8,False
2024-01-16T23:46:30,28.05,44.83,338.8,False
2024-01-16T23:47:00,26.61,43.57,297.4,False
2024-01-16T23:47:30,31.28,46.93,287.5,False
2024-01-16T23:48:00,24.89,39.92,295.8,False
2024-01-16T23:48:30,29.02,44.15,329.9,False
2024-01-16T23:49:00,34.63,46.28,326.9,False
2024-01-16T23:49:30,28.39,44.75,248.7,False
2024-01-16T23:50:00,25.42,42.47,314.6,False
2024-01-16T23:50:30,28.94,42.5,320.3,False
2024-01-16T23:51:00,26.27,41.71,301.5,False
2024-01-16T23:51:30,23.46,44.29,317.5,False
2024-01-16T23:52:00,29.72,40.73,260.2,False
2024-01-16T23:52:30,30.94,46.15,349.9,False
2024-01-16T23:53:00,26.62,45.05,339.4,False
2024-01-16T23:53:30,26.39,43.62,303.8,False
2024-01-16T23:54:00,24.6,45.51,240.2,False
2024-01-16T23:54:30,27.01,44.65,289.6,False
2024-01-16T23:55:00,25.74,42.91,287.8,False
2024-01-16T23:55:30,24.36,40.52,231.7,False
2024-01-16T23:56:00,33.04,46.6,379.2,False
2024-01-16T23:56:30,28.73,45.0,330.0,False
2024-01-16T23:57:00,29.02,43.79,306.4,False
2024-01-16T23:57:30,29.92,42.75,378.8,False
2024-01-16T23:58:00,29.55,41.64,315.5,False
2024-01-16T23:58:30,25.97,42.63,366.9,False
2024-01-16T23:59:00,27.99,40.32,313.2,False
2024-01-16T23:59:30,26.34,41.51,272.5,False
2024-01-17T00:00:00,29.97,39.41,302.8,False
2024-01-17T00:00:30,29.65,45.78,340.9,False
2024-01-17T00:01:00,27.45,45.32,276.8,False
2024-01-17T00:01:30,24.58,41.73,302.4,False
2024-01-17T00:02:00,28.97,47.44,315.8,False
2024-01-17T00:02:30,27.89,45.93,306.2,False
2024-01-17T00:03:00,22.8,41.65,280.8,False
2024-01-17T00:03:30,29.97,44.05,379.9,False
2024-01-17T00:04:00,31.31,44.25,328.7,False
2024-01-17T00:04:30,35.97,48.41,395.1,False
2024-01-17T00:05:00,27.18,42.6,335.2,False
2024-01-17T00:05:30,26.71,43.75,265.3,False
2024-01-17T00:06:00,24.96,43.03,320.6,False
2024-01-17T00:06:30,28.89,43.29,363.7,False
2024-01-17T00:07:00,28.84,45.92,369.4,False
2024-01-17T00:07:30,25.77,41.73,261.8,False
2024-01-17T00:08:00,27.65,43.17,279.6,False
2024-01-17T00:08:30,22.21,38.46,275.5,False
2024-01-17T00:09:00,30.89,44.21,342.7,False
2024-01-17T00:09:30,25.77,46.51,306.9,False
2024-01-17T00:10:00,27.95,41.49,309.3,False
2024-01-17T00:10:30,23.74,42.06,297.4,False
2024-01-17T00:11:00,26.25,41.53,207.8,False
2024-01-17T00:11:30,27.13,38.45,343.3,False
2024-01-17T00:12:00,27.9,44.39,382.1,False
2024-01-17T00:12:30,29.35,42.88,312.7,False
2024-01-17T00:13:00,32.2,46.06,365.7,False
2024-01-17T00:13:30,30.05,46.33,407.6,False
2024-01-17T00:14:00,30.71,45.15,347.0,False
2024-01-17T00:14:30,32.13,46.05,369.3,False
2024-01-17T00:15:00,29.47,42.33,409.4,False
2024-01-17T00:15:30,27.62,44.56,402.4,False
2024-01-17T00:16:00,30.73,44.32,303.4,False
2024-01-17T00:16:30,30.9,40.78,330.7,False
2024-01-17T00:17:00,29.59,45.79,372.5,False
2024-01-17T00:17:30,23.26,43.23,305.9,False
2024-01-17T00:18:00,25.07,44.83,328.8,False
2024-01-17T00:18:30,26.74,47.05,209.0,False
2024-01-17T00:19:00,29.87,45.82,260.8,False
2024-01-17T00:19:30,27.44,44.09,390.9,False
2024-01-17T00:20:00,30.89,46.97,378.1,False
2024-01-17T00:20:30,31.4,43.27,365.3,False
2024-01-17T00:21:00,31.02,41.51,298.5,False
2024-01-17T00:21:30,31.01,43.9,331.5,False
2024-01-17T00:22:00,24.26,44.03,316.8,False
2024-01-17T00:22:30,28.79,42.42,275.0,False
2024-01-17T00:23:00,25.49,43.03,275.7,False
2024-01-17T00:23:30,22.34,41.67,293.7,False
2024-01-17T00:24:00,26.39,43.04,334.7,False
2024-01-17T00:24:30,31.2,42.4,328.7,False
2024-01-17T00:25:00,28.58,44.34,368.0,False
2024-01-17T00:25:30,33.23,45.13,403.8,False
2024-01-17T00:26:00,27.68,46.61,249.7,False
2024-01-17T00:26:30,34.46,48.87,441.2,False
2024-01-17T00:27:00,27.63,42.4,367.7,False
2024-01-17T00:27:30,27.13,46.46,325.3,False
2024-01-17T00:28:00,23.2,41.66,280.1,False
2024-01-17T00:28:30,30.34,41.2,374.3,False
2024-01-17T00:29:00,25.48,41.95,325.2,False
2024-01-17T00:29:30,25.02,45.15,289.3,False
2024-01-17T00:30:00,30.78,43.12,410.5,False
2024-01-17T00:30:30,30.38,44.43,258.9,False
2024-01-17T00:31:00,30.28,41.79,315.6,False
2024-01-17T00:31:30,25.77,39.86,324.0,False
2024-01-17T00:32:00,26.67,41.05,311.3,False
2024-01-17T00:32:30,26.62,40.24,341.0,False
2024-01-17T00:33:00,29.12,42.71,277.2,False
2024-01-17T00:33:30,31.41,48.56,341.1,False
2024-01-17T00:34:00,27.83,43.23,368.6,False
2024-01-17T00:34:30,32.62,47.27,301.2,False
2024-01-17T00:35:00,29.36,46.25,325.3,False
2024-01-17T00:35:30,25.94,40.14,286.3,False
2024-01-17T00:36:00,29.11,42.28,347.4,False
2024-01-17T00:36:30,31.71,46.78,369.4,False
2024-01-17T00:37:00,32.56,44.41,364.4,False
2024-01-17T00:37:30,30.1,45.85,329.2,False
2024-01-17T00:38:00,26.59,46.05,315.3,False
2024-01-17T00:38:30,25.84,39.41,300.1,False
2024-01-17T00:39:00,28.19,42.78,324.3,False
2024-01-17T00:39:30,31.46,44.74,410.0,False
2024-01-17T00:40:00,27.72,42.21,273.7,False
2024-01-17T00:40:30,27.75,42.07,335.7,False
2024-01-17T00:41:00,26.52,41.68,274.5,False
2024-01-17T00:41:30,25.36,42.06,381.1,False
2024-01-17T00:42:00,25.83,42.65,310.2,False
2024-01-17T00:42:30,26.7,44.67,262.9,False
2024-01-17T00:43:00,31.42,45.07,342.1,False
2024-01-17T00:43:30,25.52,44.41,245.8,False
2024-01-17T00:44:00,26.38,41.42,285.7,False
2024-01-17T00:44:30,23.6,38.81,313.4,False
2024-01-17T00:45:00,28.32,42.97,381.0,False
2024-01-17T00:45:30,30.25,45.47,385.2,False
2024-01-17T00:46:00,31.0,46.64,343.8,False
2024-01-17T00:46:30,26.71,45.7,336.5,False
2024-01-17T00:47:00,27.8,43.9,354.7,False
2024-01-17T00:47:30,25.59,43.73,394.7,False
2024-01-17T00:48:00,27.61,45.97,296.7,False
2024-01-17T00:48:30,26.94,41.34,375.9,False
2024-01-17T00:49:00,26.15,42.09,265.5,False
2024-01-17T00:49:30,26.37,48.16,358.1,False
2024-01-17T00:50:00,27.29,44.79,293.5,False
2024-01-17T00:50:30,25.03,42.97,272.9,False
2024-01-17T00:51:00,25.16,43.8,289.9,False
2024-01-17T00:51:30,30.98,42.26,316.8,False
2024-01-17T00:52:00,33.97,45.13,388.8,False
2024-01-17T00:52:30,22.2,38.52,326.7,False
2024-01-17T00:53:00,22.01,41.29,191.6,False
2024-01-17T00:53:30,22.9,40.15,276.2,False
2024-01-17T00:54:00,25.44,42.35,260.0,False
2024-01-17T00:54:30,28.41,43.03,363.5,False
2024-01-17T00:55:00,27.47,39.93,376.6,False
2024-01-17T00:55:30,26.19,44.32,302.6,False
2024-01-17T00:56:00,27.24,39.55,289.8,False
2024-01-17T00:56:30,23.56,39.78,223.9,False
2024-01-17T00:57:00,24.88,39.26,377.0,False
2024-01-17T00:57:30,25.53,40.46,357.0,False
2024-01-17T00:58:00,20.81,40.27,187.4,False
2024-01-17T00:58:30,22.06,42.96,302.7,False
2024-01-17T00:59:00,22.16,37.42,232.8,False
2024-01-17T00:59:30,27.79,42.24,302.0,False
2024-01-17T01:00:00,26.21,39.07,259.8,False
2024-01-17T01:00:30,27.29,41.9,238.3,False
2024-01-17T01:01:00,19.92,39.57,257.5,False
2024-01-17T01:01:30,20.96,41.48,343.5,False
2024-01-17T01:02:00,27.38,38.92,282.0,False
2024-01-17T01:02:30,17.03,39.09,271.9,False
2024-01-17T01:03:00,29.02,42.04,374.1,False
2024-01-17T01:03:30,19.86,36.97,287.7,False
2024-01-17T01:04:00,27.84,43.53,402.6,False
2024-01-17T01:04:30,22.62,42.04,319.2,False
2024-01-17T01:05:00,28.41,43.48,399.5,False
2024-01-17T01:05:30,34.87,44.73,333.1,False
2024-01-17T01:06:00,18.4,38.48,277.0,False
2024-01-17T01:06:30,27.29,41.68,378.7,False
2024-01-17T01:07:00,19.76,40.57,227.2,False
2024-01-17T01:07:30,26.44,44.86,172.1,False
2024-01-17T01:08:00,24.52,43.77,245.5,False
2024-01-17T01:08:30,25.51,42.2,275.1,False
2024-01-17T01:09:00,22.36,42.92,301.4,False
2024-01-17T01:09:30,27.42,41.16,296.7,False
2024-01-17T01:10:00,20.71,43.42,265.8,False
2024-01-17T01:10:30,28.76,41.82,305.9,False
2024-01-17T01:11:00,23.79,37.33,285.2,False
2024-01-17T01:11:30,20.79,42.62,263.7,False
2024-01-17T01:12:00,29.76,42.96,312.8,False
2024-01-17T01:12:30,24.76,42.11,330.9,False
2024-01-17T01:13:00,30.66,42.77,400.5,False
2024-01-17T01:13:30,28.58,48.52,282.7,False
2024-01-17T01:14:00,22.51,44.4,288.7,False
2024-01-17T01:14:30,24.63,44.91,239.8,False
2024-01-17T01:15:00,25.23,42.3,231.7,False
2024-01-17T01:15:30,29.42,46.18,376.8,False
2024-01-17T01:16:00,26.14,42.47,389.4,False
2024-01-17T01:16:30,25.33,44.42,289.5,False
2024-01-17T01:17:00,24.19,40.79,366.8,False
2024-01-17T01:17:30,24.61,44.99,271.0,False
2024-01-17T01:18:00,28.66,42.93,319.9,False
2024-01-17T01:18:30,24.74,41.19,364.6,False
2024-01-17T01:19:00,23.53,40.35,251.7,False
2024-01-17T01:19:30,23.0,41.41,320.7,False
2024-01-17T01:20:00,23.01,40.25,270.2,False
2024-01-17T01:20:30,20.45,40.72,234.8,False
2024-01-17T01:21:00,22.39,39.76,258.7,False
2024-01-17T01:21:30,29.11,45.67,246.2,False
2024-01-17T01:22:00,23.98,44.56,342.3,False
2024-01-17T01:22:30,26.7,43.03,322.6,False
2024-01-17T01:23:00,17.13,42.53,231.1,False
2024-01-17T01:23:30,26.25,44.91,282.3,False
2024-01-17T01:24:00,24.04,45.83,304.8,False
2024-01-17T01:24:30,23.07,40.95,319.9,False
2024-01-17T01:25:00,25.04,38.73,289.3,False
2024-01-17T01:25:30,22.99,39.62,322.4,False
2024-01-17T01:26:00,18.09,37.38,255.7,False
2024-01-17T01:26:30,27.21,41.24,313.9,False
2024-01-17T01:27:00,25.15,37.73,337.7,False
2024-01-17T01:27:30,23.46,43.33,267.4,False
2024-01-17T01:28:00,21.49,36.57,221.9,False
2024-01-17T01:28:30,19.96,41.39,257.6,False
2024-01-17T01:29:00,25.03,46.43,301.6,False
2024-01-17T01:29:30,49.97,52.98,790.8,False
2024-01-17T01:30:00,70.76,65.71,1013.6,False
2024-01-17T01:30:30,91.55,74.53,1152.4,False
2024-01-17T01:31:00,90.01,76.22,1115.5,False
2024-01-17T01:31:30,90.83,72.58,1126.4,False
2024-01-17T01:32:00,91.11,74.85,1132.1,False
2024-01-17T01:32:30,92.75,78.18,1163.0,False
2024-01-17T01:33:00,91.01,74.97,1130.2,False
2024-01-17T01:33:30,90.47,71.54,1117.6,False
2024-01-17T01:34:00,91.91,78.0,1081.9,False
2024-01-17T01:34:30,91.33,72.64,1102.2,False
2024-01-17T01:35:00,92.34,75.89,1149.8,False
2024-01-17T01:35:30,90.53,76.0,1131.8,False
2024-01-17T01:36:00,91.76,75.69,1074.6,False
2024-01-17T01:36:30,94.01,81.65,1129.6,False
2024-01-17T01:37:00,91.31,76.69,1093.3,False
2024-01-17T01:37:30,91.73,75.04,1188.4,False
2024-01-17T01:38:00,68.18,64.87,955.5,False
2024-01-17T01:38:30,44.59,52.29,773.9,False
2024-01-17T01:39:00,27.11,43.23,614.2,False
2024-01-17T01:39:30,15.59,37.18,199.7,True
2024-01-17T01:40:00,21.76,38.91,256.3,True
2024-01-17T01:40:30,18.8,38.72,270.1,True
2024-01-17T01:41:00,18.95,37.36,241.2,True
2024-01-17T01:41:30,15.07,32.64,240.7,True
2024-01-17T01:42:00,18.81,40.58,256.2,True
2024-01-17T01:42:30,20.62,38.08,276.8,True
2024-01-17T01:43:00,15.93,37.15,241.3,True
2024-01-17T01:43:30,20.32,37.55,241.5,True
2024-01-17T01:44:00,19.32,37.11,242.2,True
2024-01-17T01:44:30,21.94,37.8,311.9,False
2024-01-17T01:45:00,26.42,44.02,384.5,False
2024-01-17T01:45:30,17.24,39.91,274.6,False
2024-01-17T01:46:00,24.87,41.4,187.4,False
2024-01-17T01:46:30,28.68,42.18,299.1,False
2024-01-17T01:47:00,28.13,39.59,329.6,False
2024-01-17T01:47:30,24.96,42.99,255.8,False
2024-01-17T01:48:00,22.87,39.0,237.2,False
2024-01-17T01:48:30,21.86,37.62,258.1,False
2024-01-17T01:49:00,22.84,40.4,296.6,False
2024-01-17T01:49:30,25.37,40.94,327.7,False
2024-01-17T01:50:00,21.3,36.54,255.7,False
2024-01-17T01:50:30,25.98,39.16,290.1,False
2024-01-17T01:51:00,30.1,44.65,307.0,False
2024-01-17T01:51:30,23.5,39.37,308.3,False
2024-01-17T01:52:00,19.64,39.77,274.7,False
2024-01-17T01:52:30,19.63,39.04,293.3,False
2024-01-17T01:53:00,25.98,44.02,313.0,False
2024-01-17T01:53:30,23.46,39.0,235.2,False
2024-01-17T01:54:00,26.25,42.53,296.1,False
2024-01-17T01:54:30,22.01,41.22,310.4,False
2024-01-17T01:55:00,26.09,40.73,239.3,False
2024-01-17T01:55:30,23.11,42.75,281.5,False
2024-01-17T01:56:00,21.38,36.3,282.4,False
2024-01-17T01:56:30,22.36,38.46,359.0,False
2024-01-17T01:57:00,19.96,35.52,235.6,False
2024-01-17T01:57:30,29.51,42.23,331.2,False
2024-01-17T01:58:00,23.24,40.26,353.4,False
2024-01-17T01:58:30,25.45,43.34,280.1,False
2024-01-17T01:59:00,21.89,39.59,318.1,False
2024-01-17T01:59:30,20.34,37.93,278.4,False
2024-01-17T02:00:00,22.78,37.25,273.4,False
2024-01-17T02:00:30,26.77,39.92,332.3,False
2024-01-17T02:01:00,21.9,40.53,269.3,False
2024-01-17T02:01:30,20.84,41.14,357.0,False
2024-01-17T02:02:00,23.9,40.07,208.6,False
2024-01-17T02:02:30,24.92,43.85,288.1,False
2024-01-17T02:03:00,28.34,41.24,316.6,False
2024-01-17T02:03:30,24.47,40.42,290.4,False
2024-01-17T02:04:00,25.33,41.02,345.8,False
2024-01-17T02:04:30,25.54,44.8,286.4,False
2024-01-17T02:05:00,19.91,39.19,279.0,False
2024-01-17T02:05:30,20.47,35.61,273.0,False
2024-01-17T02:06:00,20.1,40.93,294.3,False
2024-01-17T02:06:30,19.35,42.34,249.3,False
2024-01-17T02:07:00,25.72,41.34,318.6,False
2024-01-17T02:07:30,24.19,39.28,288.6,False
2024-01-17T02:08:00,23.55,42.48,249.0,False
2024-01-17T02:08:30,15.52,40.67,288.2,False
2024-01-17T02:09:00,29.46,45.41,305.2,False
2024-01-17T02:09:30,20.6,36.04,245.7,False
2024-01-17T02:10:00,29.43,45.21,301.2,False
2024-01-17T02:10:30,18.92,39.25,267.4,False
2024-01-17T02:11:00,20.82,37.49,247.4,False
2024-01-17T02:11:30,16.64,39.89,293.7,False
2024-01-17T02:12:00,24.32,42.03,315.9,False
2024-01-17T02:12:30,19.92,41.59,248.3,False
2024-01-17T02:13:00,20.0,36.87,223.6,False
2024-01-17T02:13:30,19.09,39.34,248.3,False
2024-01-17T02:14:00,25.53,39.97,325.1,False
2024-01-17T02:14:30,25.33,42.16,300.8,False
2024-01-17T02:15:00,28.62,46.27,323.3,False
2024-01-17T02:15:30,21.12,36.71,228.1,False
2024-01-17T02:16:00,23.82,38.18,380.3,False
2024-01-17T02:16:30,19.29,40.56,246.3,False
2024-01-17T02:17:00,22.15,40.05,222.2,False
2024-01-17T02:17:30,21.59,42.14,229.7,False
2024-01-17T02:18:00,24.53,39.66,282.5,False
2024-01-17T02:18:30,26.18,42.2,387.2,False
2024-01-17T02:19:00,26.09,43.44,301.9,False
2024-01-17T02:19:30,20.58,39.73,249.7,False
2024-01-17T02:20:00,26.1,38.49,342.6,False
2024-01-17T02:20:30,22.96,46.14,320.4,False
2024-01-17T02:21:00,22.11,40.5,303.3,False
2024-01-17T02:21:30,20.96,36.82,275.6,False
2024-01-17T02:22:00,21.39,40.35,227.0,False
2024-01-17T02:22:30,28.29,44.03,296.3,False
2024-01-17T02:23:00,23.98,43.0,228.2,False
2024-01-17T02:23:30,23.58,42.67,279.7,False
2024-01-17T02:24:00,22.26,39.73,261.1,False
2024-01-17T02:24:30,30.38,40.77,321.9,False
2024-01-17T02:25:00,26.95,43.43,326.7,False
2024-01-17T02:25:30,20.86,36.18,240.6,False
2024-01-17T02:26:00,22.2,42.56,264.0,False
2024-01-17T02:26:30,22.37,38.75,259.5,False
2024-01-17T02:27:00,23.44,42.03,286.3,False
2024-01-17T02:27:30,20.9,38.17,281.8,False
2024-01-17T02:28:00,24.31,40.21,240.7,False
2024-01-17T02:28:30,27.34,41.11,336.9,False
2024-01-17T02:29:00,19.04,40.0,262.9,False
2024-01-17T02:29:30,19.59,37.6,273.5,False
2024-01-17T02:30:00,21.52,41.34,277.5,False
2024-01-17T02:30:30,21.65,38.68,287.7,False
2024-01-17T02:31:00,28.95,43.06,315.0,False
2024-01-17T02:31:30,25.96,42.1,325.4,False
2024-01-17T02:32:00,25.78,42.25,352.0,False
2024-01-17T02:32:30,22.15,38.28,257.4,False
2024-01-17T02:33:00,22.08,41.5,258.3,False
2024-01-17T02:33:30,18.58,37.8,273.8,False
2024-01-17T02:34:00,25.27,42.78,280.0,False
2024-01-17T02:34:30,24.4,41.23,266.4,False
2024-01-17T02:35:00,26.78,43.62,331.1,False
2024-01-17T02:35:30,22.28,39.38,261.0,False
2024-01-17T02:36:00,22.48,38.73,328.7,False
2024-01-17T02:36:30,23.41,41.63,268.7,False
2024-01-17T02:37:00,25.58,40.87,271.8,False
2024-01-17T02:37:30,18.49,41.23,247.7,False
2024-01-17T02:38:00,25.1,41.76,318.2,False
2024-01-17T02:38:30,22.83,37.74,295.4,False
2024-01-17T02:39:00,19.71,37.76,279.2,False
2024-01-17T02:39:30,16.63,35.39,210.9,False
2024-01-17T02:40:00,22.47,42.45,325.1,False
2024-01-17T02:40:30,27.21,44.23,251.5,False
2024-01-17T02:41:00,27.89,42.9,291.9,False
2024-01-17T02:41:30,23.93,41.63,293.0,False
2024-01-17T02:42:00,28.75,43.28,302.1,False
2024-01-17T02:42:30,22.73,42.17,269.4,False
2024-01-17T02:43:00,25.71,42.98,266.4,False
2024-01-17T02:43:30,21.5,41.24,263.7,False
2024-01-17T02:44:00,21.3,39.36,289.0,False
2024-01-17T02:44:30,20.81,38.23,245.1,False
2024-01-17T02:45:00,16.66,38.75,198.1,False
2024-01-17T02:45:30,26.7,45.55,295.2,False
2024-01-17T02:46:00,20.91,41.76,311.4,False
2024-01-17T02:46:30,20.43,42.47,307.3,False
2024-01-17T02:47:00,19.29,39.07,235.2,False
2024-01-17T02:47:30,22.22,38.27,298.1,False
2024-01-17T02:48:00,28.12,41.4,324.2,False
2024-01-17T02:48:30,29.11,46.41,384.2,False
2024-01-17T02:49:00,17.84,34.3,250.4,False
2024-01-17T02:49:30,21.76,42.99,266.0,False
2024-01-17T02:50:00,19.72,37.39,321.7,False
2024-01-17T02:50:30,25.78,45.84,269.3,False
2024-01-17T02:51:00,23.67,40.81,302.2,False
2024-01-17T02:51:30,20.9,41.01,321.9,False
2024-01-17T02:52:00,23.03,45.4,310.9,False
2024-01-17T02:52:30,21.38,39.14,240.5,False
2024-01-17T02:53:00,27.65,42.25,288.5,False
2024-01-17T02:53:30,24.45,39.95,239.2,False
2024-01-17T02:54:00,24.82,39.52,357.8,False
2024-01-17T02:54:30,14.8,35.86,173.1,False
2024-01-17T02:55:00,22.6,39.31,309.4,False
2024-01-17T02:55:30,29.05,41.15,275.4,False
2024-01-17T02:56:00,26.78,42.09,416.5,False
2024-01-17T02:56:30,17.26,38.66,184.0,False
2024-01-17T02:57:00,21.86,38.27,276.6,False
2024-01-17T02:57:30,19.2,38.4,302.1,False
2024-01-17T02:58:00,27.93,45.91,295.3,False
2024-01-17T02:58:30,23.53,38.06,310.8,False
2024-01-17T02:59:00,20.5,43.24,252.7,False
2024-01-17T02:59:30,22.9,39.24,298.7,False
2024-01-17T03:00:00,14.98,37.03,263.0,False
2024-01-17T03:00:30,19.54,41.47,239.2,False
2024-01-17T03:01:00,22.91,43.76,343.1,False
2024-01-17T03:01:30,25.34,42.75,316.8,False
2024-01-17T03:02:00,16.98,36.24,313.7,False
2024-01-17T03:02:30,21.66,38.41,240.0,False
2024-01-17T03:03:00,25.83,40.91,281.0,False
2024-01-17T03:03:30,18.45,42.15,238.3,False
2024-01-17T03:04:00,23.49,40.13,239.4,False
2024-01-17T03:04:30,23.0,41.3,321.0,False
2024-01-17T03:05:00,27.95,41.04,320.5,False
2024-01-17T03:05:30,22.11,37.9,231.1,False
2024-01-17T03:06:00,22.29,40.35,245.4,False
2024-01-17T03:06:30,25.37,41.19,268.2,False
2024-01-17T03:07:00,18.83,38.07,287.6,False
2024-01-17T03:07:30,22.15,37.27,295.5,False
2024-01-17T03:08:00,21.44,39.74,266.3,False
2024-01-17T03:08:30,22.4,43.46,264.6,False
2024-01-17T03:09:00,25.36,40.14,293.3,False
2024-01-17T03:09:30,24.48,43.2,367.1,False
2024-01-17T03:10:00,20.57,32.52,255.2,False
2024-01-17T03:10:30,23.23,39.18,320.1,False
2024-01-17T03:11:00,27.29,39.0,305.2,False
2024-01-17T03:11:30,20.33,41.81,329.9,False
2024-01-17T03:12:00,23.26,42.56,237.3,False
2024-01-17T03:12:30,22.25,38.23,310.3,False
2024-01-17T03:13:00,22.64,41.07,250.8,False
2024-01-17T03:13:30,17.94,40.55,332.1,False
2024-01-17T03:14:00,27.07,45.43,344.4,False
2024-01-17T03:14:30,20.52,38.63,196.0,False
2024-01-17T03:15:00,25.92,37.72,270.1,False
2024-01-17T03:15:30,20.98,37.88,295.3,False
2024-01-17T03:16:00,20.97,41.2,294.1,False
2024-01-17T03:16:30,26.49,46.63,335.2,False
2024-01-17T03:17:00,25.84,42.0,313.0,False
2024-01-17T03:17:30,23.48,39.72,275.1,False
2024-01-17T03:18:00,25.14,46.56,344.6,False
2024-01-17T03:18:30,22.0,41.0,241.4,False
2024-01-17T03:19:00,22.84,38.16,284.9,False
2024-01-17T03:19:30,20.89,39.4,242.3,False
2024-01-17T03:20:00,25.59,43.99,276.7,False
2024-01-17T03:20:30,20.8,39.46,248.0,False
2024-01-17T03:21:00,27.34,44.46,289.3,False
2024-01-17T03:21:30,21.94,36.96,297.5,False
2024-01-17T03:22:00,22.95,37.81,224.6,False
2024-01-17T03:22:30,25.17,40.32,318.6,False
2024-01-17T03:23:00,22.97,40.13,258.4,False
2024-01-17T03:23:30,22.01,40.88,277.3,False
2024-01-17T03:24:00,22.82,41.89,275.9,False
2024-01-17T03:24:30,25.6,46.94,284.8,False
2024-01-17T03:25:00,20.93,38.2,316.0,False
2024-01-17T03:25:30,22.54,39.86,265.5,False
2024-01-17T03:26:00,22.96,39.27,311.8,False
2024-01-17T03:26:30,25.53,44.14,332.9,False
2024-01-17T03:27:00,22.64,42.8,270.2,False
2024-01-17T03:27:30,28.37,42.51,276.6,False
2024-01-17T03:28:00,22.48,44.59,244.5,False
2024-01-17T03:28:30,22.24,38.92,329.1,False
2024-01-17T03:29:00,22.45,42.51,299.3,False
2024-01-17T03:29:30,19.01,41.64,257.7,False
2024-01-17T03:30:00,19.86,36.43,236.2,False
2024-01-17T03:30:30,21.38,41.07,340.3,False
2024-01-17T03:31:00,26.39,36.97,276.4,False
2024-01-17T03:31:30,22.89,42.32,288.7,False
2024-01-17T03:32:00,21.54,37.8,292.4,False
2024-01-17T03:32:30,26.68,43.71,261.2,False
2024-01-17T03:33:00,27.66,44.57,290.9,False
2024-01-17T03:33:30,26.78,44.87,295.9,False
2024-01-17T03:34:00,20.46,41.25,298.2,False
2024-01-17T03:34:30,21.54,40.12,254.8,False
2024-01-17T03:35:00,28.47,42.72,270.3,False
2024-01-17T03:35:30,23.76,40.97,228.8,False
2024-01-17T03:36:00,22.24,38.13,247.3,False
2024-01-17T03:36:30,25.21,41.43,242.1,False
2024-01-17T03:37:00,26.08,41.71,339.4,False
2024-01-17T03:37:30,21.35,38.35,303.1,False
2024-01-17T03:38:00,23.73,37.63,290.1,False
2024-01-17T03:38:30,25.86,39.63,296.4,False
2024-01-17T03:39:00,19.61,32.76,286.5,False
2024-01-17T03:39:30,23.13,40.21,313.1,False
2024-01-17T03:40:00,19.76,39.86,218.6,False
2024-01-17T03:40:30,20.16,33.97,227.3,False
2024-01-17T03:41:00,21.43,40.45,299.7,False
2024-01-17T03:41:30,24.56,41.29,307.3,False
2024-01-17T03:42:00,22.17,37.99,301.7,False
2024-01-17T03:42:30,21.2,39.0,233.8,False
2024-01-17T03:43:00,23.31,43.02,256.4,False
2024-01-17T03:43:30,19.72,37.18,276.3,False
2024-01-17T03:44:00,24.45,41.65,268.3,False
2024-01-17T03:44:30,26.57,43.25,251.8,False
2024-01-17T03:45:00,22.95,39.1,256.9,False
2024-01-17T03:45:30,22.58,42.58,272.5,False
2024-01-17T03:46:00,24.32,42.24,362.6,False
2024-01-17T03:46:30,17.12,37.33,203.5,False
2024-01-17T03:47:00,24.83,46.42,296.2,False
2024-01-17T03:47:30,32.53,47.57,442.0,False
2024-01-17T03:48:00,22.87,37.34,239.2,False
2024-01-17T03:48:30,22.89,39.95,309.5,False
2024-01-17T03:49:00,25.49,46.96,275.4,False
2024-01-17T03:49:30,28.2,41.42,341.7,False
2024-01-17T03:50:00,26.2,42.52,403.0,False
2024-01-17T03:50:30,16.82,40.16,266.2,False
2024-01-17T03:51:00,24.98,43.08,305.9,False
2024-01-17T03:51:30,31.02,46.39,310.1,False
2024-01-17T03:52:00,25.18,43.36,294.4,False
2024-01-17T03:52:30,19.86,39.27,236.3,False
2024-01-17T03:53:00,24.18,39.8,235.4,False
2024-01-17T03:53:30,19.5,39.92,170.8,False
2024-01-17T03:54:00,27.05,42.02,283.2,False
2024-01-17T03:54:30,20.49,38.58,262.7,False
2024-01-17T03:55:00,23.6,44.06,333.5,False
2024-01-17T03:55:30,20.81,38.95,236.9,False
2024-01-17T03:56:00,21.75,43.59,281.7,False
2024-01-17T03:56:30,27.86,43.75,254.9,False
2024-01-17T03:57:00,23.73,40.85,257.8,False
2024-01-17T03:57:30,21.75,36.55,176.1,False
2024-01-17T03:58:00,20.0,43.55,349.4,False
2024-01-17T03:58:30,17.83,38.22,250.6,False
2024-01-17T03:59:00,19.7,34.62,264.3,False
2024-01-17T03:59:30,23.81,43.19,311.9,False
2024-01-17T04:00:00,26.42,42.43,412.7,False
2024-01-17T04:00:30,21.81,38.36,257.1,False
2024-01-17T04:01:00,28.22,45.29,286.5,False
2024-01-17T04:01:30,21.36,34.9,350.9,False
2024-01-17T04:02:00,22.81,39.3,233.3,False
2024-01-17T04:02:30,20.3,38.87,314.3,False
2024-01-17T04:03:00,26.52,44.29,309.2,False
2024-01-17T04:03:30,29.85,48.73,356.2,False
2024-01-17T04:04:00,18.29,37.98,188.8,False
2024-01-17T04:04:30,22.55,41.52,384.1,False
2024-01-17T04:05:00,27.39,48.52,303.9,False
2024-01-17T04:05:30,19.27,38.98,226.1,False
2024-01-17T04:06:00,25.32,42.93,324.5,False
2024-01-17T04:06:30,27.3,40.51,292.6,False
2024-01-17T04:07:00,23.88,45.2,308.0,False
2024-01-17T04:07:30,25.31,40.57,252.1,False
2024-01-17T04:08:00,28.96,44.36,337.5,False
2024-01-17T04:08:30,29.53,44.59,312.1,False
2024-01-17T04:09:00,23.51,41.27,256.8,False
2024-01-17T04:09:30,22.11,39.53,239.3,False
2024-01-17T04:10:00,20.97,40.31,303.2,False
2024-01-17T04:10:30,26.67,46.2,299.3,False
2024-01-17T04:11:00,19.64,43.73,249.7,False
2024-01-17T04:11:30,23.01,40.5,301.1,False
2024-01-17T04:12:00,24.09,40.5,338.3,False
2024-01-17T04:12:30,22.28,38.88,241.3,False
2024-01-17T04:13:00,24.64,47.05,306.0,False
2024-01-17T04:13:30,31.51,45.37,315.7,False
2024-01-17T04:14:00,23.47,43.32,279.4,False
2024-01-17T04:14:30,22.54,42.02,322.9,False
2024-01-17T04:15:00,26.91,47.23,221.4,False
2024-01-17T04:15:30,24.59,41.16,259.8,False
2024-01-17T04:16:00,28.21,41.25,316.4,False
2024-01-17T04:16:30,24.4,45.28,310.4,False
2024-01-17T04:17:00,23.17,42.76,334.2,False
2024-01-17T04:17:30,18.58,39.57,180.8,False
2024-01-17T04:18:00,19.09,41.98,309.3,False
2024-01-17T04:18:30,18.45,39.63,268.5,False
2024-01-17T04:19:00,25.11,45.07,291.3,False
2024-01-17T04:19:30,19.9,39.82,200.5,False
2024-01-17T04:20:00,27.77,45.07,299.3,False
2024-01-17T04:20:30,24.11,42.49,333.9,False
2024-01-17T04:21:00,23.3,40.38,287.5,False
2024-01-17T04:21:30,21.52,39.73,264.9,False
2024-01-17T04:22:00,25.93,41.56,268.6,False
2024-01-17T04:22:30,21.67,40.75,302.7,False
2024-01-17T04:23:00,21.14,39.04,263.1,False
2024-01-17T04:23:30,27.68,44.1,312.0,False
2024-01-17T04:24:00,25.19,42.79,297.7,False
2024-01-17T04:24:30,23.44,41.52,261.7,False
2024-01-17T04:25:00,26.08,42.88,276.1,False
2024-01-17T04:25:30,24.2,40.36,232.8,False
2024-01-17T04:26:00,25.34,41.5,277.9,False
2024-01-17T04:26:30,21.76,36.93,202.0,False
2024-01-17T04:27:00,30.43,44.37,362.9,False
2024-01-17T04:27:30,22.5,38.68,253.3,False
2024-01-17T04:28:00,28.92,44.06,315.7,False
2024-01-17T04:28:30,23.71,39.83,288.2,False
2024-01-17T04:29:00,26.71,38.66,281.6,False
2024-01-17T04:29:30,26.51,47.16,265.1,False
2024-01-17T04:30:00,27.76,42.82,331.0,False
2024-01-17T04:30:30,21.82,43.21,350.1,False
2024-01-17T04:31:00,27.58,42.15,357.1,False
2024-01-17T04:31:30,29.91,47.76,390.5,False
2024-01-17T04:32:00,23.61,38.92,237.0,False
2024-01-17T04:32:30,24.51,42.02,288.4,False
2024-01-17T04:33:00,22.85,38.66,274.9,False
2024-01-17T04:33:30,23.4,46.32,344.3,False
2024-01-17T04:34:00,29.59,43.72,373.4,False
2024-01-17T04:34:30,21.46,41.81,265.1,False
2024-01-17T04:35:00,21.67,41.16,181.8,False
2024-01-17T04:35:30,29.34,44.04,288.4,False
2024-01-17T04:36:00,26.4,43.66,336.5,False
2024-01-17T04:36:30,30.91,47.6,334.4,False
2024-01-17T04:37:00,23.21,42.37,281.3,False
2024-01-17T04:37:30,24.96,42.23,324.2,False
2024-01-17T04:38:00,22.62,41.78,326.2,False
2024-01-17T04:38:30,25.05,45.79,269.2,False
2024-01-17T04:39:00,19.31,38.26,278.2,False
2024-01-17T04:39:30,26.71,39.08,378.1,False
2024-01-17T04:40:00,25.64,40.06,362.3,False
2024-01-17T04:40:30,24.52,39.65,274.9,False
2024-01-17T04:41:00,23.54,39.45,300.1,False
2024-01-17T04:41:30,22.04,38.77,306.4,False
2024-01-17T04:42:00,26.93,42.86,316.3,False
2024-01-17T04:42:30,21.25,40.56,260.1,False
2024-01-17T04:43:00,26.32,43.08,241.4,False
2024-01-17T04:43:30,31.03,43.5,313.6,False
2024-01-17T04:44:00,29.28,46.08,306.4,False
2024-01-17T04:44:30,20.33,40.68,212.2,False
2024-01-17T04:45:00,23.25,44.24,290.4,False
2024-01-17T04:45:30,26.15,44.22,343.8,False
2024-01-17T04:46:00,24.69,41.1,280.8,False
2024-01-17T04:46:30,20.72,42.43,177.6,False
2024-01-17T04:47:00,26.1,43.05,304.0,False
2024-01-17T04:47:30,24.93,43.52,310.4,False
2024-01-17T04:48:00,48.0,54.9,792.3,False
2024-01-17T04:48:30,65.28,61.85,893.4,False
2024-01-17T04:49:00,82.56,70.95,1012.3,False
2024-01-17T04:49:30,80.9,69.65,1082.7,False
2024-01-17T04:50:00,81.71,68.61,1067.7,False
2024-01-17T04:50:30,83.02,66.69,1036.9,False
2024-01-17T04:51:00,82.23,69.2,997.8,False
2024-01-17T04:51:30,83.18,71.46,1074.3,False
2024-01-17T04:52:00,82.99,73.14,1028.0,False
2024-01-17T04:52:30,81.24,71.69,1065.3,False
2024-01-17T04:53:00,83.58,70.7,1074.9,False
2024-01-17T04:53:30,81.32,68.78,1133.6,False
2024-01-17T04:54:00,81.8,70.02,1051.3,False
2024-01-17T04:54:30,82.79,68.92,1142.4,False
2024-01-17T04:55:00,84.13,67.31,1076.3,False
2024-01-17T04:55:30,81.56,67.17,1025.8,False
2024-01-17T04:56:00,82.71,73.59,1019.5,False
2024-01-17T04:56:30,63.56,64.98,873.4,False
2024-01-17T04:57:00,42.42,52.2,756.5,False
2024-01-17T04:57:30,24.43,41.59,600.6,False
2024-01-17T04:58:00,16.48,34.27,158.3,True
2024-01-17T04:58:30,17.9,37.44,284.0,True
2024-01-17T04:59:00,23.61,41.85,348.0,True
2024-01-17T04:59:30,20.02,40.49,186.2,True
2024-01-17T05:00:00,24.92,42.66,339.8,True
2024-01-17T05:00:30,20.17,41.33,328.7,True
2024-01-17T05:01:00,20.33,42.88,190.8,True
2024-01-17T05:01:30,21.97,39.0,257.1,True
2024-01-17T05:02:00,14.04,41.46,178.3,True
2024-01-17T05:02:30,20.96,35.27,306.7,True
2024-01-17T05:03:00,25.46,40.01,287.1,False
2024-01-17T05:03:30,30.09,44.28,322.6,False
2024-01-17T05:04:00,28.55,44.21,345.3,False
2024-01-17T05:04:30,22.28,39.61,340.6,False
2024-01-17T05:05:00,29.43,42.56,333.0,False
2024-01-17T05:05:30,24.94,45.71,280.7,False
2024-01-17T05:06:00,23.03,39.27,272.9,False
2024-01-17T05:06:30,26.36,39.98,337.2,False
2024-01-17T05:07:00,25.18,44.82,248.2,False
2024-01-17T05:07:30,30.43,45.76,342.8,False
2024-01-17T05:08:00,26.86,44.47,277.4,False
2024-01-17T05:08:30,26.48,42.48,263.7,False
2024-01-17T05:09:00,28.59,40.39,250.9,False
2024-01-17T05:09:30,29.19,43.61,312.9,False
2024-01-17T05:10:00,28.28,39.97,369.4,False
2024-01-17T05:10:30,30.21,44.45,262.4,False
2024-01-17T05:11:00,27.8,44.06,344.1,False
2024-01-17T05:11:30,26.51,44.26,286.1,False
2024-01-17T05:12:00,29.74,43.55,295.4,False
2024-01-17T05:12:30,25.78,43.24,320.0,False
2024-01-17T05:13:00,26.17,40.14,361.8,False
2024-01-17T05:13:30,31.26,46.43,410.0,False
2024-01-17T05:14:00,30.99,45.71,359.2,False
2024-01-17T05:14:30,26.12,40.33,306.2,False
2024-01-17T05:15:00,24.81,42.33,314.1,False
2024-01-17T05:15:30,30.58,46.34,443.7,False
2024-01-17T05:16:00,28.62,43.34,317.3,False
2024-01-17T05:16:30,27.19,40.82,362.9,False
2024-01-17T05:17:00,25.3,41.88,278.7,False
2024-01-17T05:17:30,27.29,43.62,285.1,False
2024-01-17T05:18:00,26.25,40.34,380.8,False
2024-01-17T05:18:30,24.35,39.04,294.9,False
2024-01-17T05:19:00,26.75,43.3,323.0,False
2024-01-17T05:19:30,27.19,44.12,339.4,False
2024-01-17T05:20:00,25.29,45.83,266.6,False
2024-01-17T05:20:30,29.15,44.79,315.7,False
2024-01-17T05:21:00,30.33,41.63,317.0,False
2024-01-17T05:21:30,29.4,47.67,348.5,False
2024-01-17T05:22:00,25.69,43.84,320.2,False
2024-01-17T05:22:30,28.81,39.28,306.5,False
2024-01-17T05:23:00,26.8,40.23,395.5,False
2024-01-17T05:23:30,22.89,39.35,282.0,False
2024-01-17T05:24:00,28.64,44.89,333.2,False
2024-01-17T05:24:30,27.08,37.68,370.4,False
2024-01-17T05:25:00,34.45,45.88,340.6,False
2024-01-17T05:25:30,31.07,46.0,327.7,False
2024-01-17T05:26:00,28.86,37.66,342.3,False
2024-01-17T05:26:30,27.5,44.14,260.9,False
2024-01-17T05:27:00,27.27,44.27,308.6,False
2024-01-17T05:27:30,23.79,39.11,372.4,False
2024-01-17T05:28:00,21.61,37.4,346.0,False
2024-01-17T05:28:30,24.24,39.3,329.8,False
2024-01-17T05:29:00,26.74,36.93,361.2,False
2024-01-17T05:29:30,20.59,38.55,284.4,False
2024-01-17T05:30:00,25.3,42.0,285.1,False
2024-01-17T05:30:30,26.22,39.58,375.5,False
2024-01-17T05:31:00,26.34,44.03,272.8,False
2024-01-17T05:31:30,25.03,41.64,339.0,False
2024-01-17T05:32:00,26.01,42.45,287.7,False
2024-01-17T05:32:30,32.24,44.23,339.9,False
2024-01-17T05:33:00,29.08,44.95,354.2,False
2024-01-17T05:33:30,25.44,44.22,384.9,False
2024-01-17T05:34:00,26.94,41.58,372.7,False
2024-01-17T05:34:30,27.09,43.99,330.3,False
2024-01-17T05:35:00,24.9,42.92,301.7,False
2024-01-17T05:35:30,24.92,42.23,330.6,False
2024-01-17T05:36:00,30.29,47.43,396.9,False
2024-01-17T05:36:30,26.02,40.49,237.8,False
2024-01-17T05:37:00,24.03,40.1,287.1,False
2024-01-17T05:37:30,27.21,40.99,275.6,False
2024-01-17T05:38:00,27.72,44.25,313.0,False
2024-01-17T05:38:30,21.48,39.13,221.5,False
2024-01-17T05:39:00,27.3,41.2,246.2,False
2024-01-17T05:39:30,30.05,47.29,287.7,False
2024-01-17T05:40:00,28.83,46.98,308.5,False
2024-01-17T05:40:30,34.2,45.38,397.0,False
2024-01-17T05:41:00,31.29,41.85,317.7,False
2024-01-17T05:41:30,31.91,48.63,320.7,False
2024-01-17T05:42:00,35.99,47.89,403.8,False
2024-01-17T05:42:30,29.89,44.74,350.6,False
2024-01-17T05:43:00,28.14,43.23,393.2,False
2024-01-17T05:43:30,30.6,42.65,382.2,False
2024-01-17T05:44:00,26.03,41.14,267.2,False
2024-01-17T05:44:30,28.06,44.34,297.6,False
2024-01-17T05:45:00,25.82,40.97,336.4,False
2024-01-17T05:45:30,28.99,44.32,296.4,False
2024-01-17T05:46:00,25.86,41.92,293.9,False
2024-01-17T05:46:30,25.79,39.74,237.9,False
2024-01-17T05:47:00,29.12,46.77,280.7,False
2024-01-17T05:47:30,27.49,43.9,370.3,False
2024-01-17T05:48:00,22.15,40.7,283.9,False
2024-01-17T05:48:30,23.6,41.88,263.6,False
2024-01-17T05:49:00,24.55,37.66,276.9,False
2024-01-17T05:49:30,25.38,40.67,371.6,False
2024-01-17T05:50:00,29.3,40.57,308.1,False
2024-01-17T05:50:30,28.74,43.59,348.9,False
2024-01-17T05:51:00,31.31,45.28,385.3,False
2024-01-17T05:51:30,30.4,44.46,401.0,False
2024-01-17T05:52:00,31.39,47.03,317.1,False
2024-01-17T05:52:30,30.03,41.0,284.2,False
2024-01-17T05:53:00,28.86,41.81,286.7,False
2024-01-17T05:53:30,31.56,45.59,381.7,False
2024-01-17T05:54:00,31.05,45.04,428.1,False
2024-01-17T05:54:30,29.45,41.08,366.2,False
2024-01-17T05:55:00,32.17,47.46,330.9,False
2024-01-17T05:55:30,21.34,42.75,318.3,False
2024-01-17T05:56:00,27.54,43.61,301.6,False
2024-01-17T05:56:30,27.53,39.74,286.9,False
2024-01-17T05:57:00,31.93,45.28,342.2,False
2024-01-17T05:57:30,33.22,46.28,342.5,False
2024-01-17T05:58:00,24.18,40.54,265.4,False
2024-01-17T05:58:30,32.8,48.09,411.3,False
2024-01-17T05:59:00,25.08,41.31,280.0,False
2024-01-17T05:59:30,25.2,45.81,238.1,False
2024-01-17T06:00:00,27.95,44.55,347.1,False
2024-01-17T06:00:30,27.73,43.42,283.7,False
2024-01-17T06:01:00,24.04,42.87,255.5,False
2024-01-17T06:01:30,30.7,47.42,373.6,False
2024-01-17T06:02:00,30.82,46.22,317.5,False
2024-01-17T06:02:30,31.97,44.85,337.7,False
2024-01-17T06:03:00,27.54,41.46,322.0,False
2024-01-17T06:03:30,28.76,41.15,318.6,False
2024-01-17T06:04:00,28.81,38.54,313.4,False
2024-01-17T06:04:30,34.0,46.37,278.3,False
2024-01-17T06:05:00,20.47,38.48,256.8,False
2024-01-17T06:05:30,26.13,41.42,373.6,False
2024-01-17T06:06:00,29.05,45.6,357.6,False
2024-01-17T06:06:30,25.81,41.7,291.4,False
2024-01-17T06:07:00,28.32,46.97,345.4,False
2024-01-17T06:07:30,28.75,42.25,355.1,False
2024-01-17T06:08:00,27.19,40.68,283.8,False
2024-01-17T06:08:30,29.38,41.21,385.4,False
2024-01-17T06:09:00,31.11,46.03,355.4,False
2024-01-17T06:09:30,28.55,45.61,315.9,False
2024-01-17T06:10:00,27.93,41.81,387.0,False
2024-01-17T06:10:30,28.82,41.32,247.8,False
2024-01-17T06:11:00,29.33,46.76,287.6,False
2024-01-17T06:11:30,24.16,38.22,319.0,False
2024-01-17T06:12:00,30.8,46.46,373.4,False
2024-01-17T06:12:30,28.1,41.95,390.6,False
2024-01-17T06:13:00,33.27,46.47,275.9,False
2024-01-17T06:13:30,31.29,46.84,384.6,False
2024-01-17T06:14:00,33.06,46.53,314.6,False
2024-01-17T06:14:30,26.55,41.73,329.1,False
2024-01-17T06:15:00,28.5,46.09,325.4,False
2024-01-17T06:15:30,25.92,42.59,341.3,False
2024-01-17T06:16:00,27.56,50.2,311.1,False
2024-01-17T06:16:30,33.47,42.38,408.2,False
2024-01-17T06:17:00,34.21,42.72,340.5,False
2024-01-17T06:17:30,26.33,44.21,307.4,False
2024-01-17T06:18:00,28.44,43.21,335.2,False
2024-01-17T06:18:30,29.62,45.45,404.0,False
2024-01-17T06:19:00,31.63,42.68,386.4,False
2024-01-17T06:19:30,24.63,41.48,305.2,False
2024-01-17T06:20:00,25.13,42.54,326.7,False
2024-01-17T06:20:30,31.45,43.7,395.0,False
2024-01-17T06:21:00,24.16,41.61,308.3,False
2024-01-17T06:21:30,28.7,40.7,288.6,False
2024-01-17T06:22:00,30.56,45.14,369.6,False
2024-01-17T06:22:30,31.36,47.64,349.7,False
2024-01-17T06:23:00,29.72,41.46,323.6,False
2024-01-17T06:23:30,29.08,41.02,301.2,False
2024-01-17T06:24:00,32.75,47.83,385.1,False
2024-01-17T06:24:30,31.1,42.0,369.3,False
2024-01-17T06:25:00,28.34,44.93,288.5,False
2024-01-17T06:25:30,30.43,44.4,299.2,False
2024-01-17T06:26:00,31.5,43.99,427.7,False
2024-01-17T06:26:30,35.54,49.78,418.7,False
2024-01-17T06:27:00,32.78,47.33,365.7,False
2024-01-17T06:27:30,34.1,46.69,397.0,False
2024-01-17T06:28:00,28.65,39.11,310.5,False
2024-01-17T06:28:30,28.95,44.99,324.7,False
2024-01-17T06:29:00,29.85,41.87,339.7,False
2024-01-17T06:29:30,30.16,43.73,379.8,False
2024-01-17T06:30:00,27.6,42.91,264.3,False
2024-01-17T06:30:30,34.46,50.12,334.8,False
2024-01-17T06:31:00,33.34,45.26,317.8,False
2024-01-17T06:31:30,29.81,41.16,372.6,False
2024-01-17T06:32:00,32.69,48.38,357.5,False
2024-01-17T06:32:30,31.47,46.28,315.1,False
2024-01-17T06:33:00,32.99,47.12,355.1,False
2024-01-17T06:33:30,26.83,45.5,289.4,False
2024-01-17T06:34:00,30.47,47.78,286.3,False
2024-01-17T06:34:30,30.76,42.7,396.5,False
2024-01-17T06:35:00,32.84,42.75,356.8,False
2024-01-17T06:35:30,29.12,45.36,384.3,False
2024-01-17T06:36:00,23.54,40.36,230.4,False
2024-01-17T06:36:30,27.83,42.69,342.8,False
2024-01-17T06:37:00,30.93,42.34,289.8,False
2024-01-17T06:37:30,31.34,45.95,448.5,False
2024-01-17T06:38:00,36.24,48.04,320.7,False
2024-01-17T06:38:30,32.97,45.29,435.6,False
2024-01-17T06:39:00,31.5,42.09,351.2,False
2024-01-17T06:39:30,31.2,47.14,342.3,False
2024-01-17T06:40:00,34.64,46.95,400.7,False
2024-01-17T06:40:30,29.59,46.16,299.2,False
2024-01-17T06:41:00,30.98,40.41,379.2,False
2024-01-17T06:41:30,28.17,43.32,359.7,False
2024-01-17T06:42:00,35.73,45.56,386.3,False
2024-01-17T06:42:30,32.68,45.54,371.5,False
2024-01-17T06:43:00,29.42,45.73,412.6,False
2024-01-17T06:43:30,31.24,45.49,375.9,False
2024-01-17T06:44:00,33.14,45.74,333.9,False
2024-01-17T06:44:30,30.9,44.61,377.2,False
2024-01-17T06:45:00,30.08,41.06,319.2,False
2024-01-17T06:45:30,29.76,42.21,308.8,False
2024-01-17T06:46:00,32.78,47.77,382.7,False
2024-01-17T06:46:30,30.72,43.49,305.4,False
2024-01-17T06:47:00,30.47,46.66,345.6,False
2024-01-17T06:47:30,27.86,44.73,349.8,False
2024-01-17T06:48:00,32.14,46.97,433.5,False
2024-01-17T06:48:30,31.4,45.51,376.7,False
2024-01-17T06:49:00,31.01,43.78,289.3,False
2024-01-17T06:49:30,32.61,45.16,308.4,False
2024-01-17T06:50:00,34.3,47.58,443.4,False
2024-01-17T06:50:30,34.19,42.0,348.2,False
2024-01-17T06:51:00,33.79,48.54,309.6,False
2024-01-17T06:51:30,31.44,43.88,311.3,False
2024-01-17T06:52:00,30.5,44.24,375.8,False
2024-01-17T06:52:30,29.11,43.56,337.4,False
2024-01-17T06:53:00,30.5,44.33,369.9,False
2024-01-17T06:53:30,32.37,42.72,357.6,False
2024-01-17T06:54:00,29.99,44.46,295.8,False
2024-01-17T06:54:30,32.67,46.69,289.9,False
2024-01-17T06:55:00,29.53,39.84,302.8,False
2024-01-17T06:55:30,27.48,40.31,324.7,False
2024-01-17T06:56:00,34.96,48.44,332.3,False
2024-01-17T06:56:30,31.11,46.15,388.2,False
2024-01-17T06:57:00,30.06,44.8,300.5,False
2024-01-17T06:57:30,29.33,42.48,268.6,False
2024-01-17T06:58:00,33.92,47.57,371.4,False
2024-01-17T06:58:30,36.81,45.18,424.9,False
2024-01-17T06:59:00,31.51,44.66,411.8,False
2024-01-17T06:59:30,32.11,42.63,292.4,False
2024-01-17T07:00:00,36.01,46.87,445.1,False
2024-01-17T07:00:30,27.41,40.83,326.7,False
2024-01-17T07:01:00,38.78,50.08,385.4,False
2024-01-17T07:01:30,40.25,50.18,449.2,False
2024-01-17T07:02:00,24.83,40.46,352.9,False
2024-01-17T07:02:30,32.7,47.72,294.4,False
2024-01-17T07:03:00,30.87,42.71,329.7,False
2024-01-17T07:03:30,32.27,45.26,336.4,False
2024-01-17T07:04:00,31.85,43.89,379.8,False
2024-01-17T07:04:30,35.58,48.47,443.0,False
2024-01-17T07:05:00,32.84,46.91,365.7,False
2024-01-17T07:05:30,30.49,47.05,332.2,False
2024-01-17T07:06:00,32.74,45.74,379.7,False
2024-01-17T07:06:30,34.84,40.7,369.3,False
2024-01-17T07:07:00,29.78,43.23,251.5,False
2024-01-17T07:07:30,28.43,46.55,348.1,False
2024-01-17T07:08:00,39.39,48.25,454.5,False
2024-01-17T07:08:30,31.52,41.13,395.1,False
2024-01-17T07:09:00,33.08,46.65,318.4,False
2024-01-17T07:09:30,32.33,46.43,382.9,False
2024-01-17T07:10:00,35.21,45.36,443.0,False
2024-01-17T07:10:30,38.92,48.18,512.6,False
2024-01-17T07:11:00,35.38,45.21,402.2,False
2024-01-17T07:11:30,29.13,44.82,372.4,False
2024-01-17T07:12:00,29.57,44.12,296.8,False
2024-01-17T07:12:30,32.56,43.17,315.6,False
2024-01-17T07:13:00,32.99,45.7,403.4,False
2024-01-17T07:13:30,28.67,42.09,247.9,False
2024-01-17T07:14:00,36.33,50.31,396.9,False
2024-01-17T07:14:30,30.66,46.34,402.5,False
2024-01-17T07:15:00,38.43,48.2,436.0,False
2024-01-17T07:15:30,39.45,49.12,443.9,False
2024-01-17T07:16:00,33.29,47.9,364.3,False
2024-01-17T07:16:30,35.39,46.58,366.7,False
2024-01-17T07:17:00,30.41,45.96,429.5,False
2024-01-17T07:17:30,36.02,50.2,437.5,False
2024-01-17T07:18:00,32.69,44.6,395.4,False
2024-01-17T07:18:30,30.97,48.01,348.8,False
2024-01-17T07:19:00,33.4,48.65,343.8,False
2024-01-17T07:19:30,32.91,46.19,406.5,False
2024-01-17T07:20:00,33.37,45.04,354.7,False
2024-01-17T07:20:30,37.24,48.33,401.0,False
2024-01-17T07:21:00,32.07,44.79,381.2,False
2024-01-17T07:21:30,39.67,47.5,425.7,False
2024-01-17T07:22:00,30.53,45.58,406.2,False
2024-01-17T07:22:30,39.39,46.9,362.3,False
2024-01-17T07:23:00,31.54,44.34,355.0,False
2024-01-17T07:23:30,34.62,45.91,462.5,False
2024-01-17T07:24:00,33.19,43.12,401.4,False
2024-01-17T07:24:30,33.67,47.41,361.5,False
2024-01-17T07:25:00,37.15,47.38,429.1,False
2024-01-17T07:25:30,39.28,51.5,412.4,False
2024-01-17T07:26:00,38.4,47.97,465.8,False
2024-01-17T07:26:30,33.65,45.27,402.0,False
2024-01-17T07:27:00,35.46,45.18,349.0,False
2024-01-17T07:27:30,32.6,45.64,370.3,False
2024-01-17T07:28:00,32.01,45.36,372.8,False
2024-01-17T07:28:30,31.59,46.54,371.4,False
2024-01-17T07:29:00,33.75,46.28,382.8,False
2024-01-17T07:29:30,35.85,51.39,409.4,False
2024-01-17T07:30:00,29.41,44.89,352.0,False
2024-01-17T07:30:30,35.05,44.82,351.5,False
2024-01-17T07:31:00,39.77,47.02,399.9,False
2024-01-17T07:31:30,38.63,49.66,398.9,False
2024-01-17T07:32:00,33.55,44.02,372.2,False
2024-01-17T07:32:30,31.16,46.05,339.2,False
2024-01-17T07:33:00,36.77,49.46,438.3,False
2024-01-17T07:33:30,28.48,45.36,289.4,False
2024-01-17T07:34:00,38.8,46.95,341.0,False
2024-01-17T07:34:30,34.87,48.56,457.6,False
2024-01-17T07:35:00,41.04,50.45,395.7,False
2024-01-17T07:35:30,30.41,43.28,387.3,False
2024-01-17T07:36:00,38.39,48.16,431.4,False
2024-01-17T07:36:30,35.37,47.92,351.7,False
2024-01-17T07:37:00,34.72,45.31,372.4,False
2024-01-17T07:37:30,31.64,45.72,341.9,False
2024-01-17T07:38:00,37.58,50.98,414.9,False
2024-01-17T07:38:30,37.86,50.16,372.2,False
2024-01-17T07:39:00,41.23,50.08,422.8,False
2024-01-17T07:39:30,38.94,49.24,410.0,False
2024-01-17T07:40:00,34.18,45.31,417.5,False
2024-01-17T07:40:30,32.99,44.78,347.5,False
2024-01-17T07:41:00,31.94,42.2,316.5,False
2024-01-17T07:41:30,40.5,50.06,402.2,False
2024-01-17T07:42:00,33.79,47.57,385.0,False
2024-01-17T07:42:30,40.61,49.47,354.0,False
2024-01-17T07:43:00,37.78,46.45,450.1,False
2024-01-17T07:43:30,37.24,48.06,398.7,False
2024-01-17T07:44:00,35.37,49.68,400.3,False
2024-01-17T07:44:30,38.31,50.27,415.3,False
2024-01-17T07:45:00,36.32,47.42,363.9,False
2024-01-17T07:45:30,35.3,51.07,339.1,False
2024-01-17T07:46:00,38.54,53.99,380.3,False
2024-01-17T07:46:30,36.06,46.39,328.3,False
2024-01-17T07:47:00,34.14,45.9,387.1,False
2024-01-17T07:47:30,38.38,49.9,400.5,False
2024-01-17T07:48:00,36.43,45.71,330.0,False
2024-01-17T07:48:30,38.13,50.09,380.4,False
2024-01-17T07:49:00,35.34,47.2,408.8,False
2024-01-17T07:49:30,33.12,46.63,416.7,False
2024-01-17T07:50:00,41.99,49.18,384.6,False
2024-01-17T07:50:30,41.47,48.49,518.2,False
2024-01-17T07:51:00,39.52,45.12,377.8,False
2024-01-17T07:51:30,35.75,50.18,317.8,False
2024-01-17T07:52:00,36.05,49.25,458.7,False
2024-01-17T07:52:30,41.14,51.26,387.5,False
2024-01-17T07:53:00,35.97,48.03,448.7,False
2024-01-17T07:53:30,35.18,42.32,354.8,False
2024-01-17T07:54:00,42.74,49.21,430.2,False
2024-01-17T07:54:30,37.02,47.34,343.9,False
2024-01-17T07:55:00,42.51,48.44,491.2,False
2024-01-17T07:55:30,33.05,42.49,410.0,False
2024-01-17T07:56:00,38.84,46.82,384.3,False
2024-01-17T07:56:30,43.54,51.22,445.3,False
2024-01-17T07:57:00,37.46,48.18,426.2,False
2024-01-17T07:57:30,36.62,49.48,374.1,False
2024-01-17T07:58:00,33.95,50.46,426.2,False
2024-01-17T07:58:30,40.74,51.1,421.7,False
2024-01-17T07:59:00,35.23,46.62,361.0,False
2024-01-17T07:59:30,37.3,51.61,335.1,False
2024-01-17T08:00:00,33.92,43.16,319.6,False
2024-01-17T08:00:30,42.34,46.37,462.2,False
2024-01-17T08:01:00,41.17,48.18,438.8,False
2024-01-17T08:01:30,37.65,49.82,433.9,False
2024-01-17T08:02:00,34.33,46.87,352.1,False
2024-01-17T08:02:30,42.44,48.33,373.9,False
2024-01-17T08:03:00,36.78,46.31,374.4,False
2024-01-17T08:03:30,34.6,44.19,458.3,False
2024-01-17T08:04:00,32.67,43.23,322.8,False
2024-01-17T08:04:30,36.07,50.51,387.1,False
2024-01-17T08:05:00,33.68,45.93,272.9,False
2024-01-17T08:05:30,36.22,51.03,369.0,False
2024-01-17T08:06:00,40.36,47.78,406.4,False
2024-01-17T08:06:30,37.05,48.89,409.6,False
2024-01-17T08:07:00,39.28,49.48,401.5,False
2024-01-17T08:07:30,36.09,49.19,328.0,False
2024-01-17T08:08:00,38.5,49.14,381.4,False
2024-01-17T08:08:30,44.11,53.41,444.7,False
2024-01-17T08:09:00,37.34,49.17,358.9,False
2024-01-17T08:09:30,39.58,47.0,382.6,False
2024-01-17T08:10:00,33.77,47.74,410.4,False
2024-01-17T08:10:30,43.07,50.72,419.6,False
2024-01-17T08:11:00,37.12,46.4,414.6,False
2024-01-17T08:11:30,41.75,51.66,426.9,False
2024-01-17T08:12:00,38.27,50.38,357.0,False
2024-01-17T08:12:30,40.52,48.69,410.8,False
2024-01-17T08:13:00,40.74,49.07,437.6,False
2024-01-17T08:13:30,37.41,45.33,468.8,False
2024-01-17T08:14:00,42.09,46.84,405.8,False
2024-01-17T08:14:30,36.58,47.21,389.2,False
2024-01-17T08:15:00,41.23,51.61,466.2,False
2024-01-17T08:15:30,37.77,47.15,452.6,False
2024-01-17T08:16:00,40.03,52.28,394.3,False
2024-01-17T08:16:30,37.64,47.82,394.9,False
2024-01-17T08:17:00,39.22,48.62,458.3,False
2024-01-17T08:17:30,35.89,46.78,407.6,False
2024-01-17T08:18:00,39.9,51.33,460.5,False
2024-01-17T08:18:30,39.33,47.17,461.5,False
2024-01-17T08:19:00,37.62,47.97,423.1,False
2024-01-17T08:19:30,39.12,47.89,418.7,False
2024-01-17T08:20:00,39.73,48.16,391.0,False
2024-01-17T08:20:30,37.52,48.25,390.4,False
2024-01-17T08:21:00,39.03,48.71,405.1,False
2024-01-17T08:21:30,36.44,49.75,439.5,False
2024-01-17T08:22:00,46.54,52.67,479.3,False
2024-01-17T08:22:30,42.72,51.9,449.2,False
2024-01-17T08:23:00,40.4,49.98,383.5,False
2024-01-17T08:23:30,43.14,53.81,493.3,False
2024-01-17T08:24:00,33.73,45.7,339.2,False
2024-01-17T08:24:30,32.04,44.86,344.9,False
2024-01-17T08:25:00,38.56,50.21,460.8,False
2024-01-17T08:25:30,35.66,46.64,420.8,False
2024-01-17T08:26:00,39.13,50.0,379.1,False
2024-01-17T08:26:30,40.5,54.37,380.9,False
2024-01-17T08:27:00,42.69,48.83,433.4,False
2024-01-17T08:27:30,36.56,50.79,369.4,False
2024-01-17T08:28:00,41.21,49.07,371.0,False
2024-01-17T08:28:30,40.1,52.17,390.7,False
2024-01-17T08:29:00,41.14,51.39,319.2,False
2024-01-17T08:29:30,38.59,49.94,444.8,False
2024-01-17T08:30:00,44.34,51.32,488.3,False
2024-01-17T08:30:30,39.92,48.91,475.8,False
2024-01-17T08:31:00,45.6,50.81,478.9,False
2024-01-17T08:31:30,37.95,48.44,385.6,False
2024-01-17T08:32:00,42.59,50.39,481.7,False
2024-01-17T08:32:30,40.23,49.96,393.8,False
2024-01-17T08:33:00,39.47,46.37,362.7,False
2024-01-17T08:33:30,42.39,50.7,433.2,False
2024-01-17T08:34:00,39.64,51.81,433.5,False
2024-01-17T08:34:30,32.59,47.65,328.3,False
2024-01-17T08:35:00,31.43,45.23,309.6,False
2024-01-17T08:35:30,44.48,56.84,439.2,False
2024-01-17T08:36:00,44.4,50.52,471.7,False
2024-01-17T08:36:30,46.41,52.51,465.5,False
2024-01-17T08:37:00,40.74,46.94,531.4,False
2024-01-17T08:37:30,36.96,47.15,390.2,False
2024-01-17T08:38:00,39.62,52.86,447.0,False
2024-01-17T08:38:30,40.96,49.23,369.7,False
2024-01-17T08:39:00,37.95,45.4,427.1,False
2024-01-17T08:39:30,45.96,54.2,449.2,False
2024-01-17T08:40:00,47.77,54.15,481.8,False
2024-01-17T08:40:30,42.53,52.41,507.7,False
2024-01-17T08:41:00,41.11,49.45,414.0,False
2024-01-17T08:41:30,37.3,46.12,346.1,False
2024-01-17T08:42:00,45.87,52.06,420.9,False
2024-01-17T08:42:30,41.5,51.35,438.9,False
2024-01-17T08:43:00,40.45,49.57,428.3,False
2024-01-17T08:43:30,42.8,51.67,445.5,False
2024-01-17T08:44:00,39.65,48.24,365.8,False
2024-01-17T08:44:30,41.89,51.29,516.2,False
2024-01-17T08:45:00,37.16,48.07,455.9,False
2024-01-17T08:45:30,44.8,50.49,463.6,False
2024-01-17T08:46:00,41.27,50.41,369.3,False
2024-01-17T08:46:30,45.1,51.28,524.2,False
2024-01-17T08:47:00,41.06,51.27,474.0,False
2024-01-17T08:47:30,41.3,51.9,434.5,False
2024-01-17T08:48:00,38.12,49.57,452.9,False
2024-01-17T08:48:30,44.08,48.28,432.8,False
2024-01-17T08:49:00,39.21,47.19,375.3,False
2024-01-17T08:49:30,40.42,48.45,429.7,False
2024-01-17T08:50:00,41.93,48.88,373.3,False
2024-01-17T08:50:30,42.33,49.6,394.3,False
2024-01-17T08:51:00,36.9,49.81,416.9,False
2024-01-17T08:51:30,41.37,51.6,440.5,False
2024-01-17T08:52:00,44.49,50.91,400.6,False
2024-01-17T08:52:30,41.01,51.21,411.7,False
2024-01-17T08:53:00,41.51,50.94,378.6,False
2024-01-17T08:53:30,42.72,50.82,422.2,False
2024-01-17T08:54:00,41.9,52.77,411.3,False
2024-01-17T08:54:30,39.23,47.82,453.5,False
2024-01-17T08:55:00,42.25,50.76,431.8,False
2024-01-17T08:55:30,45.39,50.12,453.4,False
2024-01-17T08:56:00,39.3,47.17,398.7,False
2024-01-17T08:56:30,41.37,47.5,362.1,False
2024-01-17T08:57:00,38.39,46.76,403.2,False
2024-01-17T08:57:30,45.41,52.4,482.6,False
2024-01-17T08:58:00,42.35,50.11,448.0,False
2024-01-17T08:58:30,40.12,49.06,448.6,False
2024-01-17T08:59:00,42.99,50.44,473.6,False
2024-01-17T08:59:30,39.14,52.66,501.1,False
2024-01-17T09:00:00,39.7,47.12,572.4,False
2024-01-17T09:00:30,38.46,46.29,617.1,False
2024-01-17T09:01:00,39.69,47.7,631.4,False
2024-01-17T09:01:30,47.0,52.9,663.2,False
2024-01-17T09:02:00,40.77,50.97,600.9,False
2024-01-17T09:02:30,44.42,53.0,675.3,False
2024-01-17T09:03:00,40.55,51.72,640.5,False
2024-01-17T09:03:30,57.98,58.33,1021.8,False
2024-01-17T09:04:00,70.59,64.05,1092.8,False
2024-01-17T09:04:30,83.19,74.42,1245.8,False
2024-01-17T09:05:00,83.34,65.66,1239.8,False
2024-01-17T09:05:30,83.84,71.61,1294.9,False
2024-01-17T09:06:00,84.37,72.61,1238.0,False
2024-01-17T09:06:30,82.78,74.7,1255.2,False
2024-01-17T09:07:00,84.2,68.34,1205.3,False
2024-01-17T09:07:30,84.52,70.98,1214.1,False
2024-01-17T09:08:00,84.97,69.34,1249.0,False
2024-01-17T09:08:30,83.69,67.82,1259.5,False
2024-01-17T09:09:00,83.34,70.83,1234.0,False
2024-01-17T09:09:30,82.71,72.59,1267.4,False
2024-01-17T09:10:00,81.73,72.85,1185.8,False
2024-01-17T09:10:30,82.91,69.96,1254.7,False
2024-01-17T09:11:00,83.3,72.56,1258.3,False
2024-01-17T09:11:30,83.08,70.72,1206.7,False
2024-01-17T09:12:00,69.87,65.63,1168.1,False
2024-01-17T09:12:30,59.08,61.43,985.9,False
2024-01-17T09:13:00,43.84,51.11,923.3,False
2024-01-17T09:13:30,32.83,47.46,594.1,True
2024-01-17T09:14:00,31.98,42.46,466.8,True
2024-01-17T09:14:30,34.7,47.56,604.4,True
2024-01-17T09:15:00,33.47,47.7,521.1,True
2024-01-17T09:15:30,35.81,48.67,562.9,True
2024-01-17T09:16:00,31.99,42.53,612.2,True
2024-01-17T09:16:30,37.34,47.16,573.7,True
2024-01-17T09:17:00,35.7,47.36,650.2,True
2024-01-17T09:17:30,35.92,47.75,575.1,True
2024-01-17T09:18:00,38.95,48.62,608.2,True
2024-01-17T09:18:30,43.1,53.32,678.5,False
2024-01-17T09:19:00,42.28,47.46,660.0,False
2024-01-17T09:19:30,42.86,49.86,649.0,False
2024-01-17T09:20:00,43.96,47.52,633.2,False
2024-01-17T09:20:30,44.31,52.32,592.5,False
2024-01-17T09:21:00,42.14,51.1,577.0,False
2024-01-17T09:21:30,38.6,54.92,661.4,False
2024-01-17T09:22:00,43.03,52.49,712.2,False
2024-01-17T09:22:30,45.84,52.5,671.9,False
2024-01-17T09:23:00,45.21,52.04,590.7,False
2024-01-17T09:23:30,48.45,52.51,656.7,False
2024-01-17T09:24:00,50.76,54.57,673.2,False
2024-01-17T09:24:30,47.21,53.09,655.5,False
2024-01-17T09:25:00,49.12,49.56,657.6,False
2024-01-17T09:25:30,47.32,52.99,699.4,False
2024-01-17T09:26:00,50.19,54.23,711.4,False
2024-01-17T09:26:30,50.66,57.77,768.5,False
2024-01-17T09:27:00,48.0,52.67,668.5,False
2024-01-17T09:27:30,47.31,51.06,686.5,False
2024-01-17T09:28:00,44.62,51.79,686.6,False
2024-01-17T09:28:30,45.16,51.67,702.1,False
2024-01-17T09:29:00,44.31,50.84,605.1,False
2024-01-17T09:29:30,47.23,50.0,694.0,False
2024-01-17T09:30:00,43.25,50.26,651.9,False
2024-01-17T09:30:30,44.88,50.23,671.2,False
2024-01-17T09:31:00,38.43,47.73,609.8,False
2024-01-17T09:31:30,50.71,55.77,774.2,False
2024-01-17T09:32:00,44.92,50.06,623.7,False
2024-01-17T09:32:30,46.99,52.01,637.9,False
2024-01-17T09:33:00,50.04,55.06,667.5,False
2024-01-17T09:33:30,46.61,51.72,661.3,False
2024-01-17T09:34:00,50.09,59.22,712.4,False
2024-01-17T09:34:30,42.07,50.49,618.3,False
2024-01-17T09:35:00,53.03,52.99,764.5,False
2024-01-17T09:35:30,49.15,51.86,693.0,False
2024-01-17T09:36:00,46.56,50.36,668.6,False
2024-01-17T09:36:30,50.25,52.44,648.8,False
2024-01-17T09:37:00,42.51,51.29,712.9,False
2024-01-17T09:37:30,45.19,49.35,659.6,False
2024-01-17T09:38:00,50.43,53.52,768.9,False
2024-01-17T09:38:30,40.54,51.53,599.4,False
2024-01-17T09:39:00,47.87,51.87,716.2,False
2024-01-17T09:39:30,47.83,54.23,660.1,False
2024-01-17T09:40:00,52.18,51.7,790.2,False
2024-01-17T09:40:30,41.57,49.02,677.4,False
2024-01-17T09:41:00,51.19,52.8,743.5,False
2024-01-17T09:41:30,44.72,51.94,628.8,False
2024-01-17T09:42:00,45.1,49.46,737.1,False
2024-01-17T09:42:30,42.82,54.53,724.1,False
2024-01-17T09:43:00,43.27,47.34,630.9,False
2024-01-17T09:43:30,47.78,55.15,688.7,False
2024-01-17T09:44:00,43.28,52.38,683.3,False
2024-01-17T09:44:30,48.88,54.05,612.1,False
2024-01-17T09:45:00,44.71,51.46,703.5,False
2024-01-17T09:45:30,43.1,54.25,685.8,False
2024-01-17T09:46:00,45.2,56.54,639.1,False
2024-01-17T09:46:30,47.84,52.5,595.0,False
2024-01-17T09:47:00,46.04,52.33,681.6,False
2024-01-17T09:47:30,47.02,51.4,630.8,False
2024-01-17T09:48:00,49.05,51.18,628.8,False
2024-01-17T09:48:30,50.25,55.05,716.8,False
2024-01-17T09:49:00,46.11,52.56,721.6,False
2024-01-17T09:49:30,43.95,47.76,642.9,False
2024-01-17T09:50:00,47.36,53.6,726.3,False
2024-01-17T09:50:30,48.58,53.86,715.2,False
2024-01-17T09:51:00,42.83,49.22,587.7,False
2024-01-17T09:51:30,44.58,49.97,634.5,False
2024-01-17T09:52:00,45.14,52.43,704.3,False
2024-01-17T09:52:30,46.72,55.59,651.2,False
2024-01-17T09:53:00,45.1,52.36,693.6,False
2024-01-17T09:53:30,49.55,55.35,680.0,False
2024-01-17T09:54:00,42.65,48.68,670.1,False
2024-01-17T09:54:30,42.77,49.58,659.3,False
2024-01-17T09:55:00,46.55,53.51,662.5,False
2024-01-17T09:55:30,47.07,49.84,704.3,False
2024-01-17T09:56:00,43.27,51.07,559.8,False
2024-01-17T09:56:30,45.86,52.94,623.5,False
2024-01-17T09:57:00,46.52,52.21,653.6,False
2024-01-17T09:57:30,46.58,52.96,719.6,False
2024-01-17T09:58:00,48.26,53.28,628.3,False
2024-01-17T09:58:30,45.86,50.72,665.5,False
2024-01-17T09:59:00,52.32,52.84,731.3,False
2024-01-17T09:59:30,49.4,53.55,705.1,False
2024-01-17T10:00:00,45.55,54.42,660.5,False
2024-01-17T10:00:30,48.3,55.24,661.6,False
2024-01-17T10:01:00,48.43,52.56,677.6,False
2024-01-17T10:01:30,51.75,54.18,753.0,False
2024-01-17T10:02:00,46.34,51.33,643.2,False
2024-01-17T10:02:30,50.49,53.41,617.5,False
2024-01-17T10:03:00,48.35,53.8,705.5,False
2024-01-17T10:03:30,52.74,57.53,781.8,False
2024-01-17T10:04:00,52.18,59.67,675.4,False
2024-01-17T10:04:30,48.95,51.86,746.0,False
2024-01-17T10:05:00,47.61,54.16,701.7,False
2024-01-17T10:05:30,49.96,55.12,653.4,False
2024-01-17T10:06:00,47.94,52.36,655.4,False
2024-01-17T10:06:30,53.56,53.78,698.6,False
2024-01-17T10:07:00,48.8,54.01,697.2,False
2024-01-17T10:07:30,47.39,56.99,671.9,False
2024-01-17T10:08:00,47.27,53.23,722.4,False
2024-01-17T10:08:30,45.05,50.01,694.4,False
2024-01-17T10:09:00,50.4,53.95,641.4,False
2024-01-17T10:09:30,46.31,49.94,613.7,False
2024-01-17T10:10:00,52.11,55.16,741.4,False
2024-01-17T10:10:30,44.98,52.92,639.2,False
2024-01-17T10:11:00,49.28,52.32,687.2,False
2024-01-17T10:11:30,52.39,48.75,741.0,False
2024-01-17T10:12:00,42.52,50.89,674.5,False
2024-01-17T10:12:30,55.08,55.61,691.3,False
2024-01-17T10:13:00,47.79,51.47,593.4,False
2024-01-17T10:13:30,49.53,52.32,691.7,False
2024-01-17T10:14:00,50.86,55.31,672.7,False
2024-01-17T10:14:30,51.37,53.95,713.6,False
2024-01-17T10:15:00,50.05,55.97,696.9,False
2024-01-17T10:15:30,52.26,57.12,679.1,False
2024-01-17T10:16:00,50.87,53.98,790.4,False
2024-01-17T10:16:30,54.63,55.36,737.8,False
2024-01-17T10:17:00,50.96,54.82,684.7,False
2024-01-17T10:17:30,55.33,56.46,746.7,False
2024-01-17T10:18:00,52.18,51.67,738.6,False
2024-01-17T10:18:30,44.1,54.97,627.5,False
2024-01-17T10:19:00,57.39,59.22,851.9,False
2024-01-17T10:19:30,47.88,52.1,622.1,False
2024-01-17T10:20:00,54.13,52.33,674.9,False
2024-01-17T10:20:30,49.76,53.62,634.1,False
2024-01-17T10:21:00,52.91,54.37,723.4,False
2024-01-17T10:21:30,47.7,52.83,700.5,False
2024-01-17T10:22:00,51.68,50.61,700.2,False
2024-01-17T10:22:30,49.08,52.7,711.5,False
2024-01-17T10:23:00,54.62,55.59,755.2,False
2024-01-17T10:23:30,51.24,54.34,695.5,False
2024-01-17T10:24:00,52.77,55.02,739.3,False
2024-01-17T10:24:30,43.52,50.97,640.3,False
2024-01-17T10:25:00,49.79,57.05,682.0,False
2024-01-17T10:25:30,51.32,53.74,690.6,False
2024-01-17T10:26:00,50.8,52.69,715.7,False
2024-01-17T10:26:30,53.05,52.19,773.1,False
2024-01-17T10:27:00,49.11,52.65,644.7,False
2024-01-17T10:27:30,50.4,51.51,684.0,False
2024-01-17T10:28:00,53.84,57.96,737.2,False
2024-01-17T10:28:30,43.5,50.68,718.2,False
2024-01-17T10:29:00,52.14,57.07,734.4,False
2024-01-17T10:29:30,49.41,56.76,662.8,False
2024-01-17T10:30:00,47.72,51.25,644.8,False
2024-01-17T10:30:30,51.5,54.18,751.4,False
2024-01-17T10:31:00,54.22,58.9,721.2,False
2024-01-17T10:31:30,53.69,56.35,680.3,False
2024-01-17T10:32:00,50.21,55.28,742.2,False
2024-01-17T10:32:30,53.28,57.84,738.6,False
2024-01-17T10:33:00,53.3,57.58,678.6,False
2024-01-17T10:33:30,50.47,55.19,650.2,False
2024-01-17T10:34:00,48.7,56.28,602.9,False
2024-01-17T10:34:30,48.91,53.46,666.4,False
2024-01-17T10:35:00,53.37,56.86,739.1,False
2024-01-17T10:35:30,50.77,54.17,744.6,False
2024-01-17T10:36:00,47.8,55.08,699.4,False
2024-01-17T10:36:30,45.92,50.7,615.2,False
2024-01-17T10:37:00,53.51,52.53,716.7,False
2024-01-17T10:37:30,49.41,55.16,752.5,False
2024-01-17T10:38:00,52.08,53.15,696.2,False
2024-01-17T10:38:30,54.85,54.34,769.6,False
2024-01-17T10:39:00,47.25,55.3,703.8,False
2024-01-17T10:39:30,51.08,56.62,739.0,False
2024-01-17T10:40:00,50.74,53.84,723.2,False
2024-01-17T10:40:30,52.43,49.28,749.7,False
2024-01-17T10:41:00,55.05,57.75,681.1,False
2024-01-17T10:41:30,47.38,54.18,739.7,False
2024-01-17T10:42:00,53.12,56.75,652.7,False
2024-01-17T10:42:30,54.54,57.38,748.8,False
2024-01-17T10:43:00,50.93,54.27,705.5,False
2024-01-17T10:43:30,51.12,53.9,683.9,False
2024-01-17T10:44:00,52.82,53.37,683.6,False
2024-01-17T10:44:30,52.64,54.09,743.1,False
2024-01-17T10:45:00,53.39,56.51,759.2,False
2024-01-17T10:45:30,53.37,56.53,722.8,False
2024-01-17T10:46:00,48.78,55.14,678.6,False
2024-01-17T10:46:30,54.73,53.73,789.1,False
2024-01-17T10:47:00,55.3,53.51,725.5,False
2024-01-17T10:47:30,52.4,54.62,717.5,False
2024-01-17T10:48:00,47.4,50.84,671.0,False
2024-01-17T10:48:30,51.57,55.34,811.4,False
2024-01-17T10:49:00,52.54,52.83,686.7,False
2024-01-17T10:49:30,48.56,55.82,721.8,False
2024-01-17T10:50:00,50.95,53.02,639.7,False
2024-01-17T10:50:30,47.84,56.29,644.4,False
2024-01-17T10:51:00,53.93,57.2,719.1,False
2024-01-17T10:51:30,52.65,53.4,715.9,False
2024-01-17T10:52:00,47.25,57.01,667.0,False
2024-01-17T10:52:30,53.28,56.36,722.3,False
2024-01-17T10:53:00,52.1,55.57,689.2,False
2024-01-17T10:53:30,53.85,55.99,782.3,False
2024-01-17T10:54:00,51.17,55.71,669.3,False
2024-01-17T10:54:30,49.98,55.24,729.6,False
2024-01-17T10:55:00,50.11,52.52,728.0,False
2024-01-17T10:55:30,50.84,54.2,668.8,False
2024-01-17T10:56:00,52.55,55.71,705.7,False
2024-01-17T10:56:30,52.98,56.86,723.7,False
2024-01-17T10:57:00,52.0,56.41,783.0,False
2024-01-17T10:57:30,51.34,55.21,696.0,False
2024-01-17T10:58:00,51.59,53.91,857.7,False
2024-01-17T10:58:30,60.21,58.11,812.4,False
2024-01-17T10:59:00,50.41,52.03,717.0,False
2024-01-17T10:59:30,51.09,55.94,744.1,False
2024-01-17T11:00:00,62.68,59.32,732.7,False
2024-01-17T11:00:30,54.1,55.88,779.7,False
2024-01-17T11:01:00,48.73,54.06,637.0,False
2024-01-17T11:01:30,55.44,56.95,778.3,False
2024-01-17T11:02:00,50.22,54.32,678.1,False
2024-01-17T11:02:30,55.71,55.27,713.7,False
2024-01-17T11:03:00,52.39,55.96,790.0,False
2024-01-17T11:03:30,51.74,54.47,710.0,False
2024-01-17T11:04:00,57.93,58.02,702.2,False
2024-01-17T11:04:30,54.84,58.96,777.7,False
2024-01-17T11:05:00,56.09,58.29,699.9,False
2024-01-17T11:05:30,54.52,55.35,790.6,False
2024-01-17T11:06:00,51.92,54.89,714.7,False
2024-01-17T11:06:30,55.12,59.99,690.0,False
2024-01-17T11:07:00,56.95,57.1,788.5,False
2024-01-17T11:07:30,53.76,56.2,751.0,False
2024-01-17T11:08:00,58.8,59.97,685.5,False
2024-01-17T11:08:30,55.99,57.66,745.4,False
2024-01-17T11:09:00,54.11,55.55,744.8,False
2024-01-17T11:09:30,54.26,54.89,743.7,False
2024-01-17T11:10:00,53.96,56.2,724.3,False
2024-01-17T11:10:30,49.83,55.48,728.4,False
2024-01-17T11:11:00,53.35,58.56,749.5,False
2024-01-17T11:11:30,54.32,53.48,735.8,False
2024-01-17T11:12:00,52.44,59.0,710.1,False
2024-01-17T11:12:30,54.74,56.05,743.9,False
2024-01-17T11:13:00,53.83,58.02,706.5,False
2024-01-17T11:13:30,56.12,55.84,708.1,False
2024-01-17T11:14:00,55.83,53.95,701.7,False
2024-01-17T11:14:30,54.38,53.82,731.0,False
2024-01-17T11:15:00,49.81,53.5,664.2,False
2024-01-17T11:15:30,59.32,59.97,768.2,False
2024-01-17T11:16:00,53.56,56.1,781.7,False
2024-01-17T11:16:30,53.78,55.65,721.9,False
2024-01-17T11:17:00,53.03,58.02,729.8,False
2024-01-17T11:17:30,52.63,55.58,711.9,False
2024-01-17T11:18:00,58.76,59.21,822.3,False
2024-01-17T11:18:30,58.32,64.65,832.9,False
2024-01-17T11:19:00,55.53,57.02,725.5,False
2024-01-17T11:19:30,53.91,54.84,760.4,False
2024-01-17T11:20:00,56.13,58.3,832.7,False
2024-01-17T11:20:30,54.53,58.01,689.8,False
2024-01-17T11:21:00,53.77,56.77,769.4,False
2024-01-17T11:21:30,55.39,57.29,673.5,False
2024-01-17T11:22:00,53.09,58.79,725.9,False
2024-01-17T11:22:30,55.21,59.6,736.0,False
2024-01-17T11:23:00,55.1,56.6,672.5,False
2024-01-17T11:23:30,56.33,56.16,794.2,False
2024-01-17T11:24:00,52.7,56.49,727.5,False
2024-01-17T11:24:30,56.72,56.35,716.7,False
2024-01-17T11:25:00,51.91,57.01,728.4,False
2024-01-17T11:25:30,52.94,56.61,759.7,False
2024-01-17T11:26:00,53.11,61.19,654.1,False
2024-01-17T11:26:30,51.51,58.0,586.2,False
2024-01-17T11:27:00,57.81,56.04,760.8,False
2024-01-17T11:27:30,51.89,54.21,684.4,False
2024-01-17T11:28:00,52.74,51.84,775.5,False
2024-01-17T11:28:30,58.64,54.34,754.3,False
2024-01-17T11:29:00,53.19,56.13,737.9,False
2024-01-17T11:29:30,54.38,54.11,727.5,False
2024-01-17T11:30:00,51.94,58.56,653.7,False
2024-01-17T11:30:30,57.51,60.38,761.3,False
2024-01-17T11:31:00,57.58,57.56,707.6,False
2024-01-17T11:31:30,57.3,57.3,703.4,False
2024-01-17T11:32:00,56.73,60.64,709.9,False
2024-01-17T11:32:30,55.37,60.43,695.5,False
2024-01-17T11:33:00,53.61,54.25,720.4,False
2024-01-17T11:33:30,52.77,53.58,706.5,False
2024-01-17T11:34:00,59.12,58.27,784.3,False
2024-01-17T11:34:30,57.58,58.97,697.7,False
2024-01-17T11:35:00,53.24,54.91,715.8,False
2024-01-17T11:35:30,55.47,57.96,724.5,False
2024-01-17T11:36:00,54.49,60.47,743.9,False
2024-01-17T11:36:30,52.04,52.53,726.3,False
2024-01-17T11:37:00,55.99,56.43,754.1,False
2024-01-17T11:37:30,54.24,53.67,694.3,False
2024-01-17T11:38:00,52.66,53.99,722.3,False
2024-01-17T11:38:30,51.12,54.3,688.4,False
2024-01-17T11:39:00,50.9,53.33,759.7,False
2024-01-17T11:39:30,54.51,57.63,740.5,False
2024-01-17T11:40:00,55.4,57.34,746.4,False
2024-01-17T11:40:30,53.06,56.47,673.3,False
2024-01-17T11:41:00,57.67,57.56,737.8,False
2024-01-17T11:41:30,55.56,56.69,754.8,False
2024-01-17T11:42:00,57.52,57.4,757.0,False
2024-01-17T11:42:30,55.27,56.48,738.6,False
2024-01-17T11:43:00,53.49,56.93,657.8,False
2024-01-17T11:43:30,56.23,53.61,717.3,False
2024-01-17T11:44:00,52.13,55.99,706.1,False
2024-01-17T11:44:30,57.57,56.4,808.6,False
2024-01-17T11:45:00,53.17,55.26,649.8,False
2024-01-17T11:45:30,58.77,55.62,728.4,False
2024-01-17T11:46:00,55.04,56.15,664.4,False
2024-01-17T11:46:30,59.27,59.55,787.2,False
2024-01-17T11:47:00,52.75,56.64,769.4,False
2024-01-17T11:47:30,54.12,54.04,747.4,False
2024-01-17T11:48:00,57.32,58.84,781.7,False
2024-01-17T11:48:30,59.73,61.5,736.5,False
2024-01-17T11:49:00,61.25,59.0,804.7,False
2024-01-17T11:49:30,56.4,57.57,720.3,False
2024-01-17T11:50:00,61.82,56.14,797.0,False
2024-01-17T11:50:30,55.47,55.31,763.9,False
2024-01-17T11:51:00,59.67,59.74,765.7,False
2024-01-17T11:51:30,53.58,58.07,761.5,False
2024-01-17T11:52:00,57.7,57.02,755.1,False
2024-01-17T11:52:30,49.45,59.43,706.5,False
2024-01-17T11:53:00,53.14,56.57,800.7,False
2024-01-17T11:53:30,57.93,55.8,783.4,False
2024-01-17T11:54:00,52.63,58.27,691.1,False
2024-01-17T11:54:30,57.88,55.81,743.8,False
2024-01-17T11:55:00,59.35,59.71,809.7,False
2024-01-17T11:55:30,55.16,55.1,783.0,False
2024-01-17T11:56:00,53.79,53.56,728.8,False
2024-01-17T11:56:30,55.3,58.96,681.3,False
2024-01-17T11:57:00,53.86,55.8,692.9,False
2024-01-17T11:57:30,56.48,61.08,759.1,False
2024-01-17T11:58:00,57.12,55.92,780.2,False
2024-01-17T11:58:30,55.93,54.24,787.6,False
2024-01-17T11:59:00,61.9,59.38,713.9,False
2024-01-17T11:59:30,54.75,62.55,772.9,False
2024-01-17T12:00:00,61.12,61.62,846.0,False
2024-01-17T12:00:30,53.85,57.43,635.0,False
2024-01-17T12:01:00,57.22,59.18,757.6,False
2024-01-17T12:01:30,60.58,58.72,815.0,False
2024-01-17T12:02:00,60.46,65.09,727.2,False
2024-01-17T12:02:30,55.83,58.24,726.7,False
2024-01-17T12:03:00,58.79,59.53,792.7,False
2024-01-17T12:03:30,58.42,60.58,746.4,False
2024-01-17T12:04:00,55.57,54.64,730.0,False
2024-01-17T12:04:30,59.06,57.18,781.3,False
2024-01-17T12:05:00,62.83,60.34,755.9,False
2024-01-17T12:05:30,58.69,60.74,726.9,False
2024-01-17T12:06:00,59.01,56.32,790.8,False
2024-01-17T12:06:30,59.35,58.96,812.8,False
2024-01-17T12:07:00,52.98,55.49,739.8,False
2024-01-17T12:07:30,58.78,55.66,824.7,False
2024-01-17T12:08:00,54.38,55.59,751.8,False
2024-01-17T12:08:30,55.69,58.35,819.4,False
2024-01-17T12:09:00,63.97,58.44,814.4,False
2024-01-17T12:09:30,56.76,60.62,764.2,False
2024-01-17T12:10:00,55.32,58.02,758.7,False
2024-01-17T12:10:30,61.03,60.63,763.1,False
2024-01-17T12:11:00,54.76,56.82,707.0,False
2024-01-17T12:11:30,56.29,55.39,714.3,False
2024-01-17T12:12:00,61.41,58.84,769.0,False
2024-01-17T12:12:30,57.82,59.07,845.4,False
2024-01-17T12:13:00,53.04,54.65,797.1,False
2024-01-17T12:13:30,59.38,59.5,761.9,False
2024-01-17T12:14:00,56.59,55.93,735.9,False
2024-01-17T12:14:30,62.43,61.55,713.5,False
2024-01-17T12:15:00,56.02,58.5,708.4,False
2024-01-17T12:15:30,61.02,56.7,755.8,False
2024-01-17T12:16:00,63.22,61.19,788.2,False
2024-01-17T12:16:30,55.37,54.09,720.2,False
2024-01-17T12:17:00,57.37,54.41,767.6,False
2024-01-17T12:17:30,59.15,57.83,804.2,False
2024-01-17T12:18:00,55.44,62.76,714.4,False
2024-01-17T12:18:30,58.85,60.42,828.3,False
2024-01-17T12:19:00,57.39,60.93,772.9,False
2024-01-17T12:19:30,57.36,59.35,794.4,False
2024-01-17T12:20:00,58.27,59.0,748.6,False
2024-01-17T12:20:30,58.36,60.43,788.8,False
2024-01-17T12:21:00,58.67,57.51,787.5,False
2024-01-17T12:21:30,56.41,58.6,810.0,False
2024-01-17T12:22:00,56.57,60.1,778.6,False
2024-01-17T12:22:30,57.9,59.81,797.4,False
2024-01-17T12:23:00,58.15,61.03,744.1,False
2024-01-17T12:23:30,57.0,58.33,803.8,False
2024-01-17T12:24:00,59.31,62.51,723.5,False
2024-01-17T12:24:30,52.93,55.51,700.5,False
2024-01-17T12:25:00,56.21,61.81,760.9,False
2024-01-17T12:25:30,57.58,59.41,714.6,False
2024-01-17T12:26:00,55.88,56.65,710.1,False
2024-01-17T12:26:30,63.37,58.8,770.0,False
2024-01-17T12:27:00,58.56,57.14,783.6,False
2024-01-17T12:27:30,59.06,57.09,766.1,False
2024-01-17T12:28:00,57.11,57.86,795.4,False
2024-01-17T12:28:30,58.54,56.2,843.5,False
2024-01-17T12:29:00,54.97,59.55,750.6,False
2024-01-17T12:29:30,58.13,58.77,744.6,False
2024-01-17T12:30:00,55.86,57.55,761.6,False
2024-01-17T12:30:30,57.86,56.09,727.1,False
2024-01-17T12:31:00,51.04,53.47,705.8,False
2024-01-17T12:31:30,55.36,52.73,841.4,False
2024-01-17T12:32:00,63.16,64.31,797.2,False
2024-01-17T12:32:30,61.29,57.3,802.4,False
2024-01-17T12:33:00,62.78,58.2,795.8,False
2024-01-17T12:33:30,63.01,63.83,787.7,False
2024-01-17T12:34:00,60.9,60.72,806.4,False
2024-01-17T12:34:30,57.54,58.51,709.5,False
2024-01-17T12:35:00,55.82,58.09,739.9,False
2024-01-17T12:35:30,62.39,62.61,744.9,False
2024-01-17T12:36:00,59.17,59.29,835.2,False
2024-01-17T12:36:30,66.49,59.66,871.4,False
2024-01-17T12:37:00,57.94,59.94,732.8,False
2024-01-17T12:37:30,64.98,62.84,745.6,False
2024-01-17T12:38:00,58.61,61.16,788.5,False
2024-01-17T12:38:30,63.12,58.57,803.2,False
2024-01-17T12:39:00,64.22,60.16,903.5,False
2024-01-17T12:39:30,56.09,58.34,804.8,False
2024-01-17T12:40:00,57.73,56.49,787.2,False
2024-01-17T12:40:30,56.11,52.87,727.7,False
2024-01-17T12:41:00,55.54,57.68,733.9,False
2024-01-17T12:41:30,61.26,61.94,802.2,False
2024-01-17T12:42:00,58.69,58.61,783.7,False
2024-01-17T12:42:30,59.46,60.35,747.4,False
2024-01-17T12:43:00,61.0,60.83,733.4,False
2024-01-17T12:43:30,53.78,56.44,807.4,False
2024-01-17T12:44:00,63.24,61.42,807.3,False
2024-01-17T12:44:30,58.36,61.41,783.8,False
2024-01-17T12:45:00,61.03,58.11,753.9,False
2024-01-17T12:45:30,61.32,61.74,845.2,False
2024-01-17T12:46:00,63.59,58.97,850.3,False
2024-01-17T12:46:30,59.19,57.54,775.9,False
2024-01-17T12:47:00,53.15,58.5,733.6,False
2024-01-17T12:47:30,59.72,56.98,789.2,False
2024-01-17T12:48:00,60.17,59.14,785.3,False
2024-01-17T12:48:30,56.49,62.51,774.3,False
2024-01-17T12:49:00,60.06,61.62,795.6,False
2024-01-17T12:49:30,58.56,57.35,761.4,False
2024-01-17T12:50:00,55.64,56.23,698.4,False
2024-01-17T12:50:30,61.71,60.06,792.6,False
2024-01-17T12:51:00,58.02,61.18,794.2,False
2024-01-17T12:51:30,58.52,56.81,795.0,False
2024-01-17T12:52:00,58.37,56.61,819.5,False
2024-01-17T12:52:30,63.49,62.72,864.6,False
2024-01-17T12:53:00,59.68,56.03,805.5,False
2024-01-17T12:53:30,60.07,57.77,788.0,False
2024-01-17T12:54:00,58.53,58.65,782.0,False
2024-01-17T12:54:30,61.26,60.12,767.1,False
2024-01-17T12:55:00,63.95,58.8,843.5,False
2024-01-17T12:55:30,61.86,61.2,847.9,False
2024-01-17T12:56:00,62.0,61.67,837.7,False
2024-01-17T12:56:30,61.78,59.13,816.5,False
2024-01-17T12:57:00,55.85,60.81,737.1,False
2024-01-17T12:57:30,57.38,58.94,744.8,False
2024-01-17T12:58:00,59.42,57.27,768.9,False
2024-01-17T12:58:30,57.88,61.75,733.8,False
2024-01-17T12:59:00,56.88,56.97,766.0,False
2024-01-17T12:59:30,54.48,57.17,624.0,False
2024-01-17T13:00:00,56.08,56.64,727.1,False
2024-01-17T13:00:30,59.37,60.51,777.7,False
2024-01-17T13:01:00,59.96,58.59,879.7,False
2024-01-17T13:01:30,57.81,57.64,762.6,False
2024-01-17T13:02:00,60.44,59.48,785.2,False
2024-01-17T13:02:30,58.93,58.04,738.1,False
2024-01-17T13:03:00,63.52,63.49,876.9,False
2024-01-17T13:03:30,59.79,56.96,745.8,False
2024-01-17T13:04:00,69.78,64.4,1239.5,False
2024-01-17T13:04:30,77.18,68.36,1187.8,False
2024-01-17T13:05:00,84.57,71.63,1314.3,False
2024-01-17T13:05:30,85.17,74.11,1279.1,False
2024-01-17T13:06:00,83.12,68.14,1242.5,False
2024-01-17T13:06:30,84.39,72.93,1315.5,False
2024-01-17T13:07:00,86.57,70.39,1345.7,False
2024-01-17T13:07:30,85.57,71.36,1277.1,False
2024-01-17T13:08:00,85.19,69.5,1280.6,False
2024-01-17T13:08:30,84.96,71.42,1263.2,False
2024-01-17T13:09:00,84.21,70.55,1282.6,False
2024-01-17T13:09:30,82.82,74.29,1218.8,False
2024-01-17T13:10:00,85.03,72.6,1172.5,False
2024-01-17T13:10:30,82.13,71.55,1182.2,False
2024-01-17T13:11:00,84.25,69.52,1265.1,False
2024-01-17T13:11:30,84.57,73.37,1233.8,False
2024-01-17T13:12:00,84.13,74.95,1268.3,False
2024-01-17T13:12:30,75.68,69.19,1185.0,False
2024-01-17T13:13:00,74.24,64.11,1165.7,False
2024-01-17T13:13:30,59.86,58.62,1052.9,False
2024-01-17T13:14:00,44.02,51.15,690.8,True
2024-01-17T13:14:30,47.18,51.36,686.8,True
2024-01-17T13:15:00,41.94,54.97,698.2,True
2024-01-17T13:15:30,49.18,52.56,697.6,True
2024-01-17T13:16:00,50.56,54.13,628.1,True
2024-01-17T13:16:30,46.45,50.96,629.8,True
2024-01-17T13:17:00,47.52,53.16,684.8,True
2024-01-17T13:17:30,50.88,57.14,716.7,True
2024-01-17T13:18:00,44.48,51.41,632.4,True
2024-01-17T13:18:30,45.52,51.26,632.4,True
2024-01-17T13:19:00,60.2,56.89,757.3,False
2024-01-17T13:19:30,58.65,60.68,763.4,False
2024-01-17T13:20:00,60.04,58.68,778.4,False
2024-01-17T13:20:30,57.15,57.15,713.3,False
2024-01-17T13:21:00,61.61,55.07,802.7,False
2024-01-17T13:21:30,60.53,58.96,793.7,False
2024-01-17T13:22:00,62.65,59.47,796.8,False
2024-01-17T13:22:30,61.62,56.11,765.3,False
2024-01-17T13:23:00,61.65,61.76,820.1,False
2024-01-17T13:23:30,56.71,56.24,806.7,False
2024-01-17T13:24:00,62.55,64.02,782.5,False
2024-01-17T13:24:30,60.1,61.83,755.6,False
2024-01-17T13:25:00,60.61,57.82,803.5,False
2024-01-17T13:25:30,64.27,63.83,767.3,False
2024-01-17T13:26:00,58.98,61.67,720.8,False
2024-01-17T13:26:30,65.21,60.45,795.7,False
2024-01-17T13:27:00,65.51,59.65,836.4,False
2024-01-17T13:27:30,63.45,56.38,772.4,False
2024-01-17T13:28:00,58.27,58.86,765.4,False
2024-01-17T13:28:30,54.67,54.36,657.0,False
2024-01-17T13:29:00,64.48,62.03,840.5,False
2024-01-17T13:29:30,61.59,58.63,850.4,False
2024-01-17T13:30:00,59.04,56.93,735.9,False
2024-01-17T13:30:30,64.81,60.26,836.3,False
2024-01-17T13:31:00,58.73,55.74,761.5,False
2024-01-17T13:31:30,60.05,57.88,784.7,False
2024-01-17T13:32:00,62.92,58.96,793.5,False
2024-01-17T13:32:30,58.02,57.96,752.0,False
2024-01-17T13:33:00,61.05,59.71,755.1,False
2024-01-17T13:33:30,64.66,59.17,773.6,False
2024-01-17T13:34:00,62.04,62.21,840.3,False
2024-01-17T13:34:30,65.17,61.25,754.2,False
2024-01-17T13:35:00,64.84,64.41,818.0,False
2024-01-17T13:35:30,61.48,60.21,789.3,False
2024-01-17T13:36:00,54.46,56.36,733.8,False
2024-01-17T13:36:30,58.17,57.09,791.9,False
2024-01-17T13:37:00,63.79,62.12,795.5,False
2024-01-17T13:37:30,56.87,57.5,781.1,False
2024-01-17T13:38:00,60.55,60.99,863.9,False
2024-01-17T13:38:30,62.56,63.49,794.4,False
2024-01-17T13:39:00,65.97,60.53,746.5,False
2024-01-17T13:39:30,59.85,60.15,773.1,False
2024-01-17T13:40:00,59.66,60.0,767.7,False
2024-01-17T13:40:30,61.45,60.65,807.7,False
2024-01-17T13:41:00,62.68,59.48,721.6,False
2024-01-17T13:41:30,61.17,58.77,802.4,False
2024-01-17T13:42:00,64.8,60.24,801.5,False
2024-01-17T13:42:30,59.27,57.44,806.3,False
2024-01-17T13:43:00,62.04,58.35,775.6,False
2024-01-17T13:43:30,63.03,60.32,839.0,False
2024-01-17T13:44:00,60.51,57.75,723.6,False
2024-01-17T13:44:30,64.24,62.01,814.7,False
2024-01-17T13:45:00,62.18,60.22,758.6,False
2024-01-17T13:45:30,64.12,61.42,793.4,False
2024-01-17T13:46:00,62.35,59.65,907.6,False
2024-01-17T13:46:30,62.91,60.61,765.3,False
2024-01-17T13:47:00,59.9,58.48,764.3,False
2024-01-17T13:47:30,59.91,60.54,733.6,False
2024-01-17T13:48:00,65.49,60.89,811.7,False
2024-01-17T13:48:30,63.74,61.65,803.9,False
2024-01-17T13:49:00,58.78,55.81,740.8,False
2024-01-17T13:49:30,62.4,61.66,862.3,False
2024-01-17T13:50:00,54.75,55.29,784.2,False
2024-01-17T13:50:30,60.17,57.29,743.4,False
2024-01-17T13:51:00,64.78,59.15,850.9,False
2024-01-17T13:51:30,61.54,57.37,773.1,False
2024-01-17T13:52:00,62.28,59.22,749.1,False
2024-01-17T13:52:30,52.89,58.48,694.4,False
2024-01-17T13:53:00,60.77,58.14,736.0,False
2024-01-17T13:53:30,62.98,56.11,841.5,False
2024-01-17T13:54:00,63.37,61.46,771.9,False
2024-01-17T13:54:30,64.88,59.26,870.5,False
2024-01-17T13:55:00,61.37,61.36,796.6,False
2024-01-17T13:55:30,61.52,58.96,776.0,False
2024-01-17T13:56:00,58.03,57.52,744.1,False
2024-01-17T13:56:30,61.42,62.16,861.5,False
2024-01-17T13:57:00,58.26,59.42,766.5,False
2024-01-17T13:57:30,56.52,54.82,732.0,False
2024-01-17T13:58:00,58.82,56.27,804.7,False
2024-01-17T13:58:30,66.61,58.8,856.3,False
2024-01-17T13:59:00,61.28,64.91,750.7,False
2024-01-17T13:59:30,62.77,58.72,802.3,False
2024-01-17T14:00:00,60.58,61.69,712.3,False
2024-01-17T14:00:30,56.76,56.38,752.7,False
2024-01-17T14:01:00,64.95,59.38,832.2,False
2024-01-17T14:01:30,55.63,56.93,763.0,False
2024-01-17T14:02:00,60.5,58.66,744.0,False
2024-01-17T14:02:30,62.01,61.68,766.5,False
2024-01-17T14:03:00,62.88,62.14,812.9,False
2024-01-17T14:03:30,60.02,57.9,830.1,False
2024-01-17T14:04:00,56.69,54.54,757.2,False
2024-01-17T14:04:30,59.81,56.59,756.2,False
2024-01-17T14:05:00,59.98,54.5,818.6,False
2024-01-17T14:05:30,59.92,58.49,784.5,False
2024-01-17T14:06:00,65.16,61.64,828.4,False
2024-01-17T14:06:30,58.62,56.1,800.8,False
2024-01-17T14:07:00,63.17,58.14,801.5,False
2024-01-17T14:07:30,62.75,60.43,764.7,False
2024-01-17T14:08:00,65.17,60.41,815.2,False
2024-01-17T14:08:30,61.9,59.61,839.7,False
2024-01-17T14:09:00,64.68,60.69,893.1,False
2024-01-17T14:09:30,61.8,60.49,745.6,False
2024-01-17T14:10:00,63.63,59.78,874.5,False
2024-01-17T14:10:30,57.83,57.03,747.9,False
2024-01-17T14:11:00,54.43,52.55,736.3,False
2024-01-17T14:11:30,63.49,60.74,875.9,False
2024-01-17T14:12:00,63.66,61.1,792.9,False
2024-01-17T14:12:30,63.8,60.64,799.4,False
2024-01-17T14:13:00,60.81,63.33,760.7,False
2024-01-17T14:13:30,66.86,62.86,836.4,False
2024-01-17T14:14:00,61.02,59.3,800.6,False
2024-01-17T14:14:30,63.67,61.94,781.9,False
2024-01-17T14:15:00,64.2,65.43,871.6,False
2024-01-17T14:15:30,67.58,63.4,810.7,False
2024-01-17T14:16:00,61.48,55.4,811.8,False
2024-01-17T14:16:30,60.48,60.22,784.9,False
2024-01-17T14:17:00,57.95,56.33,813.4,False
2024-01-17T14:17:30,67.11,58.83,804.8,False
2024-01-17T14:18:00,63.73,64.38,832.7,False
2024-01-17T14:18:30,63.83,64.0,907.5,False
2024-01-17T14:19:00,71.83,63.22,817.0,False
2024-01-17T14:19:30,63.46,59.06,771.7,False
2024-01-17T14:20:00,58.59,58.74,852.1,False
2024-01-17T14:20:30,61.92,58.31,790.0,False
2024-01-17T14:21:00,59.59,58.65,781.2,False
2024-01-17T14:21:30,61.33,58.37,777.4,False
2024-01-17T14:22:00,61.32,58.99,856.7,False
2024-01-17T14:22:30,60.77,56.71,721.6,False
2024-01-17T14:23:00,58.36,59.96,816.4,False
2024-01-17T14:23:30,67.32,65.2,779.5,False
2024-01-17T14:24:00,63.45,60.66,744.9,False
2024-01-17T14:24:30,61.88,60.01,751.6,False
2024-01-17T14:25:00,64.84,62.82,813.6,False
2024-01-17T14:25:30,63.99,61.14,783.3,False
2024-01-17T14:26:00,63.41,64.3,776.3,False
2024-01-17T14:26:30,64.64,58.83,780.0,False
2024-01-17T14:27:00,62.99,62.36,767.5,False
2024-01-17T14:27:30,64.61,61.22,779.6,False
2024-01-17T14:28:00,64.86,59.34,828.3,False
2024-01-17T14:28:30,63.1,65.19,779.4,False
2024-01-17T14:29:00,61.96,64.9,689.0,False
2024-01-17T14:29:30,67.21,62.34,836.2,False
2024-01-17T14:30:00,61.19,60.64,819.5,False
2024-01-17T14:30:30,63.81,60.12,799.3,False
2024-01-17T14:31:00,63.88,60.48,760.6,False
2024-01-17T14:31:30,60.82,57.3,816.3,False
2024-01-17T14:32:00,60.23,56.71,726.9,False
2024-01-17T14:32:30,61.59,63.65,779.9,False
2024-01-17T14:33:00,61.18,59.68,788.6,False
2024-01-17T14:33:30,58.29,58.41,809.5,False
2024-01-17T14:34:00,60.72,57.9,808.8,False
2024-01-17T14:34:30,63.47,61.28,817.3,False
2024-01-17T14:35:00,66.48,59.4,869.1,False
2024-01-17T14:35:30,64.35,59.8,768.5,False
2024-01-17T14:36:00,54.89,54.22,802.3,False
2024-01-17T14:36:30,64.62,64.07,694.3,False
2024-01-17T14:37:00,61.02,56.38,845.3,False
2024-01-17T14:37:30,64.06,58.85,778.8,False
2024-01-17T14:38:00,62.66,56.41,816.5,False
2024-01-17T14:38:30,62.13,58.46,855.0,False
2024-01-17T14:39:00,62.41,59.46,821.7,False
2024-01-17T14:39:30,62.65,62.46,816.1,False
2024-01-17T14:40:00,66.76,62.12,868.7,False
2024-01-17T14:40:30,62.67,59.7,742.1,False
2024-01-17T14:41:00,65.99,62.78,774.7,False
2024-01-17T14:41:30,65.55,61.08,835.3,False
2024-01-17T14:42:00,64.74,66.38,810.0,False
2024-01-17T14:42:30,57.38,56.7,746.5,False
2024-01-17T14:43:00,66.09,63.07,878.3,False
2024-01-17T14:43:30,61.37,61.53,837.1,False
2024-01-17T14:44:00,64.9,60.4,782.4,False
2024-01-17T14:44:30,59.84,59.44,796.4,False
2024-01-17T14:45:00,59.2,57.8,711.0,False
2024-01-17T14:45:30,68.69,64.09,786.0,False
2024-01-17T14:46:00,59.89,59.35,743.4,False
2024-01-17T14:46:30,66.2,62.02,827.5,False
2024-01-17T14:47:00,63.12,58.45,778.9,False
2024-01-17T14:47:30,61.51,63.69,810.1,False
2024-01-17T14:48:00,62.64,61.7,800.5,False
2024-01-17T14:48:30,58.87,55.47,815.5,False
2024-01-17T14:49:00,62.74,59.74,823.7,False
2024-01-17T14:49:30,59.53,55.84,734.7,False
2024-01-17T14:50:00,61.59,61.53,828.8,False
2024-01-17T14:50:30,65.56,61.95,790.0,False
2024-01-17T14:51:00,63.55,61.0,824.8,False
2024-01-17T14:51:30,58.34,56.7,747.0,False
2024-01-17T14:52:00,65.34,61.26,875.7,False
2024-01-17T14:52:30,62.77,62.18,831.4,False
2024-01-17T14:53:00,61.16,61.91,761.6,False
2024-01-17T14:53:30,65.03,63.43,804.8,False
2024-01-17T14:54:00,62.29,57.27,929.1,False
2024-01-17T14:54:30,59.3,58.5,723.9,False
2024-01-17T14:55:00,68.34,63.9,817.9,False
2024-01-17T14:55:30,62.74,59.13,775.1,False
2024-01-17T14:56:00,62.55,57.19,754.1,False
2024-01-17T14:56:30,61.58,57.45,750.5,False
2024-01-17T14:57:00,66.34,65.4,826.4,False
2024-01-17T14:57:30,61.22,57.46,808.9,False
2024-01-17T14:58:00,58.16,58.41,701.6,False
2024-01-17T14:58:30,60.76,59.31,766.0,False
2024-01-17T14:59:00,66.78,62.32,802.1,False
2024-01-17T14:59:30,65.3,61.25,775.5,False
2024-01-17T15:00:00,62.03,61.84,836.1,False
2024-01-17T15:00:30,66.92,62.77,804.8,False
2024-01-17T15:01:00,65.04,60.52,765.5,False
2024-01-17T15:01:30,62.0,60.35,831.2,False
2024-01-17T15:02:00,62.3,57.84,848.5,False
2024-01-17T15:02:30,63.79,62.09,819.8,False
2024-01-17T15:03:00,60.3,58.04,744.8,False
2024-01-17T15:03:30,62.81,59.41,791.4,False
2024-01-17T15:04:00,63.72,62.14,783.6,False
2024-01-17T15:04:30,57.73,57.31,759.9,False
2024-01-17T15:05:00,62.23,59.67,826.5,False
2024-01-17T15:05:30,61.88,62.54,794.1,False
2024-01-17T15:06:00,65.88,60.25,826.9,False
2024-01-17T15:06:30,57.26,58.89,737.5,False
2024-01-17T15:07:00,61.65,61.99,819.8,False
2024-01-17T15:07:30,61.34,62.27,805.5,False
2024-01-17T15:08:00,65.67,66.45,751.8,False
2024-01-17T15:08:30,62.66,59.31,730.0,False
2024-01-17T15:09:00,68.17,61.62,832.1,False
2024-01-17T15:09:30,64.77,63.29,857.0,False
2024-01-17T15:10:00,61.55,61.93,839.1,False
2024-01-17T15:10:30,63.5,59.44,838.5,False
2024-01-17T15:11:00,61.71,61.1,787.7,False
2024-01-17T15:11:30,65.35,67.4,881.4,False
2024-01-17T15:12:00,58.78,58.88,741.3,False
2024-01-17T15:12:30,60.3,61.28,768.7,False
2024-01-17T15:13:00,64.13,64.5,756.2,False
2024-01-17T15:13:30,66.44,67.51,817.7,False
2024-01-17T15:14:00,56.16,57.85,714.8,False
2024-01-17T15:14:30,66.88,65.23,896.6,False
2024-01-17T15:15:00,62.34,58.88,852.3,False
2024-01-17T15:15:30,57.1,57.89,759.3,False
2024-01-17T15:16:00,53.75,55.27,748.6,False
2024-01-17T15:16:30,58.16,54.6,741.1,False
2024-01-17T15:17:00,62.69,57.43,700.0,False
2024-01-17T15:17:30,62.54,61.43,769.8,False
2024-01-17T15:18:00,64.64,62.51,847.0,False
2024-01-17T15:18:30,61.09,57.76,806.2,False
2024-01-17T15:19:00,59.41,62.12,759.6,False
2024-01-17T15:19:30,61.49,57.82,821.5,False
2024-01-17T15:20:00,62.82,61.23,783.8,False
2024-01-17T15:20:30,63.41,60.18,761.6,False
2024-01-17T15:21:00,60.35,59.69,812.4,False
2024-01-17T15:21:30,65.42,63.81,798.9,False
2024-01-17T15:22:00,60.84,61.24,827.8,False
2024-01-17T15:22:30,60.09,60.77,700.8,False
2024-01-17T15:23:00,61.07,61.01,765.8,False
2024-01-17T15:23:30,65.92,59.73,851.2,False
2024-01-17T15:24:00,62.29,62.73,818.1,False
2024-01-17T15:24:30,60.6,57.5,776.0,False
2024-01-17T15:25:00,65.46,61.83,835.2,False
2024-01-17T15:25:30,69.1,63.17,858.4,False
2024-01-17T15:26:00,63.3,61.67,746.8,False
2024-01-17T15:26:30,66.37,61.54,816.4,False
2024-01-17T15:27:00,65.77,61.89,835.2,False
2024-01-17T15:27:30,60.84,62.98,807.0,False
2024-01-17T15:28:00,62.73,58.1,799.2,False
2024-01-17T15:28:30,58.8,58.72,748.3,False
2024-01-17T15:29:00,62.02,58.11,742.8,False
2024-01-17T15:29:30,60.76,61.06,816.2,False
2024-01-17T15:30:00,61.42,58.59,817.1,False
2024-01-17T15:30:30,60.37,59.6,822.5,False
2024-01-17T15:31:00,61.76,57.56,750.9,False
2024-01-17T15:31:30,64.21,64.02,818.5,False
2024-01-17T15:32:00,62.25,60.61,770.3,False
2024-01-17T15:32:30,57.01,58.12,757.9,False
2024-01-17T15:33:00,60.35,61.18,899.1,False
2024-01-17T15:33:30,58.03,55.85,800.4,False
2024-01-17T15:34:00,63.31,59.77,776.3,False
2024-01-17T15:34:30,64.08,61.73,802.6,False
2024-01-17T15:35:00,63.34,57.49,792.2,False
2024-01-17T15:35:30,60.2,56.14,786.5,False
2024-01-17T15:36:00,63.29,59.35,745.4,False
2024-01-17T15:36:30,61.14,57.64,802.0,False
2024-01-17T15:37:00,59.12,58.23,688.3,False
2024-01-17T15:37:30,64.76,62.78,751.2,False
2024-01-17T15:38:00,64.98,63.35,899.9,False
2024-01-17T15:38:30,65.36,65.66,808.5,False
2024-01-17T15:39:00,60.69,59.66,842.5,False
2024-01-17T15:39:30,66.04,62.69,795.9,False
2024-01-17T15:40:00,61.01,59.82,704.1,False
2024-01-17T15:40:30,64.45,62.23,773.6,False
2024-01-17T15:41:00,60.95,60.64,895.1,False
2024-01-17T15:41:30,61.8,62.11,738.0,False
2024-01-17T15:42:00,55.2,58.81,812.7,False
2024-01-17T15:42:30,61.55,61.18,806.2,False
2024-01-17T15:43:00,62.72,63.75,806.6,False
2024-01-17T15:43:30,61.21,60.03,759.7,False
2024-01-17T15:44:00,67.7,62.0,805.6,False
2024-01-17T15:44:30,58.94,57.95,794.1,False
2024-01-17T15:45:00,60.72,59.53,838.6,False
2024-01-17T15:45:30,59.69,57.06,785.4,False
2024-01-17T15:46:00,60.71,58.51,815.2,False
2024-01-17T15:46:30,65.48,59.84,806.8,False
2024-01-17T15:47:00,66.81,63.48,921.4,False
2024-01-17T15:47:30,60.27,60.23,791.7,False
2024-01-17T15:48:00,60.19,55.95,862.9,False
2024-01-17T15:48:30,58.88,57.52,732.4,False
2024-01-17T15:49:00,66.26,66.17,828.3,False
2024-01-17T15:49:30,65.7,63.5,868.4,False
2024-01-17T15:50:00,62.01,61.3,801.7,False
2024-01-17T15:50:30,58.13,57.13,785.7,False
2024-01-17T15:51:00,58.39,59.16,728.0,False
2024-01-17T15:51:30,62.81,60.77,786.2,False
2024-01-17T15:52:00,63.93,59.77,776.5,False
2024-01-17T15:52:30,56.08,56.45,745.2,False
2024-01-17T15:53:00,61.3,59.11,782.9,False
2024-01-17T15:53:30,67.11,59.98,815.7,False
2024-01-17T15:54:00,61.59,57.55,818.0,False
2024-01-17T15:54:30,66.71,62.36,791.0,False
2024-01-17T15:55:00,64.17,59.8,727.4,False
2024-01-17T15:55:30,58.96,58.29,748.8,False
2024-01-17T15:56:00,61.33,56.86,876.7,False
2024-01-17T15:56:30,61.81,61.92,814.9,False
2024-01-17T15:57:00,59.33,63.24,740.8,False
2024-01-17T15:57:30,59.26,61.1,791.9,False
2024-01-17T15:58:00,66.68,65.02,828.1,False
2024-01-17T15:58:30,59.22,60.28,789.3,False
2024-01-17T15:59:00,65.38,62.64,858.2,False
2024-01-17T15:59:30,60.82,60.0,794.3,False
2024-01-17T16:00:00,62.04,58.61,801.2,False
2024-01-17T16:00:30,63.79,62.7,869.8,False
2024-01-17T16:01:00,60.3,60.84,804.0,False
2024-01-17T16:01:30,63.79,60.39,818.1,False
2024-01-17T16:02:00,55.93,58.45,749.2,False
2024-01-17T16:02:30,63.38,59.73,784.4,False
2024-01-17T16:03:00,54.64,55.49,687.3,False
2024-01-17T16:03:30,61.36,61.66,817.7,False
2024-01-17T16:04:00,64.59,62.59,867.8,False
2024-01-17T16:04:30,63.88,60.91,828.1,False
2024-01-17T16:05:00,58.11,57.79,787.5,False
2024-01-17T16:05:30,58.48,59.03,732.3,False
2024-01-17T16:06:00,59.91,55.72,755.4,False
2024-01-17T16:06:30,62.52,59.19,748.9,False
2024-01-17T16:07:00,55.86,54.84,736.9,False
2024-01-17T16:07:30,61.9,60.42,834.5,False
2024-01-17T16:08:00,62.86,63.05,775.0,False
2024-01-17T16:08:30,61.06,60.93,785.5,False
2024-01-17T16:09:00,63.48,60.16,835.9,False
2024-01-17T16:09:30,62.56,59.32,848.8,False
2024-01-17T16:10:00,60.25,58.07,716.1,False
2024-01-17T16:10:30,56.05,61.48,729.3,False
2024-01-17T16:11:00,62.25,60.72,768.4,False
2024-01-17T16:11:30,58.97,59.34,736.7,False
2024-01-17T16:12:00,60.09,55.28,765.4,False
2024-01-17T16:12:30,63.24,58.72,728.1,False
2024-01-17T16:13:00,66.05,62.4,813.7,False
2024-01-17T16:13:30,61.67,59.3,794.7,False
2024-01-17T16:14:00,63.43,61.44,765.7,False
2024-01-17T16:14:30,57.42,58.41,740.1,False
2024-01-17T16:15:00,62.47,61.91,800.6,False
2024-01-17T16:15:30,61.54,56.5,797.1,False
2024-01-17T16:16:00,65.4,59.96,757.8,False
2024-01-17T16:16:30,60.07,59.31,808.6,False
2024-01-17T16:17:00,60.96,58.66,816.6,False
2024-01-17T16:17:30,64.84,61.28,789.0,False
2024-01-17T16:18:00,61.38,60.38,858.1,False
2024-01-17T16:18:30,58.31,57.14,784.7,False
2024-01-17T16:19:00,69.28,64.5,866.7,False
2024-01-17T16:19:30,58.37,59.76,794.3,False
2024-01-17T16:20:00,61.4,60.31,749.9,False
2024-01-17T16:20:30,62.62,62.23,786.8,False
2024-01-17T16:21:00,62.37,56.32,823.6,False
2024-01-17T16:21:30,60.98,58.8,755.9,False
2024-01-17T16:22:00,60.98,61.76,773.7,False
2024-01-17T16:22:30,60.81,58.17,810.5,False
2024-01-17T16:23:00,58.15,56.57,777.6,False
2024-01-17T16:23:30,67.94,63.21,844.3,False
2024-01-17T16:24:00,60.81,59.87,789.0,False
2024-01-17T16:24:30,63.25,60.05,799.0,False
2024-01-17T16:25:00,60.44,63.4,817.6,False
2024-01-17T16:25:30,60.36,60.25,866.5,False
2024-01-17T16:26:00,60.04,57.72,792.0,False
2024-01-17T16:26:30,56.74,54.99,805.2,False
2024-01-17T16:27:00,60.89,60.76,769.7,False
2024-01-17T16:27:30,60.14,57.72,753.8,False
2024-01-17T16:28:00,64.86,66.24,787.3,False
2024-01-17T16:28:30,57.74,59.23,725.2,False
2024-01-17T16:29:00,59.58,60.42,764.9,False
2024-01-17T16:29:30,58.6,59.31,804.2,False
2024-01-17T16:30:00,65.6,64.56,865.0,False
2024-01-17T16:30:30,58.65,54.05,748.8,False
2024-01-17T16:31:00,62.93,58.57,790.5,False
2024-01-17T16:31:30,64.14,63.65,813.0,False
2024-01-17T16:32:00,60.77,62.91,795.5,False
2024-01-17T16:32:30,57.06,55.58,780.0,False
2024-01-17T16:33:00,57.08,54.43,740.7,False
2024-01-17T16:33:30,63.74,61.73,801.9,False
2024-01-17T16:34:00,57.36,59.17,813.1,False
2024-01-17T16:34:30,62.3,60.97,787.3,False
2024-01-17T16:35:00,61.45,60.13,768.6,False
2024-01-17T16:35:30,62.22,56.93,794.3,False
2024-01-17T16:36:00,62.49,60.02,803.0,False
2024-01-17T16:36:30,58.25,58.21,704.4,False
2024-01-17T16:37:00,58.11,57.49,747.1,False
2024-01-17T16:37:30,63.16,57.28,822.1,False
2024-01-17T16:38:00,59.11,60.26,853.1,False
2024-01-17T16:38:30,52.73,57.63,700.7,False
2024-01-17T16:39:00,62.91,59.4,833.9,False
2024-01-17T16:39:30,57.84,58.09,769.8,False
2024-01-17T16:40:00,62.33,59.71,845.0,False
2024-01-17T16:40:30,65.09,61.11,795.9,False
2024-01-17T16:41:00,60.94,61.0,831.6,False
2024-01-17T16:41:30,63.86,62.51,866.9,False
2024-01-17T16:42:00,61.31,62.35,848.3,False
2024-01-17T16:42:30,65.59,64.46,881.9,False
2024-01-17T16:43:00,57.63,58.02,768.7,False
2024-01-17T16:43:30,60.77,65.62,809.6,False
2024-01-17T16:44:00,62.79,64.05,785.6,False
2024-01-17T16:44:30,60.18,58.33,692.6,False
2024-01-17T16:45:00,64.19,61.91,823.8,False
2024-01-17T16:45:30,59.42,55.3,768.9,False
2024-01-17T16:46:00,66.91,63.07,873.8,False
2024-01-17T16:46:30,67.05,66.43,870.8,False
2024-01-17T16:47:00,61.51,65.88,749.6,False
2024-01-17T16:47:30,62.3,60.47,891.9,False
2024-01-17T16:48:00,64.19,62.33,829.1,False
2024-01-17T16:48:30,57.04,59.3,704.9,False
2024-01-17T16:49:00,56.64,61.85,707.4,False
2024-01-17T16:49:30,64.33,59.77,727.5,False
2024-01-17T16:50:00,61.36,65.56,821.4,False
2024-01-17T16:50:30,59.84,58.86,757.6,False
2024-01-17T16:51:00,60.53,57.5,750.6,False
2024-01-17T16:51:30,53.32,55.61,700.8,False
2024-01-17T16:52:00,59.89,57.9,767.1,False
2024-01-17T16:52:30,58.18,59.51,788.5,False
2024-01-17T16:53:00,63.17,57.86,739.6,False
2024-01-17T16:53:30,63.38,61.56,764.3,False
2024-01-17T16:54:00,62.11,61.97,815.4,False
2024-01-17T16:54:30,61.54,63.32,768.6,False
2024-01-17T16:55:00,55.84,58.87,770.0,False
2024-01-17T16:55:30,62.08,63.47,776.8,False
2024-01-17T16:56:00,62.18,59.47,860.4,False
2024-01-17T16:56:30,64.01,62.38,820.4,False
2024-01-17T16:57:00,66.6,58.44,881.9,False
2024-01-17T16:57:30,55.15,56.94,761.9,False
2024-01-17T16:58:00,59.04,59.89,795.5,False
2024-01-17T16:58:30,57.96,59.53,733.6,False
2024-01-17T16:59:00,60.68,56.79,832.1,False
2024-01-17T16:59:30,60.18,58.91,790.1,False
2024-01-17T17:00:00,59.42,58.81,737.2,False
2024-01-17T17:00:30,63.18,60.34,721.0,False
2024-01-17T17:01:00,56.77,59.44,759.8,False
2024-01-17T17:01:30,56.93,57.64,815.8,False
2024-01-17T17:02:00,56.96,58.29,719.4,False
2024-01-17T17:02:30,58.93,58.1,733.8,False
2024-01-17T17:03:00,56.3,59.89,737.8,False
2024-01-17T17:03:30,59.82,61.8,822.6,False
2024-01-17T17:04:00,59.45,58.72,702.1,False
2024-01-17T17:04:30,57.56,64.1,734.5,False
2024-01-17T17:05:00,62.52,59.34,759.9,False
2024-01-17T17:05:30,59.7,61.48,800.1,False
2024-01-17T17:06:00,63.04,59.24,798.6,False
2024-01-17T17:06:30,59.24,60.79,760.1,False
2024-01-17T17:07:00,59.73,60.88,770.7,False
2024-01-17T17:07:30,58.1,56.65,796.2,False
2024-01-17T17:08:00,59.74,59.23,822.8,False
2024-01-17T17:08:30,61.87,64.3,836.0,False
2024-01-17T17:09:00,58.48,57.24,790.9,False
2024-01-17T17:09:30,61.25,61.06,845.3,False
2024-01-17T17:10:00,57.23,58.92,720.6,False
2024-01-17T17:10:30,61.92,60.51,810.9,False
2024-01-17T17:11:00,57.88,55.11,857.0,False
2024-01-17T17:11:30,62.15,62.37,723.7,False
2024-01-17T17:12:00,59.76,59.54,756.7,False
2024-01-17T17:12:30,64.11,63.9,771.5,False
2024-01-17T17:13:00,56.06,58.14,760.1,False
2024-01-17T17:13:30,55.07,57.31,798.1,False
2024-01-17T17:14:00,57.63,59.2,782.5,False
2024-01-17T17:14:30,55.3,55.32,733.7,False
2024-01-17T17:15:00,55.28,60.4,764.1,False
2024-01-17T17:15:30,61.27,59.53,778.6,False
2024-01-17T17:16:00,59.37,58.61,782.7,False
2024-01-17T17:16:30,57.92,61.19,788.1,False
2024-01-17T17:17:00,58.17,59.23,835.5,False
2024-01-17T17:17:30,57.51,57.94,778.1,False
2024-01-17T17:18:00,64.23,62.6,822.6,False
2024-01-17T17:18:30,57.05,59.44,837.8,False
2024-01-17T17:19:00,55.27,57.06,663.9,False
2024-01-17T17:19:30,61.6,62.3,789.1,False
2024-01-17T17:20:00,58.54,56.39,738.6,False
2024-01-17T17:20:30,65.27,62.82,812.7,False
2024-01-17T17:21:00,57.55,60.04,784.6,False
2024-01-17T17:21:30,61.64,61.73,832.4,False
2024-01-17T17:22:00,62.33,56.35,777.8,False
2024-01-17T17:22:30,57.49,58.16,786.7,False
2024-01-17T17:23:00,56.8,55.64,718.5,False
2024-01-17T17:23:30,61.23,62.86,738.6,False
2024-01-17T17:24:00,60.7,59.25,788.5,False
2024-01-17T17:24:30,54.72,59.39,729.0,False
2024-01-17T17:25:00,55.54,55.01,804.0,False
2024-01-17T17:25:30,51.29,56.11,795.5,False
2024-01-17T17:26:00,60.66,60.03,761.0,False
2024-01-17T17:26:30,58.07,64.24,692.1,False
2024-01-17T17:27:00,58.34,61.21,712.0,False
2024-01-17T17:27:30,53.72,58.77,696.4,False
2024-01-17T17:28:00,55.48,61.48,752.1,False
2024-01-17T17:28:30,57.31,58.91,748.0,False
2024-01-17T17:29:00,64.69,61.83,1067.1,False
2024-01-17T17:29:30,72.67,65.6,1252.8,False
2024-01-17T17:30:00,80.65,70.67,1271.7,False
2024-01-17T17:30:30,82.82,65.57,1333.0,False
2024-01-17T17:31:00,82.48,70.94,1187.8,False
2024-01-17T17:31:30,81.69,70.99,1304.4,False
2024-01-17T17:32:00,79.73,69.25,1231.9,False
2024-01-17T17:32:30,82.57,67.93,1244.9,False
2024-01-17T17:33:00,81.27,70.04,1251.1,False
2024-01-17T17:33:30,79.71,66.49,1209.7,False
2024-01-17T17:34:00,80.69,73.59,1239.8,False
2024-01-17T17:34:30,81.61,70.0,1290.7,False
2024-01-17T17:35:00,80.05,65.61,1161.9,False
2024-01-17T17:35:30,80.79,69.69,1306.2,False
2024-01-17T17:36:00,80.97,71.99,1263.4,False
2024-01-17T17:36:30,79.55,69.84,1232.0,False
2024-01-17T17:37:00,80.38,68.08,1280.5,False
2024-01-17T17:37:30,72.46,64.59,1194.2,False
2024-01-17T17:38:00,67.89,63.09,1123.9,False
2024-01-17T17:38:30,56.0,56.84,1017.1,False
2024-01-17T17:39:00,45.24,49.11,721.9,True
2024-01-17T17:39:30,47.35,52.55,619.6,True
2024-01-17T17:40:00,47.92,50.31,675.5,True
2024-01-17T17:40:30,48.32,55.07,630.1,True
2024-01-17T17:41:00,46.24,54.28,689.4,True
2024-01-17T17:41:30,47.7,50.86,677.7,True
2024-01-17T17:42:00,48.2,51.69,635.6,True
2024-01-17T17:42:30,46.86,51.61,640.2,True
2024-01-17T17:43:00,46.02,51.97,669.9,True
2024-01-17T17:43:30,42.87,50.97,654.4,True
2024-01-17T17:44:00,59.69,59.8,700.0,False
2024-01-17T17:44:30,57.99,58.9,735.7,False
2024-01-17T17:45:00,56.6,60.43,759.2,False
2024-01-17T17:45:30,61.64,59.97,841.5,False
2024-01-17T17:46:00,53.5,53.18,761.5,False
2024-01-17T17:46:30,62.68,57.16,783.3,False
2024-01-17T17:47:00,57.65,61.13,801.2,False
2024-01-17T17:47:30,58.64,59.38,756.5,False
2024-01-17T17:48:00,56.48,57.69,626.9,False
2024-01-17T17:48:30,52.63,56.25,778.7,False
2024-01-17T17:49:00,57.18,57.95,775.8,False
2024-01-17T17:49:30,58.58,59.2,776.2,False
2024-01-17T17:50:00,59.57,58.09,776.9,False
2024-01-17T17:50:30,56.92,59.62,767.5,False
2024-01-17T17:51:00,50.91,53.45,707.6,False
2024-01-17T17:51:30,52.83,53.66,711.1,False
2024-01-17T17:52:00,63.58,57.46,782.5,False
2024-01-17T17:52:30,54.12,55.64,736.0,False
2024-01-17T17:53:00,61.65,62.41,757.9,False
2024-01-17T17:53:30,54.53,55.41,690.6,False
2024-01-17T17:54:00,56.76,54.68,764.9,False
2024-01-17T17:54:30,59.15,59.2,812.4,False
2024-01-17T17:55:00,54.79,55.15,706.4,False
2024-01-17T17:55:30,61.99,63.15,771.1,False
2024-01-17T17:56:00,57.41,59.92,691.5,False
2024-01-17T17:56:30,58.54,55.79,715.7,False
2024-01-17T17:57:00,56.32,56.88,699.4,False
2024-01-17T17:57:30,59.07,57.09,811.5,False
2024-01-17T17:58:00,61.8,57.65,725.0,False
2024-01-17T17:58:30,56.64,57.28,771.5,False
2024-01-17T17:59:00,62.19,61.8,786.9,False
2024-01-17T17:59:30,55.14,56.48,765.3,False
2024-01-17T18:00:00,59.23,57.66,820.5,False
2024-01-17T18:00:30,58.38,53.85,765.8,False
2024-01-17T18:01:00,53.67,54.58,774.7,False
2024-01-17T18:01:30,57.49,58.93,821.9,False
2024-01-17T18:02:00,56.84,54.82,808.6,False
2024-01-17T18:02:30,54.23,58.76,706.9,False
2024-01-17T18:03:00,57.83,56.83,683.9,False
2024-01-17T18:03:30,57.16,58.05,752.3,False
2024-01-17T18:04:00,56.47,56.53,758.9,False
2024-01-17T18:04:30,56.46,54.96,673.5,False
2024-01-17T18:05:00,56.36,58.15,753.3,False
2024-01-17T18:05:30,55.5,55.64,641.1,False
2024-01-17T18:06:00,56.99,55.92,817.7,False
2024-01-17T18:06:30,54.6,51.64,755.9,False
2024-01-17T18:07:00,64.47,63.94,783.1,False
2024-01-17T18:07:30,52.24,55.23,723.0,False
2024-01-17T18:08:00,54.69,58.65,747.5,False
2024-01-17T18:08:30,54.89,57.79,758.4,False
2024-01-17T18:09:00,62.5,62.56,802.8,False
2024-01-17T18:09:30,52.38,54.17,756.9,False
2024-01-17T18:10:00,57.59,55.15,710.0,False
2024-01-17T18:10:30,57.02,59.14,751.0,False
2024-01-17T18:11:00,57.25,57.99,829.4,False
2024-01-17T18:11:30,59.92,58.14,765.3,False
2024-01-17T18:12:00,59.83,60.51,788.3,False
2024-01-17T18:12:30,54.8,57.13,698.6,False
2024-01-17T18:13:00,56.7,58.74,839.9,False
2024-01-17T18:13:30,50.49,52.32,715.3,False
2024-01-17T18:14:00,56.35,59.25,700.4,False
2024-01-17T18:14:30,53.64,55.93,772.7,False
2024-01-17T18:15:00,55.43,59.0,700.5,False
2024-01-17T18:15:30,50.9,56.51,734.5,False
2024-01-17T18:16:00,57.14,59.06,798.3,False
2024-01-17T18:16:30,50.8,54.3,787.5,False
2024-01-17T18:17:00,56.3,58.69,759.3,False
2024-01-17T18:17:30,52.14,57.42,719.1,False
2024-01-17T18:18:00,53.24,56.96,644.8,False
2024-01-17T18:18:30,59.22,59.14,755.5,False
2024-01-17T18:19:00,57.49,59.3,731.3,False
2024-01-17T18:19:30,59.14,57.65,765.9,False
2024-01-17T18:20:00,60.33,62.33,761.9,False
2024-01-17T18:20:30,53.3,52.42,757.9,False
2024-01-17T18:21:00,60.09,59.25,758.3,False
2024-01-17T18:21:30,51.16,53.91,728.3,False
2024-01-17T18:22:00,57.76,56.74,757.5,False
2024-01-17T18:22:30,54.01,56.76,707.1,False
2024-01-17T18:23:00,52.66,53.22,692.8,False
2024-01-17T18:23:30,57.26,62.08,767.4,False
2024-01-17T18:24:00,58.22,55.55,820.6,False
2024-01-17T18:24:30,58.1,56.29,735.5,False
2024-01-17T18:25:00,55.96,55.04,749.6,False
2024-01-17T18:25:30,55.68,57.39,764.8,False
2024-01-17T18:26:00,56.83,59.6,753.8,False
2024-01-17T18:26:30,56.13,58.27,678.6,False
2024-01-17T18:27:00,56.81,60.5,773.6,False
2024-01-17T18:27:30,55.76,55.38,685.8,False
2024-01-17T18:28:00,57.64,59.3,701.4,False
2024-01-17T18:28:30,50.2,53.65,649.4,False
2024-01-17T18:29:00,54.65,56.94,730.7,False
2024-01-17T18:29:30,50.86,56.81,668.3,False
2024-01-17T18:30:00,55.8,53.68,689.0,False
2024-01-17T18:30:30,59.87,63.08,794.1,False
2024-01-17T18:31:00,53.48,55.62,726.8,False
2024-01-17T18:31:30,55.25,53.58,772.3,False
2024-01-17T18:32:00,57.11,56.34,727.7,False
2024-01-17T18:32:30,48.6,53.68,686.2,False
2024-01-17T18:33:00,53.2,54.39,757.6,False
2024-01-17T18:33:30,55.82,52.99,694.1,False
2024-01-17T18:34:00,46.0,52.37,641.6,False
2024-01-17T18:34:30,51.73,53.6,753.6,False
2024-01-17T18:35:00,57.93,59.45,764.2,False
2024-01-17T18:35:30,57.6,55.84,754.8,False
2024-01-17T18:36:00,55.68,61.54,743.9,False
2024-01-17T18:36:30,57.17,58.79,806.3,False
2024-01-17T18:37:00,55.13,57.14,740.1,False
2024-01-17T18:37:30,56.12,58.49,750.7,False
2024-01-17T18:38:00,53.47,52.28,727.1,False
2024-01-17T18:38:30,54.73,55.56,673.2,False
2024-01-17T18:39:00,52.45,58.98,739.7,False
2024-01-17T18:39:30,58.1,57.6,731.9,False
2024-01-17T18:40:00,58.84,58.49,720.2,False
2024-01-17T18:40:30,58.37,57.45,697.1,False
2024-01-17T18:41:00,52.98,58.61,662.2,False
2024-01-17T18:41:30,51.3,54.36,619.6,False
2024-01-17T18:42:00,57.96,55.68,722.7,False
2024-01-17T18:42:30,55.72,62.22,728.4,False
2024-01-17T18:43:00,55.04,53.97,782.8,False
2024-01-17T18:43:30,52.12,55.07,719.4,False
2024-01-17T18:44:00,55.26,55.15,752.2,False
2024-01-17T18:44:30,50.69,53.15,756.7,False
2024-01-17T18:45:00,55.81,55.0,632.5,False
2024-01-17T18:45:30,58.01,57.14,779.8,False
2024-01-17T18:46:00,58.73,60.55,782.4,False
2024-01-17T18:46:30,55.93,53.37,780.4,False
2024-01-17T18:47:00,49.62,56.55,625.1,False
2024-01-17T18:47:30,54.32,58.55,711.6,False
2024-01-17T18:48:00,60.11,60.29,743.7,False
2024-01-17T18:48:30,51.05,55.0,656.9,False
2024-01-17T18:49:00,53.44,56.5,820.0,False
2024-01-17T18:49:30,57.82,60.98,739.9,False
2024-01-17T18:50:00,55.4,53.43,780.3,False
2024-01-17T18:50:30,60.95,61.16,815.8,False
2024-01-17T18:51:00,51.27,53.37,652.6,False
2024-01-17T18:51:30,50.47,56.11,682.7,False
2024-01-17T18:52:00,57.07,56.54,759.0,False
2024-01-17T18:52:30,49.77,55.53,714.0,False
2024-01-17T18:53:00,52.73,52.5,735.1,False
2024-01-17T18:53:30,53.09,52.39,794.8,False
2024-01-17T18:54:00,56.36,57.19,787.3,False
2024-01-17T18:54:30,55.05,59.64,766.7,False
2024-01-17T18:55:00,54.55,57.59,775.1,False
2024-01-17T18:55:30,51.93,56.26,769.6,False
2024-01-17T18:56:00,56.75,59.34,729.0,False
2024-01-17T18:56:30,65.14,61.02,757.9,False
2024-01-17T18:57:00,55.1,58.02,716.5,False
2024-01-17T18:57:30,53.29,54.73,671.3,False
2024-01-17T18:58:00,49.06,53.15,653.1,False
2024-01-17T18:58:30,51.0,54.37,712.0,False
2024-01-17T18:59:00,52.23,54.28,695.7,False
2024-01-17T18:59:30,51.23,54.74,735.8,False
2024-01-17T19:00:00,52.75,55.12,734.2,False
2024-01-17T19:00:30,58.1,56.89,779.4,False
2024-01-17T19:01:00,56.47,57.21,701.1,False
2024-01-17T19:01:30,52.21,55.67,682.6,False
2024-01-17T19:02:00,49.02,51.57,615.8,False
2024-01-17T19:02:30,56.62,58.41,775.7,False
2024-01-17T19:03:00,52.42,54.49,796.3,False
2024-01-17T19:03:30,47.35,53.34,686.0,False
2024-01-17T19:04:00,54.63,55.25,747.8,False
2024-01-17T19:04:30,55.53,59.14,723.0,False
2024-01-17T19:05:00,45.14,53.75,652.5,False
2024-01-17T19:05:30,49.91,52.13,750.2,False
2024-01-17T19:06:00,52.01,56.33,719.7,False
2024-01-17T19:06:30,54.51,59.42,761.6,False
2024-01-17T19:07:00,50.72,52.74,757.8,False
2024-01-17T19:07:30,49.73,52.4,741.9,False
2024-01-17T19:08:00,54.37,57.93,736.3,False
2024-01-17T19:08:30,50.75,52.04,710.2,False
2024-01-17T19:09:00,53.74,54.6,714.5,False
2024-01-17T19:09:30,48.74,51.62,709.9,False
2024-01-17T19:10:00,47.98,54.77,667.3,False
2024-01-17T19:10:30,54.26,55.03,748.1,False
2024-01-17T19:11:00,52.71,55.08,763.2,False
2024-01-17T19:11:30,54.69,55.14,670.0,False
2024-01-17T19:12:00,50.28,56.73,628.0,False
2024-01-17T19:12:30,49.46,52.3,693.9,False
2024-01-17T19:13:00,55.88,54.42,773.8,False
2024-01-17T19:13:30,47.19,50.0,689.0,False
2024-01-17T19:14:00,55.48,58.42,695.4,False
2024-01-17T19:14:30,55.65,58.65,781.2,False
2024-01-17T19:15:00,54.23,58.91,810.1,False
2024-01-17T19:15:30,49.54,51.55,661.6,False
2024-01-17T19:16:00,49.12,53.4,663.9,False
2024-01-17T19:16:30,50.9,59.61,708.2,False
2024-01-17T19:17:00,47.6,52.5,675.8,False
2024-01-17T19:17:30,48.56,52.46,736.6,False
2024-01-17T19:18:00,53.34,55.94,738.1,False
2024-01-17T19:18:30,53.32,57.03,714.9,False
2024-01-17T19:19:00,48.18,54.43,661.9,False
2024-01-17T19:19:30,53.32,54.74,665.5,False
2024-01-17T19:20:00,52.61,54.45,775.7,False
2024-01-17T19:20:30,55.74,56.59,771.0,False
2024-01-17T19:21:00,52.88,54.3,719.4,False
2024-01-17T19:21:30,54.31,54.0,738.8,False
2024-01-17T19:22:00,52.52,59.2,715.9,False
2024-01-17T19:22:30,53.99,55.5,661.3,False
2024-01-17T19:23:00,47.15,52.2,620.4,False
2024-01-17T19:23:30,50.61,53.99,696.7,False
2024-01-17T19:24:00,50.82,54.57,697.7,False
2024-01-17T19:24:30,50.16,55.28,700.8,False
2024-01-17T19:25:00,52.19,54.49,785.4,False
2024-01-17T19:25:30,52.72,57.97,710.3,False
2024-01-17T19:26:00,51.95,56.5,685.1,False
2024-01-17T19:26:30,50.2,54.05,703.7,False
2024-01-17T19:27:00,48.49,52.25,632.0,False
2024-01-17T19:27:30,53.95,58.48,737.8,False
2024-01-17T19:28:00,51.66,54.85,684.3,False
2024-01-17T19:28:30,47.52,50.61,689.1,False
2024-01-17T19:29:00,49.95,56.36,692.4,False
2024-01-17T19:29:30,45.26,50.52,656.4,False
2024-01-17T19:30:00,50.56,56.36,729.5,False
2024-01-17T19:30:30,49.82,49.23,727.9,False
2024-01-17T19:31:00,48.65,52.93,770.5,False
2024-01-17T19:31:30,55.09,59.21,768.5,False
2024-01-17T19:32:00,46.82,52.77,664.8,False
2024-01-17T19:32:30,52.37,56.73,693.7,False
2024-01-17T19:33:00,56.77,55.94,768.0,False
2024-01-17T19:33:30,53.4,56.75,785.7,False
2024-01-17T19:34:00,50.03,54.38,734.5,False
2024-01-17T19:34:30,46.69,53.19,645.0,False
2024-01-17T19:35:00,45.96,56.42,685.8,False
2024-01-17T19:35:30,48.77,56.36,699.1,False
2024-01-17T19:36:00,47.91,54.9,725.2,False
2024-01-17T19:36:30,47.77,54.86,694.2,False
2024-01-17T19:37:00,48.91,52.0,701.8,False
2024-01-17T19:37:30,49.54,53.19,649.1,False
2024-01-17T19:38:00,51.26,51.93,741.8,False
2024-01-17T19:38:30,46.05,49.86,612.8,False
2024-01-17T19:39:00,47.68,51.44,685.0,False
2024-01-17T19:39:30,49.2,53.92,671.6,False
2024-01-17T19:40:00,49.05,51.45,668.0,False
2024-01-17T19:40:30,55.11,56.85,764.2,False
2024-01-17T19:41:00,50.25,54.2,701.9,False
2024-01-17T19:41:30,44.68,49.45,561.7,False
2024-01-17T19:42:00,50.73,57.8,697.9,False
2024-01-17T19:42:30,51.07,52.27,693.0,False
2024-01-17T19:43:00,49.02,56.13,742.4,False
2024-01-17T19:43:30,45.71,47.73,616.0,False
2024-01-17T19:44:00,54.58,56.39,813.4,False
2024-01-17T19:44:30,46.06,50.02,702.7,False
2024-01-17T19:45:00,51.21,53.69,698.6,False
2024-01-17T19:45:30,49.79,57.9,681.5,False
2024-01-17T19:46:00,50.95,54.17,682.1,False
2024-01-17T19:46:30,54.22,54.3,746.6,False
2024-01-17T19:47:00,50.75,55.74,674.5,False
2024-01-17T19:47:30,47.35,52.36,674.1,False
2024-01-17T19:48:00,52.3,55.85,674.9,False
2024-01-17T19:48:30,47.04,51.09,704.9,False
2024-01-17T19:49:00,49.39,52.36,701.9,False
2024-01-17T19:49:30,44.98,50.32,641.1,False
2024-01-17T19:50:00,45.71,53.86,656.0,False
2024-01-17T19:50:30,48.93,53.42,663.7,False
2024-01-17T19:51:00,49.83,52.23,711.2,False
2024-01-17T19:51:30,43.58,51.52,598.4,False
2024-01-17T19:52:00,50.14,54.64,737.2,False
2024-01-17T19:52:30,46.15,53.63,676.1,False
2024-01-17T19:53:00,52.4,54.65,701.3,False
2024-01-17T19:53:30,47.47,52.99,703.2,False
2024-01-17T19:54:00,45.11,52.81,676.4,False
2024-01-17T19:54:30,48.67,51.73,647.5,False
2024-01-17T19:55:00,45.65,54.02,717.5,False
2024-01-17T19:55:30,52.16,55.53,617.4,False
2024-01-17T19:56:00,48.31,51.38,730.1,False
2024-01-17T19:56:30,47.82,51.11,676.0,False
2024-01-17T19:57:00,50.0,54.23,739.7,False
2024-01-17T19:57:30,45.17,50.91,719.0,False
2024-01-17T19:58:00,44.28,53.08,637.1,False
2024-01-17T19:58:30,49.33,53.52,679.4,False
2024-01-17T19:59:00,44.76,52.42,670.7,False
2024-01-17T19:59:30,44.72,50.09,612.4,False
2024-01-17T20:00:00,50.49,54.63,690.6,False
2024-01-17T20:00:30,49.51,56.82,679.4,False
2024-01-17T20:01:00,44.13,51.21,605.6,False
2024-01-17T20:01:30,45.99,51.33,649.2,False
2024-01-17T20:02:00,45.1,50.26,690.9,False
2024-01-17T20:02:30,53.09,55.95,752.0,False
2024-01-17T20:03:00,50.44,57.48,696.4,False
2024-01-17T20:03:30,46.42,49.93,673.8,False
2024-01-17T20:04:00,49.37,54.03,682.8,False
2024-01-17T20:04:30,43.53,47.78,577.8,False
2024-01-17T20:05:00,45.54,51.4,623.6,False
2024-01-17T20:05:30,47.83,53.89,721.0,False
2024-01-17T20:06:00,48.83,50.7,738.5,False
2024-01-17T20:06:30,47.13,52.13,642.7,False
2024-01-17T20:07:00,48.13,54.1,729.8,False
2024-01-17T20:07:30,47.58,53.51,632.6,False
2024-01-17T20:08:00,46.81,53.54,653.8,False
2024-01-17T20:08:30,46.37,50.69,666.2,False
2024-01-17T20:09:00,45.93,53.01,656.5,False
2024-01-17T20:09:30,47.87,52.2,655.2,False
2024-01-17T20:10:00,48.36,55.07,692.0,False
2024-01-17T20:10:30,47.68,48.69,712.5,False
2024-01-17T20:11:00,43.51,50.64,589.9,False
2024-01-17T20:11:30,44.0,51.67,657.1,False
2024-01-17T20:12:00,48.15,56.25,723.8,False
2024-01-17T20:12:30,51.33,55.31,694.1,False
2024-01-17T20:13:00,47.33,53.51,656.8,False
2024-01-17T20:13:30,45.59,53.02,630.7,False
2024-01-17T20:14:00,47.46,55.71,759.7,False
2024-01-17T20:14:30,43.33,50.38,706.4,False
2024-01-17T20:15:00,50.63,51.99,693.2,False
2024-01-17T20:15:30,47.22,49.9,725.0,False
2024-01-17T20:16:00,44.61,53.11,635.8,False
2024-01-17T20:16:30,46.07,52.97,662.4,False
2024-01-17T20:17:00,44.95,51.45,617.2,False
2024-01-17T20:17:30,50.42,53.53,629.7,False
2024-01-17T20:18:00,45.84,52.77,643.5,False
2024-01-17T20:18:30,46.87,53.34,657.9,False
2024-01-17T20:19:00,48.08,54.49,701.7,False
2024-01-17T20:19:30,44.09,49.32,678.9,False
2024-01-17T20:20:00,46.85,49.39,669.9,False
2024-01-17T20:20:30,47.05,51.2,636.8,False
2024-01-17T20:21:00,41.52,47.56,605.9,False
2024-01-17T20:21:30,46.9,50.14,738.9,False
2024-01-17T20:22:00,45.96,55.62,692.9,False
2024-01-17T20:22:30,46.45,48.19,728.5,False
2024-01-17T20:23:00,46.12,53.5,740.0,False
2024-01-17T20:23:30,46.75,54.69,647.7,False
2024-01-17T20:24:00,49.94,56.45,732.3,False
2024-01-17T20:24:30,42.35,51.24,602.7,False
2024-01-17T20:25:00,44.82,54.56,699.9,False
2024-01-17T20:25:30,47.8,56.98,715.5,False
2024-01-17T20:26:00,47.2,52.51,593.0,False
2024-01-17T20:26:30,47.09,53.95,692.8,False
2024-01-17T20:27:00,53.93,59.03,697.2,False
2024-01-17T20:27:30,47.47,51.53,666.1,False
2024-01-17T20:28:00,48.98,53.52,665.4,False
2024-01-17T20:28:30,44.62,50.58,693.3,False
2024-01-17T20:29:00,42.52,51.7,612.8,False
2024-01-17T20:29:30,44.51,47.98,604.9,False
2024-01-17T20:30:00,47.55,56.17,648.1,False
2024-01-17T20:30:30,46.59,53.89,664.1,False
2024-01-17T20:31:00,46.53,53.97,688.7,False
2024-01-17T20:31:30,44.64,47.12,704.9,False
2024-01-17T20:32:00,44.12,49.51,673.5,False
2024-01-17T20:32:30,44.65,54.84,680.6,False
2024-01-17T20:33:00,47.32,52.84,708.1,False
2024-01-17T20:33:30,47.63,49.9,713.7,False
2024-01-17T20:34:00,42.04,51.0,677.7,False
2024-01-17T20:34:30,47.31,54.55,778.7,False
2024-01-17T20:35:00,43.02,52.11,676.2,False
2024-01-17T20:35:30,46.34,52.41,682.2,False
2024-01-17T20:36:00,44.31,53.97,635.9,False
2024-01-17T20:36:30,49.54,52.91,708.7,False
2024-01-17T20:37:00,43.55,52.4,694.5,False
2024-01-17T20:37:30,45.3,52.46,613.6,False
2024-01-17T20:38:00,46.54,52.55,722.6,False
2024-01-17T20:38:30,42.05,49.82,619.3,False
2024-01-17T20:39:00,44.41,51.07,646.0,False
2024-01-17T20:39:30,43.79,51.51,671.2,False
2024-01-17T20:40:00,55.27,56.61,1021.1,False
2024-01-17T20:40:30,67.55,64.8,1158.7,False
2024-01-17T20:41:00,79.82,68.4,1192.5,False
2024-01-17T20:41:30,78.79,72.09,1265.4,False
2024-01-17T20:42:00,80.69,68.74,1253.3,False
2024-01-17T20:42:30,78.91,70.86,1231.1,False
2024-01-17T20:43:00,80.11,71.55,1251.9,False
2024-01-17T20:43:30,78.43,69.11,1226.6,False
2024-01-17T20:44:00,78.69,69.06,1247.1,False
2024-01-17T20:44:30,78.64,67.43,1220.8,False
2024-01-17T20:45:00,79.53,68.3,1224.6,False
2024-01-17T20:45:30,80.0,70.01,1169.3,False
2024-01-17T20:46:00,80.18,69.57,1296.1,False
2024-01-17T20:46:30,78.05,70.96,1177.9,False
2024-01-17T20:47:00,79.65,68.49,1301.8,False
2024-01-17T20:47:30,79.07,68.32,1222.9,False
2024-01-17T20:48:00,80.35,66.43,1291.5,False
2024-01-17T20:48:30,68.27,65.0,1187.8,False
2024-01-17T20:49:00,56.74,59.06,1092.4,False
2024-01-17T20:49:30,36.41,49.74,893.2,False
2024-01-17T20:50:00,39.77,50.85,570.4,True
2024-01-17T20:50:30,36.17,48.56,582.1,True
2024-01-17T20:51:00,36.54,48.83,579.7,True
2024-01-17T20:51:30,34.49,47.37,571.8,True
2024-01-17T20:52:00,30.35,45.6,493.7,True
2024-01-17T20:52:30,36.38,43.41,579.6,True
2024-01-17T20:53:00,33.37,43.39,450.1,True
2024-01-17T20:53:30,36.0,44.38,576.0,True
2024-01-17T20:54:00,34.13,48.52,578.1,True
2024-01-17T20:54:30,35.19,44.94,550.3,True
2024-01-17T20:55:00,40.91,48.12,616.5,False
2024-01-17T20:55:30,45.79,51.82,672.8,False
2024-01-17T20:56:00,39.58,46.22,657.2,False
2024-01-17T20:56:30,49.84,54.6,740.9,False
2024-01-17T20:57:00,49.78,49.54,710.4,False
2024-01-17T20:57:30,47.92,50.52,682.1,False
2024-01-17T20:58:00,46.8,52.72,688.6,False
2024-01-17T20:58:30,42.68,47.78,713.4,False
2024-01-17T20:59:00,46.39,54.72,691.1,False
2024-01-17T20:59:30,42.55,50.3,650.9,False
2024-01-17T21:00:00,38.14,50.26,648.0,False
2024-01-17T21:00:30,47.27,53.28,480.0,False
2024-01-17T21:01:00,46.1,51.96,434.7,False
2024-01-17T21:01:30,42.57,48.23,459.0,False
2024-01-17T21:02:00,38.95,50.27,418.4,False
2024-01-17T21:02:30,40.82,50.23,417.8,False
2024-01-17T21:03:00,37.07,51.64,418.3,False
2024-01-17T21:03:30,45.33,53.26,390.1,False
2024-01-17T21:04:00,37.64,46.96,379.5,False
2024-01-17T21:04:30,43.27,51.15,411.0,False
2024-01-17T21:05:00,39.83,49.7,387.7,False
2024-01-17T21:05:30,38.04,50.29,398.2,False
2024-01-17T21:06:00,42.99,53.08,407.5,False
2024-01-17T21:06:30,41.23,49.24,496.9,False
2024-01-17T21:07:00,44.7,48.87,475.7,False
2024-01-17T21:07:30,38.34,44.41,375.0,False
2024-01-17T21:08:00,39.83,46.59,349.0,False
2024-01-17T21:08:30,34.89,45.22,355.8,False
2024-01-17T21:09:00,35.46,49.69,370.5,False
2024-01-17T21:09:30,47.37,55.68,453.5,False
2024-01-17T21:10:00,48.18,54.97,587.1,False
2024-01-17T21:10:30,42.16,52.5,371.1,False
2024-01-17T21:11:00,39.37,47.23,417.0,False
2024-01-17T21:11:30,40.9,46.38,422.0,False
2024-01-17T21:12:00,44.37,49.14,445.0,False
2024-01-17T21:12:30,40.17,44.98,343.8,False
2024-01-17T21:13:00,42.38,47.93,437.3,False
2024-01-17T21:13:30,41.58,48.75,439.9,False
2024-01-17T21:14:00,39.87,49.24,447.4,False
2024-01-17T21:14:30,39.96,49.22,439.0,False
2024-01-17T21:15:00,42.37,48.78,487.7,False
2024-01-17T21:15:30,38.52,49.37,326.3,False
2024-01-17T21:16:00,42.76,49.01,432.7,False
2024-01-17T21:16:30,39.95,48.97,519.7,False
2024-01-17T21:17:00,41.7,47.61,476.0,False
2024-01-17T21:17:30,45.43,53.87,405.3,False
2024-01-17T21:18:00,40.73,49.39,429.3,False
2024-01-17T21:18:30,43.95,52.31,409.7,False
2024-01-17T21:19:00,35.77,44.44,368.9,False
2024-01-17T21:19:30,39.69,49.18,497.5,False
2024-01-17T21:20:00,41.14,50.7,467.5,False
2024-01-17T21:20:30,46.78,48.29,413.5,False
2024-01-17T21:21:00,35.09,48.87,350.1,False
2024-01-17T21:21:30,40.64,46.81,425.1,False
2024-01-17T21:22:00,45.25,52.04,451.4,False
2024-01-17T21:22:30,38.48,51.81,420.4,False
2024-01-17T21:23:00,40.16,50.98,390.3,False
2024-01-17T21:23:30,41.75,46.89,419.3,False
2024-01-17T21:24:00,41.26,49.27,398.7,False
2024-01-17T21:24:30,45.36,54.15,448.2,False
2024-01-17T21:25:00,41.97,48.35,463.9,False
2024-01-17T21:25:30,44.56,50.56,468.4,False
2024-01-17T21:26:00,39.46,47.96,387.6,False
2024-01-17T21:26:30,38.27,49.28,451.5,False
2024-01-17T21:27:00,39.77,45.82,460.7,False
2024-01-17T21:27:30,36.93,48.73,395.4,False
2024-01-17T21:28:00,41.81,48.67,424.2,False
2024-01-17T21:28:30,39.16,48.57,483.8,False
2024-01-17T21:29:00,38.26,47.69,470.4,False
2024-01-17T21:29:30,41.73,51.08,373.2,False
2024-01-17T21:30:00,36.76,47.35,441.8,False
2024-01-17T21:30:30,42.46,53.13,508.6,False
2024-01-17T21:31:00,38.67,50.33,435.6,False
2024-01-17T21:31:30,43.54,49.2,429.6,False
2024-01-17T21:32:00,38.84,51.17,396.9,False
2024-01-17T21:32:30,41.87,50.6,503.4,False
2024-01-17T21:33:00,40.47,49.6,457.2,False
2024-01-17T21:33:30,42.12,51.78,458.8,False
2024-01-17T21:34:00,40.17,47.03,514.7,False
2024-01-17T21:34:30,34.81,43.68,338.2,False
2024-01-17T21:35:00,42.78,50.47,438.6,False
2024-01-17T21:35:30,39.45,47.55,423.2,False
2024-01-17T21:36:00,42.04,54.2,427.9,False
2024-01-17T21:36:30,41.7,48.36,360.0,False
2024-01-17T21:37:00,37.26,47.75,438.3,False
2024-01-17T21:37:30,36.8,47.82,364.3,False
2024-01-17T21:38:00,41.46,52.24,401.0,False
2024-01-17T21:38:30,38.55,46.33,394.0,False
2024-01-17T21:39:00,42.22,46.93,428.6,False
2024-01-17T21:39:30,38.83,51.25,405.8,False
2024-01-17T21:40:00,42.4,50.41,477.7,False
2024-01-17T21:40:30,40.55,50.94,471.2,False
2024-01-17T21:41:00,40.1,50.82,410.5,False
2024-01-17T21:41:30,38.08,50.15,380.7,False
2024-01-17T21:42:00,39.85,48.22,413.7,False
2024-01-17T21:42:30,42.69,49.1,405.8,False
2024-01-17T21:43:00,38.91,44.52,410.1,False
2024-01-17T21:43:30,40.62,47.38,387.1,False
2024-01-17T21:44:00,39.12,48.74,498.1,False
2024-01-17T21:44:30,39.31,47.31,419.6,False
2024-01-17T21:45:00,44.07,48.81,431.0,False
2024-01-17T21:45:30,42.46,50.39,467.9,False
2024-01-17T21:46:00,39.05,51.28,363.1,False
2024-01-17T21:46:30,39.41,48.66,386.8,False
2024-01-17T21:47:00,36.62,45.11,409.9,False
2024-01-17T21:47:30,38.16,50.7,410.7,False
2024-01-17T21:48:00,39.57,47.31,458.5,False
2024-01-17T21:48:30,41.15,52.61,320.0,False
2024-01-17T21:49:00,40.8,48.95,459.2,False
2024-01-17T21:49:30,35.19,46.87,359.7,False
2024-01-17T21:50:00,41.4,52.9,384.4,False
2024-01-17T21:50:30,38.16,45.46,336.4,False
2024-01-17T21:51:00,35.42,44.69,361.2,False
2024-01-17T21:51:30,42.35,49.6,502.4,False
2024-01-17T21:52:00,42.69,50.15,480.3,False
2024-01-17T21:52:30,39.05,53.89,477.8,False
2024-01-17T21:53:00,40.34,47.48,418.2,False
2024-01-17T21:53:30,40.48,46.72,428.1,False
2024-01-17T21:54:00,42.32,48.38,375.4,False
2024-01-17T21:54:30,40.27,49.69,359.0,False
2024-01-17T21:55:00,34.06,47.11,366.6,False
2024-01-17T21:55:30,44.03,49.7,397.2,False
2024-01-17T21:56:00,41.16,49.72,395.0,False
2024-01-17T21:56:30,36.39,51.18,392.9,False
2024-01-17T21:57:00,34.79,46.56,429.2,False
2024-01-17T21:57:30,39.35,49.42,415.2,False
2024-01-17T21:58:00,36.96,51.36,341.2,False
2024-01-17T21:58:30,38.74,47.08,337.0,False
2024-01-17T21:59:00,39.94,47.55,424.3,False
2024-01-17T21:59:30,35.97,46.15,362.6,False
2024-01-17T22:00:00,34.27,45.19,378.8,False
2024-01-17T22:00:30,38.74,44.84,401.7,False
2024-01-17T22:01:00,35.94,47.36,384.7,False
2024-01-17T22:01:30,37.94,48.51,451.5,False
2024-01-17T22:02:00,33.42,45.45,409.5,False
2024-01-17T22:02:30,36.66,47.94,408.0,False
2024-01-17T22:03:00,39.52,49.39,380.3,False
2024-01-17T22:03:30,39.15,46.06,391.1,False
2024-01-17T22:04:00,34.92,47.16,409.9,False
2024-01-17T22:04:30,33.74,47.11,422.0,False
2024-01-17T22:05:00,37.25,44.55,347.1,False
2024-01-17T22:05:30,38.84,51.47,471.9,False
2024-01-17T22:06:00,38.33,45.82,375.5,False
2024-01-17T22:06:30,35.54,44.62,411.1,False
2024-01-17T22:07:00,37.93,48.5,515.5,False
2024-01-17T22:07:30,41.5,50.95,368.4,False
2024-01-17T22:08:00,37.57,49.47,420.7,False
2024-01-17T22:08:30,32.01,46.26,343.5,False
2024-01-17T22:09:00,37.48,46.83,417.7,False
2024-01-17T22:09:30,42.96,50.83,418.9,False
2024-01-17T22:10:00,32.92,44.97,264.2,False
2024-01-17T22:10:30,36.83,47.9,364.5,False
2024-01-17T22:11:00,36.02,47.29,402.1,False
2024-01-17T22:11:30,36.95,46.61,449.6,False
2024-01-17T22:12:00,37.2,47.05,413.8,False
2024-01-17T22:12:30,40.0,45.44,478.9,False
2024-01-17T22:13:00,36.79,49.2,374.6,False
2024-01-17T22:13:30,40.33,49.91,399.6,False
2024-01-17T22:14:00,36.1,42.59,402.5,False
2024-01-17T22:14:30,35.36,48.42,367.9,False
2024-01-17T22:15:00,34.36,46.23,419.8,False
2024-01-17T22:15:30,30.88,42.72,290.8,False
2024-01-17T22:16:00,37.12,45.66,431.4,False
2024-01-17T22:16:30,42.41,48.98,487.6,False
2024-01-17T22:17:00,37.58,46.08,415.2,False
2024-01-17T22:17:30,38.22,46.68,442.3,False
2024-01-17T22:18:00,34.88,50.0,353.1,False
2024-01-17T22:18:30,35.35,47.58,349.5,False
2024-01-17T22:19:00,39.0,52.73,426.0,False
2024-01-17T22:19:30,42.03,50.63,407.3,False
2024-01-17T22:20:00,40.42,50.54,435.4,False
2024-01-17T22:20:30,38.33,46.57,418.7,False
2024-01-17T22:21:00,35.98,46.83,385.2,False
2024-01-17T22:21:30,36.47,47.24,403.0,False
2024-01-17T22:22:00,33.53,47.18,393.7,False
2024-01-17T22:22:30,31.41,44.78,347.3,False
2024-01-17T22:23:00,32.33,46.05,339.6,False
2024-01-17T22:23:30,35.82,47.72,419.5,False
2024-01-17T22:24:00,34.76,45.95,389.0,False
2024-01-17T22:24:30,31.18,43.96,367.5,False
2024-01-17T22:25:00,35.44,45.56,406.8,False
2024-01-17T22:25:30,34.55,48.63,382.4,False
2024-01-17T22:26:00,31.95,44.56,341.8,False
2024-01-17T22:26:30,34.32,47.0,349.9,False
2024-01-17T22:27:00,34.43,46.09,371.9,False
2024-01-17T22:27:30,33.5,48.06,387.3,False
2024-01-17T22:28:00,38.09,44.26,425.8,False
2024-01-17T22:28:30,29.56,44.58,342.2,False
2024-01-17T22:29:00,29.27,41.32,348.2,False
2024-01-17T22:29:30,35.2,47.57,337.4,False
2024-01-17T22:30:00,35.43,46.62,364.9,False
2024-01-17T22:30:30,36.32,44.4,417.4,False
2024-01-17T22:31:00,33.45,46.6,334.2,False
2024-01-17T22:31:30,32.27,45.79,363.8,False
2024-01-17T22:32:00,34.96,46.22,381.8,False
2024-01-17T22:32:30,33.62,45.81,364.4,False
2024-01-17T22:33:00,39.56,49.31,443.6,False
2024-01-17T22:33:30,33.89,48.51,380.2,False
2024-01-17T22:34:00,34.66,45.91,329.4,False
2024-01-17T22:34:30,42.21,52.34,458.3,False
2024-01-17T22:35:00,34.16,46.22,353.0,False
2024-01-17T22:35:30,36.37,49.99,336.4,False
2024-01-17T22:36:00,36.6,47.05,422.5,False
2024-01-17T22:36:30,36.82,46.29,347.1,False
2024-01-17T22:37:00,35.45,44.75,369.4,False
2024-01-17T22:37:30,35.13,46.72,392.8,False
2024-01-17T22:38:00,34.81,45.04,375.5,False
2024-01-17T22:38:30,32.74,48.4,336.9,False
2024-01-17T22:39:00,35.4,45.18,343.5,False
2024-01-17T22:39:30,40.47,48.08,393.4,False
2024-01-17T22:40:00,37.98,49.38,360.7,False
2024-01-17T22:40:30,35.22,49.21,376.7,False
2024-01-17T22:41:00,36.84,49.11,372.9,False
2024-01-17T22:41:30,31.62,47.16,297.8,False
2024-01-17T22:42:00,33.41,45.78,355.7,False
2024-01-17T22:42:30,36.99,47.6,370.2,False
2024-01-17T22:43:00,38.57,52.55,419.3,False
2024-01-17T22:43:30,31.76,48.5,368.6,False
2024-01-17T22:44:00,32.58,46.96,414.3,False
2024-01-17T22:44:30,40.54,51.72,450.2,False
2024-01-17T22:45:00,34.24,48.08,330.4,False
2024-01-17T22:45:30,39.38,46.52,328.2,False
2024-01-17T22:46:00,34.5,46.41,315.2,False
2024-01-17T22:46:30,34.57,49.53,356.5,False
2024-01-17T22:47:00,32.88,47.13,298.7,False
2024-01-17T22:47:30,36.59,47.42,368.0,False
2024-01-17T22:48:00,37.79,51.16,403.6,False
2024-01-17T22:48:30,30.58,45.28,322.1,False
2024-01-17T22:49:00,32.58,47.06,371.8,False
2024-01-17T22:49:30,36.35,48.18,366.4,False
2024-01-17T22:50:00,33.18,46.93,334.9,False
2024-01-17T22:50:30,32.05,46.51,424.7,False
2024-01-17T22:51:00,36.52,50.12,390.8,False
2024-01-17T22:51:30,36.76,50.5,398.6,False
2024-01-17T22:52:00,32.06,44.39,390.3,False
2024-01-17T22:52:30,34.01,46.98,407.2,False
2024-01-17T22:53:00,29.71,46.66,323.0,False
2024-01-17T22:53:30,30.61,44.31,386.7,False
2024-01-17T22:54:00,33.63,43.47,351.1,False
2024-01-17T22:54:30,33.31,44.11,407.1,False
2024-01-17T22:55:00,30.28,42.73,292.9,False
2024-01-17T22:55:30,30.99,43.85,335.7,False
2024-01-17T22:56:00,29.91,42.74,348.2,False
2024-01-17T22:56:30,34.43,48.55,389.9,False
2024-01-17T22:57:00,27.12,42.29,283.2,False
2024-01-17T22:57:30,29.95,46.78,273.7,False
2024-01-17T22:58:00,27.36,40.7,337.3,False
2024-01-17T22:58:30,34.17,45.66,365.1,False
2024-01-17T22:59:00,27.47,43.23,304.1,False
2024-01-17T22:59:30,32.93,47.37,429.6,False
2024-01-17T23:00:00,37.72,50.43,390.0,False
2024-01-17T23:00:30,37.78,47.1,381.6,False
2024-01-17T23:01:00,27.31,44.93,246.4,False
2024-01-17T23:01:30,33.58,42.72,325.3,False
2024-01-17T23:02:00,29.68,45.88,372.5,False
2024-01-17T23:02:30,29.03,41.13,303.2,False
2024-01-17T23:03:00,32.23,46.31,383.0,False
2024-01-17T23:03:30,36.22,49.67,338.1,False
2024-01-17T23:04:00,34.3,48.22,339.6,False
2024-01-17T23:04:30,30.32,41.18,306.7,False
2024-01-17T23:05:00,34.54,45.68,395.4,False
2024-01-17T23:05:30,25.66,43.56,296.8,False
2024-01-17T23:06:00,30.09,45.73,296.3,False
2024-01-17T23:06:30,29.84,44.78,367.3,False
2024-01-17T23:07:00,32.51,41.16,379.9,False
2024-01-17T23:07:30,31.63,47.52,366.7,False
2024-01-17T23:08:00,31.78,47.95,366.0,False
2024-01-17T23:08:30,31.64,45.46,319.0,False
2024-01-17T23:09:00,32.19,45.87,407.9,False
2024-01-17T23:09:30,33.71,47.18,365.6,False
2024-01-17T23:10:00,32.5,48.49,370.7,False
2024-01-17T23:10:30,31.16,45.4,364.6,False
2024-01-17T23:11:00,33.19,45.53,327.7,False
2024-01-17T23:11:30,34.42,47.3,451.2,False
2024-01-17T23:12:00,30.24,44.42,340.8,False
2024-01-17T23:12:30,31.69,45.17,354.9,False
2024-01-17T23:13:00,35.32,43.45,366.1,False
2024-01-17T23:13:30,28.49,44.62,373.9,False
2024-01-17T23:14:00,37.17,50.26,445.1,False
2024-01-17T23:14:30,27.71,45.22,328.0,False
2024-01-17T23:15:00,30.65,46.56,286.6,False
2024-01-17T23:15:30,28.8,43.63,323.8,False
2024-01-17T23:16:00,38.18,48.72,402.8,False
2024-01-17T23:16:30,30.07,46.75,322.5,False
2024-01-17T23:17:00,30.04,46.09,301.0,False
2024-01-17T23:17:30,30.4,47.51,281.0,False
2024-01-17T23:18:00,31.76,43.87,412.9,False
2024-01-17T23:18:30,30.45,43.21,373.3,False
2024-01-17T23:19:00,31.0,44.18,349.4,False
2024-01-17T23:19:30,20.78,37.85,240.2,False
2024-01-17T23:20:00,31.5,42.45,366.4,False
2024-01-17T23:20:30,31.35,45.96,358.9,False
2024-01-17T23:21:00,34.37,47.34,358.9,False
2024-01-17T23:21:30,35.15,47.42,396.8,False
2024-01-17T23:22:00,30.62,45.37,365.5,False
2024-01-17T23:22:30,33.6,43.23,396.3,False
2024-01-17T23:23:00,27.81,42.3,287.0,False
2024-01-17T23:23:30,33.38,45.46,384.3,False
2024-01-17T23:24:00,29.33,44.12,381.7,False
2024-01-17T23:24:30,27.45,40.17,331.5,False
2024-01-17T23:25:00,30.42,42.71,431.7,False
2024-01-17T23:25:30,35.14,46.06,373.9,False
2024-01-17T23:26:00,31.45,47.2,282.9,False
2024-01-17T23:26:30,35.36,47.57,348.9,False
2024-01-17T23:27:00,28.59,45.7,301.9,False
2024-01-17T23:27:30,50.85,54.55,829.1,False
2024-01-17T23:28:00,67.75,63.25,975.3,False
2024-01-17T23:28:30,84.66,72.7,1082.7,False
2024-01-17T23:29:00,84.39,71.22,1086.8,False
2024-01-17T23:29:30,84.58,70.42,1153.2,False
2024-01-17T23:30:00,83.91,68.35,1038.1,False
2024-01-17T23:30:30,86.38,71.37,1088.2,False
2024-01-17T23:31:00,83.38,72.74,1048.9,False
2024-01-17T23:31:30,84.26,74.03,1027.1,False
2024-01-17T23:32:00,84.77,70.22,997.1,False
2024-01-17T23:32:30,84.41,68.12,1127.1,False
2024-01-17T23:33:00,83.9,73.19,1040.6,False
2024-01-17T23:33:30,82.85,70.95,1052.8,False
2024-01-17T23:34:00,83.97,68.68,1089.0,False
2024-01-17T23:34:30,83.7,65.02,1022.0,False
2024-01-17T23:35:00,86.34,70.63,1057.3,False
2024-01-17T23:35:30,86.92,71.93,1094.5,False
2024-01-17T23:36:00,66.41,60.3,913.8,False
2024-01-17T23:36:30,51.28,56.42,759.2,False
2024-01-17T23:37:00,30.24,42.89,666.2,False
2024-01-17T23:37:30,21.12,39.33,250.4,True
2024-01-17T23:38:00,21.19,44.08,275.0,True
2024-01-17T23:38:30,24.37,41.16,297.2,True
2024-01-17T23:39:00,21.3,39.16,309.2,True
2024-01-17T23:39:30,20.23,38.68,276.0,True
2024-01-17T23:40:00,25.48,42.83,269.3,True
2024-01-17T23:40:30,25.57,42.62,351.1,True
2024-01-17T23:41:00,23.02,38.25,265.2,True
2024-01-17T23:41:30,24.58,40.22,264.1,True
2024-01-17T23:42:00,24.3,39.57,255.9,True
2024-01-17T23:42:30,31.58,43.98,258.9,False
2024-01-17T23:43:00,31.56,48.19,328.1,False
2024-01-17T23:43:30,21.89,40.94,291.0,False
2024-01-17T23:44:00,28.96,43.08,277.2,False
2024-01-17T23:44:30,31.2,46.85,417.9,False
2024-01-17T23:45:00,28.38,43.33,237.4,False
2024-01-17T23:45:30,29.69,40.33,306.2,False
2024-01-17T23:46:00,31.8,47.99,294.9,False
2024-01-17T23:46:30,29.76,43.33,374.8,False
2024-01-17T23:47:00,34.01,41.26,398.1,False
2024-01-17T23:47:30,32.83,41.99,352.0,False
2024-01-17T23:48:00,29.06,45.56,275.6,False
2024-01-17T23:48:30,28.79,40.0,282.4,False
2024-01-17T23:49:00,20.8,41.87,276.4,False
2024-01-17T23:49:30,28.34,43.11,299.7,False
2024-01-17T23:50:00,25.23,42.82,279.3,False
2024-01-17T23:50:30,29.92,43.22,336.4,False
2024-01-17T23:51:00,29.68,44.67,321.0,False
2024-01-17T23:51:30,31.28,45.05,280.2,False
2024-01-17T23:52:00,33.35,45.38,313.6,False
2024-01-17T23:52:30,29.05,41.18,280.1,False
2024-01-17T23:53:00,35.94,47.47,358.4,False
2024-01-17T23:53:30,29.76,40.03,341.7,False
2024-01-17T23:54:00,25.1,43.2,302.8,False
2024-01-17T23:54:30,27.31,42.84,366.0,False
2024-01-17T23:55:00,27.85,43.65,266.5,False
2024-01-17T23:55:30,30.71,38.92,358.0,False
2024-01-17T23:56:00,26.06,39.58,277.1,False
2024-01-17T23:56:30,27.98,41.78,402.9,False
2024-01-17T23:57:00,28.36,44.33,322.6,False
2024-01-17T23:57:30,27.47,40.65,297.3,False
2024-01-17T23:58:00,31.22,49.5,360.7,False
2024-01-17T23:58:30,30.67,43.61,353.3,False
2024-01-17T23:59:00,32.22,42.88,342.6,False
2024-01-17T23:59:30,27.7,42.28,345.3,False
2024-01-18T00:00:00,27.94,40.87,383.9,False
2024-01-18T00:00:30,20.21,36.54,298.4,False
2024-01-18T00:01:00,20.1,40.88,254.9,False
2024-01-18T00:01:30,20.6,40.14,335.8,False
2024-01-18T00:02:00,24.23,41.96,313.2,False
2024-01-18T00:02:30,27.78,45.26,278.4,False
2024-01-18T00:03:00,22.34,40.96,280.9,False
2024-01-18T00:03:30,22.68,38.02,272.8,False
2024-01-18T00:04:00,23.44,41.95,265.8,False
2024-01-18T00:04:30,25.77,39.45,318.8,False
2024-01-18T00:05:00,22.59,39.16,205.6,False
2024-01-18T00:05:30,22.39,39.93,343.3,False
2024-01-18T00:06:00,19.93,38.49,283.9,False
2024-01-18T00:06:30,22.22,36.35,204.1,False
2024-01-18T00:07:00,27.44,40.61,343.5,False
2024-01-18T00:07:30,24.15,40.86,310.9,False
2024-01-18T00:08:00,21.62,38.42,331.6,False
2024-01-18T00:08:30,27.52,44.85,389.1,False
2024-01-18T00:09:00,22.03,42.44,351.9,False
2024-01-18T00:09:30,28.01,40.6,313.0,False
2024-01-18T00:10:00,27.94,42.92,345.1,False
2024-01-18T00:10:30,23.86,43.94,271.7,False
2024-01-18T00:11:00,19.17,38.16,292.5,False
2024-01-18T00:11:30,30.51,43.28,257.6,False
2024-01-18T00:12:00,24.77,42.95,247.1,False
2024-01-18T00:12:30,22.61,39.6,263.5,False
2024-01-18T00:13:00,26.42,44.6,308.9,False
2024-01-18T00:13:30,25.63,40.47,311.6,False
2024-01-18T00:14:00,27.42,41.61,370.4,False
2024-01-18T00:14:30,21.48,41.17,245.8,False
2024-01-18T00:15:00,24.39,41.25,243.4,False
2024-01-18T00:15:30,19.85,38.99,243.3,False
2024-01-18T00:16:00,25.38,37.72,278.8,False
2024-01-18T00:16:30,23.28,39.79,308.4,False
2024-01-18T00:17:00,24.16,42.67,354.3,False
2024-01-18T00:17:30,22.85,38.72,340.2,False
2024-01-18T00:18:00,22.51,41.52,323.7,False
2024-01-18T00:18:30,20.63,39.71,242.3,False
2024-01-18T00:19:00,25.58,41.25,298.2,False
2024-01-18T00:19:30,27.65,45.4,338.2,False
2024-01-18T00:20:00,21.48,38.93,241.0,False
2024-01-18T00:20:30,24.78,40.72,271.2,False
2024-01-18T00:21:00,24.39,40.64,310.1,False
2024-01-18T00:21:30,23.09,40.58,230.1,False
2024-01-18T00:22:00,18.46,39.64,291.4,False
2024-01-18T00:22:30,19.11,35.48,236.8,False
2024-01-18T00:23:00,20.64,40.93,286.7,False
2024-01-18T00:23:30,16.54,37.28,240.6,False
2024-01-18T00:24:00,27.15,43.56,367.4,False
2024-01-18T00:24:30,24.0,45.67,206.9,False
2024-01-18T00:25:00,22.78,39.25,332.7,False
2024-01-18T00:25:30,16.28,34.57,279.7,False
2024-01-18T00:26:00,17.35,37.95,250.0,False
2024-01-18T00:26:30,22.78,40.98,303.1,False
2024-01-18T00:27:00,28.68,44.97,353.3,False
2024-01-18T00:27:30,20.64,38.13,229.1,False
2024-01-18T00:28:00,25.3,39.88,304.6,False
2024-01-18T00:28:30,21.24,36.45,305.6,False
2024-01-18T00:29:00,22.82,37.57,211.1,False
2024-01-18T00:29:30,26.27,41.2,329.0,False
2024-01-18T00:30:00,21.57,39.45,276.0,False
2024-01-18T00:30:30,20.51,43.28,289.2,False
2024-01-18T00:31:00,26.81,38.92,263.6,False
2024-01-18T00:31:30,22.66,40.9,251.5,False
2024-01-18T00:32:00,25.77,40.34,250.3,False
2024-01-18T00:32:30,20.42,39.56,207.1,False
2024-01-18T00:33:00,26.67,41.13,346.6,False
2024-01-18T00:33:30,23.24,42.6,262.4,False
2024-01-18T00:34:00,23.7,42.82,263.1,False
2024-01-18T00:34:30,22.76,40.07,325.7,False
2024-01-18T00:35:00,20.83,42.2,252.9,False
2024-01-18T00:35:30,22.31,41.59,317.0,False
2024-01-18T00:36:00,20.96,42.18,225.7,False
2024-01-18T00:36:30,25.14,41.4,287.3,False
2024-01-18T00:37:00,21.63,41.64,236.8,False
2024-01-18T00:37:30,17.72,36.25,263.7,False
2024-01-18T00:38:00,17.15,35.76,228.9,False
2024-01-18T00:38:30,16.98,41.77,265.1,False
2024-01-18T00:39:00,23.99,38.75,298.1,False
2024-01-18T00:39:30,18.66,37.38,171.4,False
2024-01-18T00:40:00,22.99,36.63,273.3,False
2024-01-18T00:40:30,22.47,38.47,218.4,False
2024-01-18T00:41:00,21.84,37.86,288.6,False
2024-01-18T00:41:30,23.33,39.26,308.8,False
2024-01-18T00:42:00,22.46,40.76,306.1,False
2024-01-18T00:42:30,13.83,36.93,205.8,False
2024-01-18T00:43:00,20.97,37.41,202.5,False
2024-01-18T00:43:30,23.19,38.95,293.9,False
2024-01-18T00:44:00,26.81,44.51,330.8,False
2024-01-18T00:44:30,26.93,45.81,308.1,False
2024-01-18T00:45:00,17.75,40.33,245.4,False
2024-01-18T00:45:30,20.77,36.03,190.6,False
2024-01-18T00:46:00,17.1,39.87,239.4,False
2024-01-18T00:46:30,26.33,45.82,306.3,False
2024-01-18T00:47:00,24.78,37.95,249.8,False
2024-01-18T00:47:30,22.77,42.5,303.3,False
2024-01-18T00:48:00,22.2,40.5,257.8,False
2024-01-18T00:48:30,25.82,41.21,315.7,False
2024-01-18T00:49:00,25.28,41.81,321.8,False
2024-01-18T00:49:30,25.1,42.39,314.0,False
2024-01-18T00:50:00,22.97,42.76,230.2,False
2024-01-18T00:50:30,20.53,41.44,248.9,False
2024-01-18T00:51:00,23.86,37.88,376.0,False
2024-01-18T00:51:30,23.98,39.65,347.7,False
2024-01-18T00:52:00,20.94,39.62,300.9,False
2024-01-18T00:52:30,20.43,42.33,274.4,False
2024-01-18T00:53:00,24.86,35.94,259.4,False
2024-01-18T00:53:30,26.43,40.96,305.0,False
2024-01-18T00:54:00,19.17,35.5,236.5,False
2024-01-18T00:54:30,20.61,36.53,261.5,False
2024-01-18T00:55:00,22.43,42.16,221.5,False
2024-01-18T00:55:30,22.81,39.31,320.7,False
2024-01-18T00:56:00,19.76,34.19,150.6,False
2024-01-18T00:56:30,26.96,42.14,349.9,False
2024-01-18T00:57:00,22.55,44.32,315.4,False
2024-01-18T00:57:30,22.85,36.79,375.9,False
2024-01-18T00:58:00,26.52,43.3,302.1,False
2024-01-18T00:58:30,19.87,42.05,238.2,False
2024-01-18T00:59:00,20.93,39.35,272.2,False
2024-01-18T00:59:30,17.41,41.55,261.7,False
2024-01-18T01:00:00,20.63,37.98,261.5,False
2024-01-18T01:00:30,16.66,40.21,186.0,False
2024-01-18T01:01:00,23.35,43.09,309.1,False
2024-01-18T01:01:30,22.35,40.1,278.7,False
2024-01-18T01:02:00,20.23,36.13,221.5,False
2024-01-18T01:02:30,20.74,37.36,200.9,False
2024-01-18T01:03:00,23.31,35.96,385.2,False
2024-01-18T01:03:30,17.59,38.98,274.0,False
2024-01-18T01:04:00,21.59,40.74,295.1,False
2024-01-18T01:04:30,23.06,40.69,279.8,False
2024-01-18T01:05:00,15.59,36.55,252.3,False
2024-01-18T01:05:30,22.97,43.2,241.7,False
2024-01-18T01:06:00,15.87,37.54,235.0,False
2024-01-18T01:06:30,20.52,38.16,273.9,False
2024-01-18T01:07:00,17.36,37.98,197.8,False
2024-01-18T01:07:30,25.13,45.67,296.8,False
2024-01-18T01:08:00,17.34,38.93,222.2,False
2024-01-18T01:08:30,15.84,36.15,196.2,False
2024-01-18T01:09:00,21.17,39.51,247.8,False
2024-01-18T01:09:30,19.51,39.7,187.8,False
2024-01-18T01:10:00,16.22,36.28,272.2,False
2024-01-18T01:10:30,22.29,39.14,340.8,False
2024-01-18T01:11:00,14.72,36.36,180.7,False
2024-01-18T01:11:30,17.56,40.84,284.9,False
2024-01-18T01:12:00,18.93,40.07,250.1,False
2024-01-18T01:12:30,23.04,39.72,283.9,False
2024-01-18T01:13:00,24.5,43.01,244.2,False
2024-01-18T01:13:30,23.9,40.99,268.9,False
2024-01-18T01:14:00,20.11,39.77,282.2,False
2024-01-18T01:14:30,13.27,36.17,167.2,False
2024-01-18T01:15:00,21.71,35.66,244.0,False
2024-01-18T01:15:30,24.93,35.4,279.1,False
2024-01-18T01:16:00,24.2,41.59,157.3,False
2024-01-18T01:16:30,21.86,38.26,288.1,False
2024-01-18T01:17:00,16.89,34.2,260.6,False
2024-01-18T01:17:30,18.86,36.83,265.5,False
2024-01-18T01:18:00,26.22,44.0,347.5,False
2024-01-18T01:18:30,16.15,37.83,211.4,False
2024-01-18T01:19:00,16.94,39.06,308.0,False
2024-01-18T01:19:30,23.19,41.55,251.7,False
2024-01-18T01:20:00,19.05,36.73,243.4,False
2024-01-18T01:20:30,16.78,38.99,221.3,False
2024-01-18T01:21:00,24.89,42.67,306.6,False
2024-01-18T01:21:30,21.67,39.65,263.8,False
2024-01-18T01:22:00,19.13,38.73,248.9,False
2024-01-18T01:22:30,16.82,39.05,207.4,False
2024-01-18T01:23:00,26.38,40.75,293.5,False
2024-01-18T01:23:30,20.14,41.31,171.8,False
2024-01-18T01:24:00,24.39,42.39,327.2,False
2024-01-18T01:24:30,22.86,40.5,242.0,False
2024-01-18T01:25:00,18.6,41.43,229.2,False
2024-01-18T01:25:30,18.61,35.78,206.5,False
2024-01-18T01:26:00,24.47,40.38,318.5,False
2024-01-18T01:26:30,24.5,39.95,274.3,False
2024-01-18T01:27:00,14.46,37.02,118.0,False
2024-01-18T01:27:30,21.73,42.3,285.0,False
2024-01-18T01:28:00,19.7,36.95,227.7,False
2024-01-18T01:28:30,16.94,44.16,234.6,False
2024-01-18T01:29:00,20.81,38.15,299.8,False
2024-01-18T01:29:30,15.96,37.78,188.2,False
2024-01-18T01:30:00,18.59,38.38,246.7,False
2024-01-18T01:30:30,17.58,37.96,209.8,False
2024-01-18T01:31:00,18.46,36.73,287.2,False
2024-01-18T01:31:30,19.73,41.08,261.0,False
2024-01-18T01:32:00,16.88,35.82,234.1,False
2024-01-18T01:32:30,24.63,37.86,247.4,False
2024-01-18T01:33:00,21.37,37.53,301.0,False
2024-01-18T01:33:30,25.26,44.61,337.2,False
2024-01-18T01:34:00,19.38,41.28,224.4,False
2024-01-18T01:34:30,18.2,34.18,251.8,False
2024-01-18T01:35:00,25.11,43.27,324.4,False
2024-01-18T01:35:30,18.08,34.17,333.4,False
2024-01-18T01:36:00,19.26,38.67,269.8,False
2024-01-18T01:36:30,21.94,37.65,275.5,False
2024-01-18T01:37:00,16.06,38.91,222.2,False
2024-01-18T01:37:30,21.89,41.15,271.2,False
2024-01-18T01:38:00,21.49,41.8,302.6,False
2024-01-18T01:38:30,23.53,40.28,253.0,False
2024-01-18T01:39:00,22.38,39.91,316.3,False
2024-01-18T01:39:30,23.59,37.9,227.1,False
2024-01-18T01:40:00,19.35,36.72,281.4,False
2024-01-18T01:40:30,17.07,39.54,274.4,False
2024-01-18T01:41:00,25.98,42.83,340.1,False
2024-01-18T01:41:30,15.05,36.85,231.2,False
2024-01-18T01:42:00,15.34,39.31,238.5,False
2024-01-18T01:42:30,21.3,37.16,254.4,False
2024-01-18T01:43:00,24.46,42.79,250.7,False
2024-01-18T01:43:30,20.14,36.83,271.1,False
2024-01-18T01:44:00,22.56,43.35,283.2,False
2024-01-18T01:44:30,13.56,36.99,245.4,False
2024-01-18T01:45:00,18.03,40.07,238.6,False
2024-01-18T01:45:30,13.9,34.67,217.5,False
2024-01-18T01:46:00,21.85,44.41,286.3,False
2024-01-18T01:46:30,14.85,40.55,241.7,False
2024-01-18T01:47:00,15.64,37.81,263.1,False
2024-01-18T01:47:30,21.01,41.98,229.9,False
2024-01-18T01:48:00,22.64,39.84,309.2,False
2024-01-18T01:48:30,18.96,36.08,244.5,False
2024-01-18T01:49:00,21.13,41.29,294.8,False
2024-01-18T01:49:30,21.02,37.81,327.3,False
2024-01-18T01:50:00,18.75,41.13,165.7,False
2024-01-18T01:50:30,16.1,39.28,277.4,False
2024-01-18T01:51:00,21.07,40.14,263.8,False
2024-01-18T01:51:30,21.2,40.1,235.4,False
2024-01-18T01:52:00,22.03,42.14,258.7,False
2024-01-18T01:52:30,20.27,39.83,220.9,False
2024-01-18T01:53:00,15.81,36.24,246.8,False
2024-01-18T01:53:30,21.38,36.81,229.6,False
2024-01-18T01:54:00,19.29,40.71,302.5,False
2024-01-18T01:54:30,17.83,38.8,270.3,False
2024-01-18T01:55:00,18.39,43.86,256.2,False
2024-01-18T01:55:30,17.19,37.56,156.1,False
2024-01-18T01:56:00,21.91,40.72,222.4,False
2024-01-18T01:56:30,14.98,37.3,216.6,False
2024-01-18T01:57:00,16.24,38.58,228.9,False
2024-01-18T01:57:30,18.22,36.34,283.4,False
2024-01-18T01:58:00,24.04,41.03,175.8,False
2024-01-18T01:58:30,22.35,41.99,248.4,False
2024-01-18T01:59:00,14.25,35.62,247.5,False
2024-01-18T01:59:30,23.22,42.35,272.3,False
2024-01-18T02:00:00,23.2,40.96,266.9,False
2024-01-18T02:00:30,15.62,37.78,160.5,False
2024-01-18T02:01:00,11.57,37.26,234.9,False
2024-01-18T02:01:30,18.9,38.17,231.8,False
2024-01-18T02:02:00,22.48,37.51,323.6,False
2024-01-18T02:02:30,23.87,40.58,349.6,False
2024-01-18T02:03:00,16.47,35.76,284.5,False
2024-01-18T02:03:30,24.33,37.09,293.4,False
2024-01-18T02:04:00,12.38,35.16,179.7,False
2024-01-18T02:04:30,17.95,38.55,221.5,False
2024-01-18T02:05:00,17.79,40.12,321.1,False
2024-01-18T02:05:30,22.49,38.15,271.5,False
2024-01-18T02:06:00,22.92,40.82,325.5,False
2024-01-18T02:06:30,21.88,42.38,294.3,False
2024-01-18T02:07:00,14.95,35.51,203.2,False
2024-01-18T02:07:30,21.58,41.05,262.5,False
2024-01-18T02:08:00,20.51,42.64,311.4,False
2024-01-18T02:08:30,13.96,32.45,212.9,False
2024-01-18T02:09:00,12.76,36.12,184.0,False
2024-01-18T02:09:30,22.07,42.56,244.3,False
2024-01-18T02:10:00,18.4,37.7,260.0,False
2024-01-18T02:10:30,15.08,39.51,200.0,False
2024-01-18T02:11:00,18.3,39.62,270.2,False
2024-01-18T02:11:30,20.01,42.74,361.8,False
2024-01-18T02:12:00,18.66,39.7,270.0,False
2024-01-18T02:12:30,14.24,40.03,286.1,False
2024-01-18T02:13:00,24.55,42.08,267.8,False
2024-01-18T02:13:30,21.89,37.42,302.5,False
2024-01-18T02:14:00,17.87,36.88,293.2,False
2024-01-18T02:14:30,17.98,40.24,299.0,False
2024-01-18T02:15:00,19.93,41.18,310.6,False
2024-01-18T02:15:30,15.46,36.32,224.3,False
2024-01-18T02:16:00,19.81,42.73,294.0,False
2024-01-18T02:16:30,14.84,35.93,178.0,False
2024-01-18T02:17:00,18.61,39.45,313.2,False
2024-01-18T02:17:30,15.31,37.74,184.4,False
2024-01-18T02:18:00,15.45,34.29,273.8,False
2024-01-18T02:18:30,23.74,40.87,331.6,False
2024-01-18T02:19:00,18.97,43.47,293.2,False
2024-01-18T02:19:30,19.4,37.08,337.9,False
2024-01-18T02:20:00,12.74,36.85,244.0,False
2024-01-18T02:20:30,16.98,35.41,182.7,False
2024-01-18T02:21:00,20.14,37.44,284.7,False
2024-01-18T02:21:30,19.34,36.07,179.1,False
2024-01-18T02:22:00,12.28,37.26,194.6,False
2024-01-18T02:22:30,19.36,37.17,238.0,False
2024-01-18T02:23:00,19.83,41.69,284.2,False
2024-01-18T02:23:30,22.58,39.46,247.7,False
2024-01-18T02:24:00,16.75,37.87,202.3,False
2024-01-18T02:24:30,11.98,36.06,215.9,False
2024-01-18T02:25:00,15.71,33.86,272.7,False
2024-01-18T02:25:30,15.41,37.35,223.4,False
2024-01-18T02:26:00,20.9,40.4,360.1,False
2024-01-18T02:26:30,10.53,36.79,170.5,False
2024-01-18T02:27:00,17.33,36.0,265.9,False
2024-01-18T02:27:30,22.95,39.09,297.2,False
2024-01-18T02:28:00,18.69,39.91,235.8,False
2024-01-18T02:28:30,21.35,42.75,323.2,False
2024-01-18T02:29:00,13.73,34.93,174.2,False
2024-01-18T02:29:30,13.84,33.71,127.7,False
2024-01-18T02:30:00,22.95,40.1,278.6,False
2024-01-18T02:30:30,18.94,36.7,241.2,False
2024-01-18T02:31:00,18.94,39.53,294.0,False
2024-01-18T02:31:30,15.27,34.74,172.2,False
2024-01-18T02:32:00,18.92,40.67,272.3,False
2024-01-18T02:32:30,15.18,37.28,237.5,False
2024-01-18T02:33:00,22.17,42.36,290.3,False
2024-01-18T02:33:30,26.79,37.81,356.1,False
2024-01-18T02:34:00,20.05,35.78,259.5,False
2024-01-18T02:34:30,16.69,40.2,235.6,False
2024-01-18T02:35:00,10.99,33.33,205.9,False
2024-01-18T02:35:30,13.53,33.11,204.2,False
2024-01-18T02:36:00,23.25,40.49,231.8,False
2024-01-18T02:36:30,15.49,37.51,207.5,False
2024-01-18T02:37:00,17.46,37.69,229.3,False
2024-01-18T02:37:30,20.53,40.48,241.8,False
2024-01-18T02:38:00,23.01,41.45,271.4,False
2024-01-18T02:38:30,17.96,38.82,250.9,False
2024-01-18T02:39:00,17.34,40.65,227.8,False
2024-01-18T02:39:30,18.77,38.64,284.3,False
2024-01-18T02:40:00,16.66,37.53,268.1,False
2024-01-18T02:40:30,16.82,39.31,139.4,False
2024-01-18T02:41:00,19.78,40.28,200.9,False
2024-01-18T02:41:30,19.09,37.03,156.5,False
2024-01-18T02:42:00,24.93,41.57,288.5,False
2024-01-18T02:42:30,19.85,40.09,245.3,False
2024-01-18T02:43:00,21.98,39.11,281.9,False
2024-01-18T02:43:30,15.31,35.87,256.2,False
2024-01-18T02:44:00,20.1,36.56,259.1,False
2024-01-18T02:44:30,16.35,31.71,206.7,False
2024-01-18T02:45:00,19.7,38.4,257.4,False
2024-01-18T02:45:30,20.58,39.85,244.9,False
2024-01-18T02:46:00,18.66,36.44,190.2,False
2024-01-18T02:46:30,25.73,44.93,344.1,False
2024-01-18T02:47:00,22.79,38.61,299.3,False
2024-01-18T02:47:30,22.03,42.15,334.2,False
2024-01-18T02:48:00,20.79,40.54,216.8,False
2024-01-18T02:48:30,23.79,45.56,225.7,False
2024-01-18T02:49:00,14.18,37.49,176.0,False
2024-01-18T02:49:30,22.6,37.72,296.8,False
2024-01-18T02:50:00,15.52,39.18,258.5,False
2024-01-18T02:50:30,16.8,41.11,245.8,False
2024-01-18T02:51:00,20.17,35.86,267.1,False
2024-01-18T02:51:30,22.18,41.69,311.7,False
2024-01-18T02:52:00,15.02,38.55,201.8,False
2024-01-18T02:52:30,16.94,37.37,277.8,False
2024-01-18T02:53:00,18.77,33.87,329.6,False
2024-01-18T02:53:30,17.92,37.7,200.9,False
2024-01-18T02:54:00,21.04,38.69,258.2,False
2024-01-18T02:54:30,28.78,46.78,274.7,False
2024-01-18T02:55:00,19.73,39.02,219.3,False
2024-01-18T02:55:30,16.27,36.64,245.9,False
2024-01-18T02:56:00,14.58,35.45,149.3,False
2024-01-18T02:56:30,17.5,38.74,208.8,False
2024-01-18T02:57:00,15.65,37.28,267.4,False
2024-01-18T02:57:30,19.87,37.7,267.9,False
2024-01-18T02:58:00,19.83,39.78,289.3,False
2024-01-18T02:58:30,17.08,36.77,184.9,False
2024-01-18T02:59:00,24.43,36.37,298.1,False
2024-01-18T02:59:30,16.26,38.81,305.6,False
2024-01-18T03:00:00,18.11,39.55,218.4,False
2024-01-18T03:00:30,20.39,39.94,243.6,False
2024-01-18T03:01:00,21.15,39.04,292.4,False
2024-01-18T03:01:30,22.3,40.36,242.4,False
2024-01-18T03:02:00,19.76,40.87,286.7,False
2024-01-18T03:02:30,21.62,38.9,201.1,False
2024-01-18T03:03:00,16.48,39.31,134.8,False
2024-01-18T03:03:30,21.23,37.02,282.4,False
2024-01-18T03:04:00,21.19,40.29,230.3,False
2024-01-18T03:04:30,23.01,40.92,261.5,False
2024-01-18T03:05:00,13.47,38.1,242.8,False
2024-01-18T03:05:30,15.76,35.4,251.0,False
2024-01-18T03:06:00,20.95,38.22,218.5,False
2024-01-18T03:06:30,10.53,31.84,205.0,False
2024-01-18T03:07:00,19.96,38.21,247.6,False
2024-01-18T03:07:30,21.66,40.71,290.0,False
2024-01-18T03:08:00,16.75,34.15,233.2,False
2024-01-18T03:08:30,17.19,37.08,177.4,False
2024-01-18T03:09:00,15.26,38.23,193.6,False
2024-01-18T03:09:30,16.92,37.63,138.9,False
2024-01-18T03:10:00,17.01,38.03,243.5,False
2024-01-18T03:10:30,16.44,34.59,247.4,False
2024-01-18T03:11:00,16.28,37.32,202.1,False
2024-01-18T03:11:30,17.68,38.28,236.8,False
2024-01-18T03:12:00,17.65,37.88,202.2,False
2024-01-18T03:12:30,24.12,41.75,343.2,False
2024-01-18T03:13:00,17.32,37.43,187.1,False
2024-01-18T03:13:30,19.54,38.24,243.9,False
2024-01-18T03:14:00,16.78,35.7,182.3,False
2024-01-18T03:14:30,16.74,39.71,243.3,False
2024-01-18T03:15:00,13.4,33.64,248.7,False
2024-01-18T03:15:30,13.8,36.61,127.4,False
2024-01-18T03:16:00,14.9,40.47,245.4,False
2024-01-18T03:16:30,19.07,41.14,317.9,False
2024-01-18T03:17:00,21.75,41.29,279.2,False
2024-01-18T03:17:30,13.17,36.48,178.4,False
2024-01-18T03:18:00,16.89,37.59,233.6,False
2024-01-18T03:18:30,14.44,34.82,193.7,False
2024-01-18T03:19:00,17.75,37.77,320.5,False
2024-01-18T03:19:30,21.77,41.44,307.6,False
2024-01-18T03:20:00,17.21,38.79,273.7,False
2024-01-18T03:20:30,18.41,40.19,333.5,False
2024-01-18T03:21:00,22.92,43.31,337.1,False
2024-01-18T03:21:30,19.93,39.06,254.6,False
2024-01-18T03:22:00,16.28,37.94,231.3,False
2024-01-18T03:22:30,19.04,35.14,346.7,False
2024-01-18T03:23:00,16.09,41.97,199.1,False
2024-01-18T03:23:30,19.84,38.51,251.8,False
2024-01-18T03:24:00,20.13,40.79,220.5,False
2024-01-18T03:24:30,14.48,35.83,143.1,False
2024-01-18T03:25:00,19.12,38.1,217.7,False
2024-01-18T03:25:30,18.24,38.07,211.5,False
2024-01-18T03:26:00,20.23,37.05,236.9,False
2024-01-18T03:26:30,21.1,35.02,293.3,False
2024-01-18T03:27:00,20.04,41.77,259.9,False
2024-01-18T03:27:30,17.71,39.37,282.1,False
2024-01-18T03:28:00,21.42,38.31,277.4,False
2024-01-18T03:28:30,16.01,38.34,235.2,False
2024-01-18T03:29:00,14.67,38.42,205.7,False
2024-01-18T03:29:30,9.05,32.57,250.3,False
2024-01-18T03:30:00,18.43,39.48,230.5,False
2024-01-18T03:30:30,16.18,39.54,266.1,False
2024-01-18T03:31:00,19.85,36.49,211.5,False
2024-01-18T03:31:30,12.75,36.88,192.2,False
2024-01-18T03:32:00,16.72,38.53,314.1,False
2024-01-18T03:32:30,20.08,43.25,288.1,False
2024-01-18T03:33:00,15.59,38.35,168.7,False
2024-01-18T03:33:30,19.91,38.58,218.0,False
2024-01-18T03:34:00,17.02,37.37,300.2,False
2024-01-18T03:34:30,18.6,42.8,252.3,False
2024-01-18T03:35:00,20.49,38.99,252.9,False
2024-01-18T03:35:30,21.57,41.41,241.4,False
2024-01-18T03:36:00,18.99,38.48,239.3,False
2024-01-18T03:36:30,16.28,39.76,286.8,False
2024-01-18T03:37:00,17.36,40.4,210.9,False
2024-01-18T03:37:30,20.65,39.74,241.1,False
2024-01-18T03:38:00,15.68,36.49,249.4,False
2024-01-18T03:38:30,18.22,37.71,204.2,False
2024-01-18T03:39:00,17.6,34.81,203.4,False
2024-01-18T03:39:30,18.46,38.9,247.9,False
2024-01-18T03:40:00,15.75,37.5,227.2,False
2024-01-18T03:40:30,13.23,34.45,173.4,False
2024-01-18T03:41:00,20.35,35.98,281.7,False
2024-01-18T03:41:30,21.69,40.73,282.3,False
2024-01-18T03:42:00,13.43,36.85,128.5,False
2024-01-18T03:42:30,19.92,40.22,290.6,False
2024-01-18T03:43:00,22.07,38.53,253.8,False
2024-01-18T03:43:30,20.62,40.58,297.2,False
2024-01-18T03:44:00,17.59,37.92,323.9,False
2024-01-18T03:44:30,16.02,39.22,225.4,False
2024-01-18T03:45:00,19.1,37.08,227.0,False
2024-01-18T03:45:30,19.61,41.59,312.0,False
2024-01-18T03:46:00,19.16,42.08,219.7,False
2024-01-18T03:46:30,18.34,38.89,322.4,False
2024-01-18T03:47:00,15.64,38.12,206.6,False
2024-01-18T03:47:30,20.17,41.14,236.3,False
2024-01-18T03:48:00,20.32,37.6,357.2,False
2024-01-18T03:48:30,19.52,38.28,270.7,False
2024-01-18T03:49:00,19.26,39.49,319.0,False
2024-01-18T03:49:30,23.97,45.54,290.7,False
2024-01-18T03:50:00,17.07,35.64,232.7,False
2024-01-18T03:50:30,22.8,44.17,165.4,False
2024-01-18T03:51:00,16.76,37.49,274.6,False
2024-01-18T03:51:30,22.3,40.58,293.8,False
2024-01-18T03:52:00,22.68,43.28,277.0,False
2024-01-18T03:52:30,18.11,42.6,268.6,False
2024-01-18T03:53:00,23.99,42.34,293.4,False
2024-01-18T03:53:30,20.42,42.05,225.6,False
2024-01-18T03:54:00,16.39,35.86,245.6,False
2024-01-18T03:54:30,17.91,37.41,235.7,False
2024-01-18T03:55:00,22.44,38.03,309.2,False
2024-01-18T03:55:30,21.82,39.39,263.4,False
2024-01-18T03:56:00,15.89,38.59,208.4,False
2024-01-18T03:56:30,18.66,39.27,227.5,False
2024-01-18T03:57:00,19.7,42.82,222.2,False
2024-01-18T03:57:30,17.57,42.42,219.7,False
2024-01-18T03:58:00,26.18,42.34,326.7,False
2024-01-18T03:58:30,19.82,38.07,228.6,False
2024-01-18T03:59:00,18.94,41.32,204.5,False
2024-01-18T03:59:30,22.71,43.41,313.3,False
2024-01-18T04:00:00,18.06,39.44,238.9,False
2024-01-18T04:00:30,22.19,42.03,308.2,False
2024-01-18T04:01:00,14.17,37.71,204.6,False
2024-01-18T04:01:30,17.83,36.47,219.7,False
2024-01-18T04:02:00,22.35,38.27,209.0,False
2024-01-18T04:02:30,23.92,41.39,246.2,False
2024-01-18T04:03:00,16.9,37.59,200.3,False
2024-01-18T04:03:30,16.56,38.37,243.8,False
2024-01-18T04:04:00,20.95,39.75,263.2,False
2024-01-18T04:04:30,17.39,34.83,198.1,False
2024-01-18T04:05:00,18.46,34.55,136.5,False
2024-01-18T04:05:30,21.91,41.97,293.8,False
2024-01-18T04:06:00,17.66,37.05,276.4,False
2024-01-18T04:06:30,13.41,35.79,245.9,False
2024-01-18T04:07:00,15.42,36.14,184.7,False
2024-01-18T04:07:30,19.36,37.4,296.0,False
2024-01-18T04:08:00,13.75,34.55,232.7,False
2024-01-18T04:08:30,18.47,40.83,270.2,False
2024-01-18T04:09:00,15.19,36.67,197.2,False
2024-01-18T04:09:30,24.3,42.98,289.1,False
2024-01-18T04:10:00,25.89,44.04,380.4,False
2024-01-18T04:10:30,16.24,38.31,297.0,False
2024-01-18T04:11:00,20.19,41.26,259.6,False
2024-01-18T04:11:30,16.56,37.87,240.1,False
2024-01-18T04:12:00,18.52,41.55,160.4,False
2024-01-18T04:12:30,24.87,43.65,347.1,False
2024-01-18T04:13:00,18.08,40.52,274.4,False
2024-01-18T04:13:30,18.63,37.01,262.9,False
2024-01-18T04:14:00,16.68,38.43,209.3,False
2024-01-18T04:14:30,22.96,37.38,286.3,False
2024-01-18T04:15:00,9.74,37.25,236.6,False
2024-01-18T04:15:30,18.22,37.44,260.2,False
2024-01-18T04:16:00,19.42,38.32,360.7,False
2024-01-18T04:16:30,17.59,35.64,273.2,False
2024-01-18T04:17:00,22.18,40.6,240.7,False
2024-01-18T04:17:30,23.21,40.65,269.2,False
2024-01-18T04:18:00,15.38,40.92,194.7,False
2024-01-18T04:18:30,25.91,44.26,341.6,False
2024-01-18T04:19:00,15.38,36.24,269.2,False
2024-01-18T04:19:30,23.53,38.02,356.9,False
2024-01-18T04:20:00,20.13,35.08,247.7,False
2024-01-18T04:20:30,18.18,36.63,264.2,False
2024-01-18T04:21:00,18.48,36.17,299.0,False
2024-01-18T04:21:30,19.62,40.1,319.0,False
2024-01-18T04:22:00,20.36,39.48,213.7,False
2024-01-18T04:22:30,16.99,38.13,260.7,False
2024-01-18T04:23:00,19.07,37.23,204.8,False
2024-01-18T04:23:30,17.47,38.64,215.7,False
2024-01-18T04:24:00,16.15,34.84,177.0,False
2024-01-18T04:24:30,17.36,38.11,214.1,False
2024-01-18T04:25:00,16.38,39.45,173.1,False
2024-01-18T04:25:30,18.59,38.17,201.4,False
2024-01-18T04:26:00,21.16,41.07,233.1,False
2024-01-18T04:26:30,20.24,35.77,274.1,False
2024-01-18T04:27:00,25.82,38.4,307.9,False
2024-01-18T04:27:30,13.28,36.9,140.5,False
2024-01-18T04:28:00,21.34,42.37,380.3,False
2024-01-18T04:28:30,19.96,39.12,240.2,False
2024-01-18T04:29:00,22.41,45.11,226.1,False
2024-01-18T04:29:30,22.13,37.79,300.3,False
2024-01-18T04:30:00,19.5,38.01,255.8,False
2024-01-18T04:30:30,20.53,40.16,231.7,False
2024-01-18T04:31:00,17.79,39.45,258.0,False
2024-01-18T04:31:30,21.89,39.4,248.2,False
2024-01-18T04:32:00,14.42,34.72,203.6,False
2024-01-18T04:32:30,22.41,42.07,337.9,False
2024-01-18T04:33:00,20.03,39.91,265.1,False
2024-01-18T04:33:30,18.65,38.26,273.8,False
2024-01-18T04:34:00,19.43,40.34,234.6,False
2024-01-18T04:34:30,19.67,39.19,263.5,False
2024-01-18T04:35:00,24.06,41.38,261.6,False
2024-01-18T04:35:30,29.88,44.22,306.5,False
2024-01-18T04:36:00,23.86,39.92,274.4,False
2024-01-18T04:36:30,18.52,37.05,220.4,False
2024-01-18T04:37:00,22.13,39.65,318.5,False
2024-01-18T04:37:30,22.27,40.84,301.4,False
2024-01-18T04:38:00,17.5,34.65,148.3,False
2024-01-18T04:38:30,16.51,39.79,301.0,False
2024-01-18T04:39:00,20.12,39.74,286.6,False
2024-01-18T04:39:30,22.75,38.89,327.8,False
2024-01-18T04:40:00,15.51,40.63,217.2,False
2024-01-18T04:40:30,18.2,38.83,185.8,False
2024-01-18T04:41:00,22.1,38.03,223.8,False
2024-01-18T04:41:30,20.53,43.06,332.5,False
2024-01-18T04:42:00,24.67,44.7,232.3,False
2024-01-18T04:42:30,16.2,35.94,171.8,False
2024-01-18T04:43:00,27.51,42.77,302.8,False
2024-01-18T04:43:30,15.86,36.67,171.5,False
2024-01-18T04:44:00,14.41,33.08,236.6,False
2024-01-18T04:44:30,20.34,40.48,287.1,False
2024-01-18T04:45:00,17.13,39.92,253.6,False
2024-01-18T04:45:30,20.44,41.2,238.9,False
2024-01-18T04:46:00,20.35,39.91,274.4,False
2024-01-18T04:46:30,20.0,41.55,331.4,False
2024-01-18T04:47:00,18.08,36.44,187.3,False
2024-01-18T04:47:30,21.93,44.27,320.1,False
2024-01-18T04:48:00,19.7,37.98,289.9,False
2024-01-18T04:48:30,23.98,40.34,287.6,False
2024-01-18T04:49:00,20.15,38.6,267.9,False
2024-01-18T04:49:30,17.82,37.29,256.8,False
2024-01-18T04:50:00,15.67,37.13,186.3,False
2024-01-18T04:50:30,20.23,39.33,196.6,False
2024-01-18T04:51:00,16.96,38.42,272.0,False
2024-01-18T04:51:30,16.74,36.41,184.1,False
2024-01-18T04:52:00,22.39,41.21,235.4,False
2024-01-18T04:52:30,15.5,35.25,203.4,False
2024-01-18T04:53:00,25.09,43.7,312.1,False
2024-01-18T04:53:30,21.35,41.8,250.9,False
2024-01-18T04:54:00,20.76,40.06,237.1,False
2024-01-18T04:54:30,17.81,37.3,280.6,False
2024-01-18T04:55:00,23.23,41.93,272.5,False
2024-01-18T04:55:30,20.95,38.39,235.7,False
2024-01-18T04:56:00,18.92,39.22,267.1,False
2024-01-18T04:56:30,21.6,40.19,275.1,False
2024-01-18T04:57:00,15.97,42.94,228.9,False
2024-01-18T04:57:30,16.14,35.31,246.8,False
2024-01-18T04:58:00,17.7,33.22,236.1,False
2024-01-18T04:58:30,22.13,39.49,310.9,False
2024-01-18T04:59:00,21.1,36.82,211.6,False
2024-01-18T04:59:30,24.28,40.39,343.9,False
2024-01-18T05:00:00,18.39,36.31,210.6,False
2024-01-18T05:00:30,22.9,39.35,217.7,False
2024-01-18T05:01:00,20.85,38.01,235.3,False
2024-01-18T05:01:30,18.39,40.83,233.1,False
2024-01-18T05:02:00,22.39,40.81,249.8,False
2024-01-18T05:02:30,21.06,42.4,229.9,False
2024-01-18T05:03:00,19.4,39.49,295.6,False
2024-01-18T05:03:30,21.43,42.29,236.6,False
2024-01-18T05:04:00,20.94,39.58,177.2,False
2024-01-18T05:04:30,20.89,43.35,253.1,False
2024-01-18T05:05:00,20.14,40.73,342.9,False
2024-01-18T05:05:30,17.48,36.9,197.3,False
2024-01-18T05:06:00,21.64,41.78,237.2,False
2024-01-18T05:06:30,19.03,39.3,236.1,False
2024-01-18T05:07:00,18.4,38.52,309.0,False
2024-01-18T05:07:30,20.76,40.3,251.7,False
2024-01-18T05:08:00,23.71,43.09,248.8,False
2024-01-18T05:08:30,22.09,36.54,291.2,False
2024-01-18T05:09:00,19.96,39.01,271.3,False
2024-01-18T05:09:30,19.87,41.03,278.4,False
2024-01-18T05:10:00,23.51,41.99,245.6,False
2024-01-18T05:10:30,14.44,34.7,192.9,False
2024-01-18T05:11:00,24.04,37.03,337.4,False
2024-01-18T05:11:30,16.05,41.17,244.8,False
2024-01-18T05:12:00,17.45,38.09,272.0,False
2024-01-18T05:12:30,20.18,42.86,259.3,False
2024-01-18T05:13:00,28.26,45.46,368.3,False
2024-01-18T05:13:30,26.8,41.56,326.1,False
2024-01-18T05:14:00,23.91,36.7,270.4,False
2024-01-18T05:14:30,22.89,40.27,312.9,False
2024-01-18T05:15:00,16.25,37.8,195.0,False
2024-01-18T05:15:30,22.34,41.82,340.4,False
2024-01-18T05:16:00,20.24,37.65,302.3,False
2024-01-18T05:16:30,19.46,39.84,244.0,False
2024-01-18T05:17:00,22.4,41.32,271.8,False
2024-01-18T05:17:30,20.55,42.01,269.7,False
2024-01-18T05:18:00,24.6,41.45,289.9,False
2024-01-18T05:18:30,16.21,38.75,282.4,False
2024-01-18T05:19:00,22.26,41.47,256.6,False
2024-01-18T05:19:30,19.43,41.23,195.3,False
2024-01-18T05:20:00,20.86,38.56,256.5,False
2024-01-18T05:20:30,23.03,35.14,314.3,False
2024-01-18T05:21:00,18.79,38.69,290.9,False
2024-01-18T05:21:30,22.66,40.64,285.8,False
2024-01-18T05:22:00,21.55,38.23,247.1,False
2024-01-18T05:22:30,20.23,36.87,260.1,False
2024-01-18T05:23:00,20.83,39.04,240.4,False
2024-01-18T05:23:30,21.8,40.45,182.2,False
2024-01-18T05:24:00,19.99,39.96,225.8,False
2024-01-18T05:24:30,22.34,36.38,299.1,False
2024-01-18T05:25:00,21.51,37.03,261.2,False
2024-01-18T05:25:30,20.53,42.31,251.9,False
2024-01-18T05:26:00,27.16,42.99,361.6,False
2024-01-18T05:26:30,23.67,41.61,250.8,False
2024-01-18T05:27:00,21.3,37.77,235.7,False
2024-01-18T05:27:30,22.91,41.24,296.5,False
2024-01-18T05:28:00,19.42,38.75,226.9,False
2024-01-18T05:28:30,21.21,39.16,241.0,False
2024-01-18T05:29:00,21.59,37.67,334.7,False
2024-01-18T05:29:30,18.84,37.48,207.8,False
2024-01-18T05:30:00,23.77,45.62,260.8,False
2024-01-18T05:30:30,21.11,39.66,286.5,False
2024-01-18T05:31:00,21.59,42.17,270.8,False
2024-01-18T05:31:30,20.98,39.9,212.9,False
2024-01-18T05:32:00,31.59,44.97,424.1,False
2024-01-18T05:32:30,20.75,38.91,234.2,False
2024-01-18T05:33:00,16.56,40.78,222.6,False
2024-01-18T05:33:30,17.99,39.55,261.4,False
2024-01-18T05:34:00,25.1,40.78,387.3,False
2024-01-18T05:34:30,26.86,42.45,298.5,False
2024-01-18T05:35:00,20.83,42.38,229.8,False
2024-01-18T05:35:30,26.74,37.51,333.8,False
2024-01-18T05:36:00,25.15,43.01,384.7,False
2024-01-18T05:36:30,22.39,42.09,284.5,False
2024-01-18T05:37:00,22.2,39.42,266.2,False
2024-01-18T05:37:30,23.55,41.91,304.1,False
2024-01-18T05:38:00,25.67,43.66,222.4,False
2024-01-18T05:38:30,24.26,39.49,269.5,False
2024-01-18T05:39:00,21.06,42.04,195.5,False
2024-01-18T05:39:30,22.6,41.72,266.4,False
2024-01-18T05:40:00,29.09,44.07,312.2,False
2024-01-18T05:40:30,23.93,42.0,186.0,False
2024-01-18T05:41:00,25.81,44.15,313.7,False
2024-01-18T05:41:30,24.85,46.89,323.6,False
2024-01-18T05:42:00,24.08,43.09,284.9,False
2024-01-18T05:42:30,23.62,43.26,227.8,False
2024-01-18T05:43:00,26.01,43.23,358.7,False
2024-01-18T05:43:30,25.5,46.39,379.9,False
2024-01-18T05:44:00,24.17,38.99,309.4,False
2024-01-18T05:44:30,21.32,37.03,256.4,False
2024-01-18T05:45:00,24.59,42.44,283.1,False
2024-01-18T05:45:30,23.26,42.79,303.4,False
2024-01-18T05:46:00,22.57,35.98,284.1,False
2024-01-18T05:46:30,31.56,45.62,369.9,False
2024-01-18T05:47:00,18.93,38.95,269.5,False
2024-01-18T05:47:30,26.45,44.57,282.1,False
2024-01-18T05:48:00,21.02,41.22,235.2,False
2024-01-18T05:48:30,24.03,38.25,281.0,False
2024-01-18T05:49:00,31.37,43.38,369.7,False
2024-01-18T05:49:30,20.81,38.65,204.1,False
2024-01-18T05:50:00,21.55,42.11,263.3,False
2024-01-18T05:50:30,23.7,42.46,288.2,False
2024-01-18T05:51:00,21.24,39.24,250.5,False
2024-01-18T05:51:30,26.47,43.38,367.8,False
2024-01-18T05:52:00,22.24,38.87,327.2,False
2024-01-18T05:52:30,25.84,46.88,323.3,False
2024-01-18T05:53:00,19.92,40.97,330.1,False
2024-01-18T05:53:30,18.51,40.7,283.2,False
2024-01-18T05:54:00,23.28,44.26,291.6,False
2024-01-18T05:54:30,19.29,41.55,235.2,False
2024-01-18T05:55:00,28.58,44.22,312.8,False
2024-01-18T05:55:30,19.46,39.24,270.9,False
2024-01-18T05:56:00,20.97,42.94,252.9,False
2024-01-18T05:56:30,25.36,42.61,242.2,False
2024-01-18T05:57:00,22.39,39.57,263.9,False
2024-01-18T05:57:30,19.62,43.62,298.1,False
2024-01-18T05:58:00,30.33,43.17,239.6,False
2024-01-18T05:58:30,21.23,37.03,326.0,False
2024-01-18T05:59:00,23.68,43.71,312.4,False
2024-01-18T05:59:30,23.67,40.26,280.0,False
2024-01-18T06:00:00,26.46,43.99,323.2,False
2024-01-18T06:00:30,25.75,46.4,344.4,False
2024-01-18T06:01:00,21.91,38.1,276.6,False
2024-01-18T06:01:30,23.44,41.53,325.5,False
2024-01-18T06:02:00,23.77,44.75,324.2,False
2024-01-18T06:02:30,26.73,44.62,320.9,False
2024-01-18T06:03:00,21.01,40.04,223.7,False
2024-01-18T06:03:30,30.6,49.98,340.9,False
2024-01-18T06:04:00,22.3,40.86,196.7,False
2024-01-18T06:04:30,24.58,42.99,314.5,False
2024-01-18T06:05:00,21.16,43.78,252.5,False
2024-01-18T06:05:30,20.78,42.25,241.6,False
2024-01-18T06:06:00,22.08,43.59,302.9,False
2024-01-18T06:06:30,21.82,39.02,223.8,False
2024-01-18T06:07:00,23.52,44.13,292.7,False
2024-01-18T06:07:30,21.86,41.18,261.3,False
2024-01-18T06:08:00,26.92,41.88,308.1,False
2024-01-18T06:08:30,22.51,41.61,291.5,False
2024-01-18T06:09:00,22.21,41.4,350.6,False
2024-01-18T06:09:30,23.75,45.53,305.9,False
2024-01-18T06:10:00,27.94,44.65,377.8,False
2024-01-18T06:10:30,44.15,50.43,809.0,False
2024-01-18T06:11:00,62.66,59.23,932.1,False
2024-01-18T06:11:30,81.18,70.42,975.7,False
2024-01-18T06:12:00,81.13,67.79,1039.4,False
2024-01-18T06:12:30,79.77,68.38,994.6,False
2024-01-18T06:13:00,81.91,70.39,1169.9,False
2024-01-18T06:13:30,80.2,69.18,1001.4,False
2024-01-18T06:14:00,80.63,71.7,985.1,False
2024-01-18T06:14:30,80.55,68.73,933.6,False
2024-01-18T06:15:00,80.68,65.33,1004.0,False
2024-01-18T06:15:30,80.82,66.97,1051.5,False
2024-01-18T06:16:00,79.86,69.83,1082.4,False
2024-01-18T06:16:30,80.47,69.0,1001.0,False
2024-01-18T06:17:00,82.2,68.56,1104.4,False
2024-01-18T06:17:30,81.14,74.43,1046.6,False
2024-01-18T06:18:00,81.3,72.25,1031.0,False
2024-01-18T06:18:30,78.94,69.3,1038.5,False
2024-01-18T06:19:00,62.21,61.52,954.4,False
2024-01-18T06:19:30,45.31,52.07,764.5,False
2024-01-18T06:20:00,24.57,39.72,552.2,False
2024-01-18T06:20:30,24.43,43.48,312.4,True
2024-01-18T06:21:00,21.52,41.67,288.5,True
2024-01-18T06:21:30,21.2,35.86,262.0,True
2024-01-18T06:22:00,20.9,40.12,308.1,True
2024-01-18T06:22:30,24.8,42.29,206.9,True
2024-01-18T06:23:00,17.21,37.18,252.0,True
2024-01-18T06:23:30,25.09,45.96,332.1,True
2024-01-18T06:24:00,20.26,43.32,204.1,True
2024-01-18T06:24:30,17.36,37.14,179.6,True
2024-01-18T06:25:00,18.96,38.25,291.6,True
2024-01-18T06:25:30,21.03,39.06,315.3,False
2024-01-18T06:26:00,27.98,41.99,378.2,False
2024-01-18T06:26:30,22.94,38.85,255.8,False
2024-01-18T06:27:00,26.6,43.54,320.8,False
2024-01-18T06:27:30,29.53,47.91,349.5,False
2024-01-18T06:28:00,24.14,44.4,224.8,False
2024-01-18T06:28:30,25.39,43.5,309.4,False
2024-01-18T06:29:00,22.32,35.58,284.1,False
2024-01-18T06:29:30,25.1,38.05,330.6,False
2024-01-18T06:30:00,34.02,48.37,349.3,False
2024-01-18T06:30:30,28.66,46.81,379.3,False
2024-01-18T06:31:00,25.57,43.13,307.8,False
2024-01-18T06:31:30,24.56,40.91,364.9,False
2024-01-18T06:32:00,26.31,45.1,340.3,False
2024-01-18T06:32:30,26.86,44.18,326.0,False
2024-01-18T06:33:00,25.25,44.14,254.7,False
2024-01-18T06:33:30,28.13,39.6,272.2,False
2024-01-18T06:34:00,23.71,41.79,353.7,False
2024-01-18T06:34:30,23.73,44.66,325.0,False
2024-01-18T06:35:00,27.76,44.18,310.6,False
2024-01-18T06:35:30,23.17,42.73,268.7,False
2024-01-18T06:36:00,28.9,43.78,340.1,False
2024-01-18T06:36:30,26.71,42.82,259.9,False
2024-01-18T06:37:00,21.3,42.71,251.7,False
2024-01-18T06:37:30,27.15,41.49,341.7,False
2024-01-18T06:38:00,21.8,38.62,304.3,False
2024-01-18T06:38:30,28.97,42.79,317.1,False
2024-01-18T06:39:00,26.18,42.4,373.5,False
2024-01-18T06:39:30,32.52,42.3,401.9,False
2024-01-18T06:40:00,30.21,45.83,311.0,False
2024-01-18T06:40:30,23.85,40.86,239.8,False
2024-01-18T06:41:00,21.01,41.48,291.9,False
2024-01-18T06:41:30,24.84,37.45,280.7,False
2024-01-18T06:42:00,23.48,42.73,262.2,False
2024-01-18T06:42:30,32.66,48.27,370.2,False
2024-01-18T06:43:00,27.18,43.74,346.2,False
2024-01-18T06:43:30,30.05,44.36,372.1,False
2024-01-18T06:44:00,26.43,44.22,313.7,False
2024-01-18T06:44:30,26.78,45.21,222.5,False
2024-01-18T06:45:00,27.26,43.96,356.3,False
2024-01-18T06:45:30,30.72,45.83,313.5,False
2024-01-18T06:46:00,28.37,46.78,339.3,False
2024-01-18T06:46:30,24.3,42.95,289.5,False
2024-01-18T06:47:00,32.37,43.87,448.7,False
2024-01-18T06:47:30,26.66,45.15,395.6,False
2024-01-18T06:48:00,26.21,42.15,291.3,False
2024-01-18T06:48:30,19.13,38.92,199.2,False
2024-01-18T06:49:00,29.55,44.28,285.8,False
2024-01-18T06:49:30,27.99,45.23,334.8,False
2024-01-18T06:50:00,28.02,46.8,302.6,False
2024-01-18T06:50:30,26.55,42.62,268.0,False
2024-01-18T06:51:00,26.07,45.8,287.6,False
2024-01-18T06:51:30,26.73,42.99,331.9,False
2024-01-18T06:52:00,29.26,46.74,331.0,False
2024-01-18T06:52:30,29.83,44.61,319.3,False
2024-01-18T06:53:00,27.25,41.95,303.8,False
2024-01-18T06:53:30,30.83,48.56,340.2,False
2024-01-18T06:54:00,27.78,42.02,331.2,False
2024-01-18T06:54:30,26.55,41.27,323.6,False
2024-01-18T06:55:00,28.69,41.14,263.6,False
2024-01-18T06:55:30,24.05,43.87,299.1,False
2024-01-18T06:56:00,28.87,46.75,316.5,False
2024-01-18T06:56:30,23.58,41.85,248.1,False
2024-01-18T06:57:00,25.16,39.93,286.4,False
2024-01-18T06:57:30,22.23,40.42,324.1,False
2024-01-18T06:58:00,27.79,42.61,354.7,False
2024-01-18T06:58:30,33.19,43.85,369.4,False
2024-01-18T06:59:00,28.04,42.37,288.5,False
2024-01-18T06:59:30,30.36,45.52,288.5,False
2024-01-18T07:00:00,35.53,45.88,346.6,False
2024-01-18T07:00:30,29.72,44.77,338.3,False
2024-01-18T07:01:00,26.25,38.9,311.3,False
2024-01-18T07:01:30,26.7,46.04,287.6,False
2024-01-18T07:02:00,28.62,42.86,364.1,False
2024-01-18T07:02:30,26.76,44.45,329.5,False
2024-01-18T07:03:00,27.02,43.22,210.1,False
2024-01-18T07:03:30,31.69,45.99,357.9,False
2024-01-18T07:04:00,31.85,43.0,385.0,False
2024-01-18T07:04:30,23.87,39.75,299.1,False
2024-01-18T07:05:00,26.4,41.06,334.4,False
2024-01-18T07:05:30,27.5,43.14,309.4,False
2024-01-18T07:06:00,30.73,47.36,343.2,False
2024-01-18T07:06:30,32.4,46.41,357.4,False
2024-01-18T07:07:00,37.11,46.1,404.2,False
2024-01-18T07:07:30,27.65,43.34,298.0,False
2024-01-18T07:08:00,27.83,43.1,366.4,False
2024-01-18T07:08:30,30.89,44.09,404.0,False
2024-01-18T07:09:00,27.11,42.88,295.7,False
2024-01-18T07:09:30,28.77,45.27,283.4,False
2024-01-18T07:10:00,27.99,41.91,270.1,False
2024-01-18T07:10:30,21.41,39.37,287.5,False
2024-01-18T07:11:00,29.68,46.16,361.0,False
2024-01-18T07:11:30,28.81,44.7,346.8,False
2024-01-18T07:12:00,33.2,48.52,385.4,False
2024-01-18T07:12:30,29.45,46.96,312.8,False
2024-01-18T07:13:00,25.7,39.5,226.0,False
2024-01-18T07:13:30,28.73,44.31,310.0,False
2024-01-18T07:14:00,23.27,39.99,352.3,False
2024-01-18T07:14:30,25.95,39.95,318.2,False
2024-01-18T07:15:00,31.53,43.56,369.2,False
2024-01-18T07:15:30,28.92,43.23,367.6,False
2024-01-18T07:16:00,32.47,45.02,326.2,False
2024-01-18T07:16:30,23.84,40.08,299.7,False
2024-01-18T07:17:00,29.05,43.88,352.9,False
2024-01-18T07:17:30,28.39,48.47,289.9,False
2024-01-18T07:18:00,32.73,42.29,376.4,False
2024-01-18T07:18:30,31.92,47.61,407.2,False
2024-01-18T07:19:00,31.87,45.28,338.9,False
2024-01-18T07:19:30,34.6,45.81,307.9,False
2024-01-18T07:20:00,28.91,39.81,338.2,False
2024-01-18T07:20:30,34.06,47.94,346.2,False
2024-01-18T07:21:00,26.97,39.99,323.0,False
2024-01-18T07:21:30,26.89,44.49,281.5,False
2024-01-18T07:22:00,32.44,49.09,361.9,False
2024-01-18T07:22:30,25.7,39.68,354.7,False
2024-01-18T07:23:00,31.97,47.72,354.7,False
2024-01-18T07:23:30,30.6,44.75,278.8,False
2024-01-18T07:24:00,33.55,41.98,383.4,False
2024-01-18T07:24:30,30.2,42.09,342.4,False
2024-01-18T07:25:00,30.58,45.05,353.2,False
2024-01-18T07:25:30,31.98,46.2,394.8,False
2024-01-18T07:26:00,28.51,40.5,307.1,False
2024-01-18T07:26:30,28.42,43.68,315.8,False
2024-01-18T07:27:00,32.0,47.05,314.8,False
2024-01-18T07:27:30,30.53,46.67,352.0,False
2024-01-18T07:28:00,29.43,43.3,342.2,False
2024-01-18T07:28:30,30.45,45.51,333.2,False
2024-01-18T07:29:00,35.52,49.32,414.0,False
2024-01-18T07:29:30,29.45,45.84,294.1,False
2024-01-18T07:30:00,29.4,45.9,340.3,False
2024-01-18T07:30:30,25.74,42.51,329.9,False
2024-01-18T07:31:00,30.77,44.61,324.5,False
2024-01-18T07:31:30,32.91,46.42,308.3,False
2024-01-18T07:32:00,33.49,44.64,300.1,False
2024-01-18T07:32:30,31.34,47.32,357.0,False
2024-01-18T07:33:00,33.93,43.33,439.2,False
2024-01-18T07:33:30,33.29,45.06,342.0,False
2024-01-18T07:34:00,34.48,46.59,393.9,False
2024-01-18T07:34:30,34.13,47.43,276.1,False
2024-01-18T07:35:00,35.93,48.71,402.4,False
2024-01-18T07:35:30,30.75,47.79,302.5,False
2024-01-18T07:36:00,27.32,43.25,302.8,False
2024-01-18T07:36:30,33.34,44.67,369.8,False
2024-01-18T07:37:00,33.73,46.01,303.4,False
2024-01-18T07:37:30,36.14,46.87,514.9,False
2024-01-18T07:38:00,35.31,48.13,358.3,False
2024-01-18T07:38:30,37.34,45.98,423.0,False
2024-01-18T07:39:00,33.41,45.79,427.0,False
2024-01-18T07:39:30,32.28,48.83,369.9,False
2024-01-18T07:40:00,27.48,43.54,270.7,False
2024-01-18T07:40:30,32.6,43.64,364.9,False
2024-01-18T07:41:00,30.06,43.8,266.9,False
2024-01-18T07:41:30,32.39,41.18,345.9,False
2024-01-18T07:42:00,31.96,45.31,422.7,False
2024-01-18T07:42:30,33.25,49.37,309.6,False
2024-01-18T07:43:00,31.59,42.87,319.7,False
2024-01-18T07:43:30,34.72,43.9,451.9,False
2024-01-18T07:44:00,23.79,40.05,283.4,False
2024-01-18T07:44:30,32.57,47.59,324.8,False
2024-01-18T07:45:00,35.65,50.69,400.8,False
2024-01-18T07:45:30,37.69,49.2,382.8,False
2024-01-18T07:46:00,34.32,44.05,265.9,False
2024-01-18T07:46:30,37.22,48.03,343.3,False
2024-01-18T07:47:00,32.71,49.4,444.0,False
2024-01-18T07:47:30,32.26,44.97,371.2,False
2024-01-18T07:48:00,33.88,46.69,429.6,False
2024-01-18T07:48:30,32.32,46.11,317.4,False
2024-01-18T07:49:00,30.03,41.39,338.0,False
2024-01-18T07:49:30,30.87,46.9,340.2,False
2024-01-18T07:50:00,29.12,45.74,311.1,False
2024-01-18T07:50:30,34.08,42.53,381.1,False
2024-01-18T07:51:00,32.57,43.1,316.0,False
2024-01-18T07:51:30,31.5,43.29,400.4,False
2024-01-18T07:52:00,30.92,46.44,366.1,False
2024-01-18T07:52:30,34.18,45.07,366.5,False
2024-01-18T07:53:00,35.05,47.81,385.7,False
2024-01-18T07:53:30,29.36,43.8,322.8,False
2024-01-18T07:54:00,28.93,44.09,262.5,False
2024-01-18T07:54:30,35.7,48.33,345.9,False
2024-01-18T07:55:00,28.75,44.41,322.8,False
2024-01-18T07:55:30,34.56,46.73,362.4,False
2024-01-18T07:56:00,37.81,49.05,428.4,False
2024-01-18T07:56:30,37.86,48.86,425.3,False
2024-01-18T07:57:00,35.26,46.7,359.7,False
2024-01-18T07:57:30,35.21,46.24,343.4,False
2024-01-18T07:58:00,39.88,53.2,449.2,False
2024-01-18T07:58:30,26.17,41.7,316.9,False
2024-01-18T07:59:00,31.82,48.14,329.7,False
2024-01-18T07:59:30,35.8,46.03,340.7,False
2024-01-18T08:00:00,32.28,47.27,331.2,False
2024-01-18T08:00:30,37.06,51.6,412.1,False
2024-01-18T08:01:00,33.26,45.46,433.6,False
2024-01-18T08:01:30,33.82,45.08,362.1,False
2024-01-18T08:02:00,32.64,44.97,327.8,False
2024-01-18T08:02:30,31.94,45.44,441.8,False
2024-01-18T08:03:00,31.91,46.11,340.4,False
2024-01-18T08:03:30,34.4,46.64,343.5,False
2024-01-18T08:04:00,31.31,44.33,334.2,False
2024-01-18T08:04:30,36.53,51.69,374.0,False
2024-01-18T08:05:00,35.68,46.96,436.2,False
2024-01-18T08:05:30,37.06,46.81,329.5,False
2024-01-18T08:06:00,30.42,46.39,367.1,False
2024-01-18T08:06:30,28.75,45.59,329.5,False
2024-01-18T08:07:00,33.87,49.29,348.7,False
2024-01-18T08:07:30,42.63,54.7,427.6,False
2024-01-18T08:08:00,37.77,49.11,392.1,False
2024-01-18T08:08:30,32.35,45.13,362.3,False
2024-01-18T08:09:00,35.33,43.39,364.6,False
2024-01-18T08:09:30,36.28,45.8,387.6,False
2024-01-18T08:10:00,30.04,44.97,309.2,False
2024-01-18T08:10:30,38.29,46.32,493.6,False
2024-01-18T08:11:00,33.73,43.23,410.2,False
2024-01-18T08:11:30,34.0,46.67,391.5,False
2024-01-18T08:12:00,34.38,48.29,357.3,False
2024-01-18T08:12:30,37.79,47.94,435.2,False
2024-01-18T08:13:00,32.13,47.4,369.0,False
2024-01-18T08:13:30,29.32,45.44,339.3,False
2024-01-18T08:14:00,35.45,49.57,362.3,False
2024-01-18T08:14:30,28.4,48.09,338.1,False
2024-01-18T08:15:00,33.67,51.61,436.7,False
2024-01-18T08:15:30,38.17,50.1,408.6,False
2024-01-18T08:16:00,36.39,46.83,380.6,False
2024-01-18T08:16:30,37.82,48.59,406.6,False
2024-01-18T08:17:00,36.6,51.0,394.6,False
2024-01-18T08:17:30,42.01,48.78,414.2,False
2024-01-18T08:18:00,33.06,48.98,334.8,False
2024-01-18T08:18:30,36.06,47.25,420.2,False
2024-01-18T08:19:00,33.6,46.81,417.0,False
2024-01-18T08:19:30,37.83,46.86,493.2,False
2024-01-18T08:20:00,34.81,44.32,396.8,False
2024-01-18T08:20:30,40.2,49.11,426.2,False
2024-01-18T08:21:00,33.49,48.92,404.0,False
2024-01-18T08:21:30,39.35,47.84,378.5,False
2024-01-18T08:22:00,36.95,51.27,421.3,False
2024-01-18T08:22:30,35.12,45.98,422.5,False
2024-01-18T08:23:00,36.88,45.88,436.0,False
2024-01-18T08:23:30,36.08,48.12,455.4,False
2024-01-18T08:24:00,36.41,49.14,367.3,False
2024-01-18T08:24:30,34.76,47.34,358.4,False
2024-01-18T08:25:00,33.32,46.54,358.0,False
2024-01-18T08:25:30,34.47,50.02,331.1,False
2024-01-18T08:26:00,30.47,45.01,365.3,False
2024-01-18T08:26:30,38.08,47.69,431.7,False
2024-01-18T08:27:00,31.9,43.27,377.6,False
2024-01-18T08:27:30,34.99,49.63,385.9,False
2024-01-18T08:28:00,37.63,47.55,441.3,False
2024-01-18T08:28:30,38.25,48.06,429.0,False
2024-01-18T08:29:00,30.45,46.92,319.5,False
2024-01-18T08:29:30,35.54,51.47,266.3,False
2024-01-18T08:30:00,37.24,48.72,384.7,False
2024-01-18T08:30:30,36.06,47.35,390.0,False
2024-01-18T08:31:00,39.98,49.58,421.7,False
2024-01-18T08:31:30,33.52,45.45,361.0,False
2024-01-18T08:32:00,29.89,43.83,317.6,False
2024-01-18T08:32:30,38.51,48.16,374.2,False
2024-01-18T08:33:00,34.51,48.68,334.8,False
2024-01-18T08:33:30,30.89,44.87,364.5,False
2024-01-18T08:34:00,35.73,50.19,429.4,False
2024-01-18T08:34:30,39.94,49.35,369.5,False
2024-01-18T08:35:00,32.5,45.13,357.6,False
2024-01-18T08:35:30,43.35,53.84,478.3,False
2024-01-18T08:36:00,33.87,46.59,363.4,False
2024-01-18T08:36:30,36.68,47.7,422.1,False
2024-01-18T08:37:00,32.81,46.09,405.6,False
2024-01-18T08:37:30,36.64,50.87,408.9,False
2024-01-18T08:38:00,36.15,48.31,369.4,False
2024-01-18T08:38:30,32.13,48.18,409.6,False
2024-01-18T08:39:00,45.12,51.71,450.2,False
2024-01-18T08:39:30,35.2,49.4,370.9,False
2024-01-18T08:40:00,35.24,47.72,402.6,False
2024-01-18T08:40:30,39.68,51.23,405.4,False
2024-01-18T08:41:00,42.26,52.69,429.1,False
2024-01-18T08:41:30,40.24,47.86,407.0,False
2024-01-18T08:42:00,33.3,46.42,359.2,False
2024-01-18T08:42:30,37.59,50.34,408.6,False
2024-01-18T08:43:00,31.34,47.54,271.9,False
2024-01-18T08:43:30,39.74,52.01,414.0,False
2024-01-18T08:44:00,32.17,45.93,286.8,False
2024-01-18T08:44:30,34.71,50.07,361.4,False
2024-01-18T08:45:00,37.15,46.9,410.8,False
2024-01-18T08:45:30,38.54,45.92,395.2,False
2024-01-18T08:46:00,36.47,47.32,419.9,False
2024-01-18T08:46:30,41.85,52.96,448.7,False
2024-01-18T08:47:00,39.51,47.23,329.8,False
2024-01-18T08:47:30,39.31,46.36,462.4,False
2024-01-18T08:48:00,33.74,43.08,379.9,False
2024-01-18T08:48:30,42.57,52.41,417.8,False
2024-01-18T08:49:00,35.1,44.31,362.0,False
2024-01-18T08:49:30,42.77,52.14,358.8,False
2024-01-18T08:50:00,43.67,50.83,458.0,False
2024-01-18T08:50:30,39.18,47.71,439.5,False
2024-01-18T08:51:00,40.78,48.05,399.1,False
2024-01-18T08:51:30,28.48,44.31,291.6,False
2024-01-18T08:52:00,37.19,46.75,403.1,False
2024-01-18T08:52:30,41.12,50.21,476.8,False
2024-01-18T08:53:00,40.63,50.78,468.7,False
2024-01-18T08:53:30,34.24,48.01,407.1,False
2024-01-18T08:54:00,37.07,50.07,477.3,False
2024-01-18T08:54:30,30.38,45.19,380.0,False
2024-01-18T08:55:00,39.27,47.21,460.5,False
2024-01-18T08:55:30,32.43,46.82,362.9,False
2024-01-18T08:56:00,41.51,51.74,418.2,False
2024-01-18T08:56:30,56.94,57.78,900.9,False
2024-01-18T08:57:00,72.16,65.18,938.0,False
2024-01-18T08:57:30,87.38,78.32,1116.0,False
2024-01-18T08:58:00,88.33,71.26,1082.3,False
2024-01-18T08:58:30,86.69,74.01,1107.1,False
2024-01-18T08:59:00,88.5,76.02,1118.7,False
2024-01-18T08:59:30,87.53,72.77,1106.8,False
2024-01-18T09:00:00,86.82,72.76,1293.8,False
2024-01-18T09:00:30,85.7,71.73,1306.9,False
2024-01-18T09:01:00,89.55,74.46,1344.1,False
2024-01-18T09:01:30,88.18,75.58,1249.5,False
2024-01-18T09:02:00,88.24,73.41,1304.1,False
2024-01-18T09:02:30,89.2,80.51,1296.8,False
2024-01-18T09:03:00,87.6,72.59,1308.6,False
2024-01-18T09:03:30,88.73,76.82,1293.2,False
2024-01-18T09:04:00,86.9,74.23,1346.2,False
2024-01-18T09:04:30,88.11,73.97,1302.2,False
2024-01-18T09:05:00,72.22,68.75,1217.3,False
2024-01-18T09:05:30,56.25,54.62,1011.9,False
2024-01-18T09:06:00,40.32,50.71,911.3,False
2024-01-18T09:06:30,33.0,44.06,539.4,True
2024-01-18T09:07:00,26.89,41.57,530.8,True
2024-01-18T09:07:30,27.01,41.54,468.7,True
2024-01-18T09:08:00,31.15,42.65,480.9,True
2024-01-18T09:08:30,30.9,41.15,522.1,True
2024-01-18T09:09:00,32.8,46.18,584.8,True
2024-01-18T09:09:30,31.49,44.62,519.5,True
2024-01-18T09:10:00,32.87,44.84,573.6,True
2024-01-18T09:10:30,28.52,44.79,502.3,True
2024-01-18T09:11:00,31.52,45.68,482.0,True
2024-01-18T09:11:30,35.45,46.21,617.7,False
2024-01-18T09:12:00,40.68,55.46,651.4,False
2024-01-18T09:12:30,33.93,48.02,569.8,False
2024-01-18T09:13:00,40.65,54.23,626.9,False
2024-01-18T09:13:30,35.24,45.81,573.6,False
2024-01-18T09:14:00,38.54,48.79,567.0,False
2024-01-18T09:14:30,42.42,47.76,691.6,False
2024-01-18T09:15:00,40.46,48.59,619.7,False
2024-01-18T09:15:30,34.89,45.3,593.6,False
2024-01-18T09:16:00,37.85,53.94,582.8,False
2024-01-18T09:16:30,35.41,45.35,601.0,False
2024-01-18T09:17:00,34.87,46.0,624.8,False
2024-01-18T09:17:30,40.35,46.3,629.5,False
2024-01-18T09:18:00,41.72,50.96,648.2,False
2024-01-18T09:18:30,41.41,47.94,666.4,False
2024-01-18T09:19:00,41.94,51.84,663.8,False
2024-01-18T09:19:30,40.13,45.53,662.8,False
2024-01-18T09:20:00,39.39,48.49,628.0,False
2024-01-18T09:20:30,37.04,43.87,609.1,False
2024-01-18T09:21:00,38.98,47.55,621.4,False
2024-01-18T09:21:30,36.38,46.66,625.6,False
2024-01-18T09:22:00,37.85,46.77,585.5,False
2024-01-18T09:22:30,40.7,48.4,646.8,False
2024-01-18T09:23:00,40.12,51.05,712.9,False
2024-01-18T09:23:30,49.71,58.25,712.1,False
2024-01-18T09:24:00,36.52,47.99,544.3,False
2024-01-18T09:24:30,40.23,47.45,610.2,False
2024-01-18T09:25:00,36.38,47.37,615.8,False
2024-01-18T09:25:30,39.53,48.11,589.4,False
2024-01-18T09:26:00,39.69,50.68,578.4,False
2024-01-18T09:26:30,43.31,51.29,591.3,False
2024-01-18T09:27:00,39.47,45.64,607.5,False
2024-01-18T09:27:30,40.29,51.4,686.8,False
2024-01-18T09:28:00,39.62,50.81,595.7,False
2024-01-18T09:28:30,36.75,50.43,629.0,False
2024-01-18T09:29:00,39.04,47.55,601.1,False
2024-01-18T09:29:30,39.89,49.62,603.6,False
2024-01-18T09:30:00,41.3,47.35,651.1,False
2024-01-18T09:30:30,42.8,50.37,581.1,False
2024-01-18T09:31:00,40.46,50.1,690.5,False
2024-01-18T09:31:30,40.45,48.03,645.1,False
2024-01-18T09:32:00,36.09,47.81,630.8,False
2024-01-18T09:32:30,42.92,50.87,633.0,False
2024-01-18T09:33:00,39.25,47.8,633.9,False
2024-01-18T09:33:30,43.63,53.69,686.3,False
2024-01-18T09:34:00,45.38,51.3,659.4,False
2024-01-18T09:34:30,40.91,49.8,592.3,False
2024-01-18T09:35:00,38.44,45.37,569.8,False
2024-01-18T09:35:30,41.51,50.88,615.1,False
2024-01-18T09:36:00,42.65,49.46,650.2,False
2024-01-18T09:36:30,40.7,51.35,619.1,False
2024-01-18T09:37:00,39.99,46.46,600.4,False
2024-01-18T09:37:30,43.42,51.66,674.5,False
2024-01-18T09:38:00,43.26,46.36,627.7,False
2024-01-18T09:38:30,40.78,50.71,602.3,False
2024-01-18T09:39:00,36.9,47.19,632.7,False
2024-01-18T09:39:30,43.27,51.53,668.2,False
2024-01-18T09:40:00,39.64,47.72,568.1,False
2024-01-18T09:40:30,42.63,48.52,587.8,False
2024-01-18T09:41:00,42.48,49.47,595.6,False
2024-01-18T09:41:30,36.41,47.69,590.0,False
2024-01-18T09:42:00,42.36,51.44,686.0,False
2024-01-18T09:42:30,43.7,51.57,707.5,False
2024-01-18T09:43:00,44.11,49.29,682.9,False
2024-01-18T09:43:30,42.6,54.08,717.3,False
2024-01-18T09:44:00,36.36,47.95,598.9,False
2024-01-18T09:44:30,46.16,50.95,713.7,False
2024-01-18T09:45:00,43.61,51.77,626.0,False
2024-01-18T09:45:30,38.81,49.03,548.2,False
2024-01-18T09:46:00,40.1,48.81,608.4,False
2024-01-18T09:46:30,43.19,50.13,640.6,False
2024-01-18T09:47:00,44.58,53.38,760.1,False
2024-01-18T09:47:30,41.12,53.14,629.0,False
2024-01-18T09:48:00,45.11,47.6,620.1,False
2024-01-18T09:48:30,37.29,50.23,636.9,False
2024-01-18T09:49:00,39.59,48.96,586.3,False
2024-01-18T09:49:30,36.56,47.88,598.3,False
2024-01-18T09:50:00,40.11,51.89,656.0,False
2024-01-18T09:50:30,47.37,47.5,641.7,False
2024-01-18T09:51:00,49.06,55.29,753.2,False
2024-01-18T09:51:30,43.63,53.51,694.1,False
2024-01-18T09:52:00,41.05,48.29,642.6,False
2024-01-18T09:52:30,42.35,47.52,708.8,False
2024-01-18T09:53:00,44.48,54.66,640.5,False
2024-01-18T09:53:30,38.41,44.83,639.0,False
2024-01-18T09:54:00,41.42,50.69,642.5,False
2024-01-18T09:54:30,47.49,54.93,654.4,False
2024-01-18T09:55:00,40.09,49.98,596.4,False
2024-01-18T09:55:30,41.02,50.78,709.4,False
2024-01-18T09:56:00,43.35,50.29,689.2,False
2024-01-18T09:56:30,44.2,52.17,689.2,False
2024-01-18T09:57:00,41.52,48.49,607.1,False
2024-01-18T09:57:30,43.67,49.83,677.7,False
2024-01-18T09:58:00,45.3,51.88,647.7,False
2024-01-18T09:58:30,49.41,50.78,763.2,False
2024-01-18T09:59:00,43.18,51.9,694.0,False
2024-01-18T09:59:30,43.48,45.94,684.6,False
2024-01-18T10:00:00,48.23,54.0,718.5,False
2024-01-18T10:00:30,42.04,51.1,632.8,False
2024-01-18T10:01:00,39.76,47.45,637.6,False
2024-01-18T10:01:30,44.52,48.96,717.8,False
2024-01-18T10:02:00,47.04,51.87,695.0,False
2024-01-18T10:02:30,44.94,52.92,625.9,False
2024-01-18T10:03:00,43.61,51.66,699.1,False
2024-01-18T10:03:30,39.6,46.74,589.6,False
2024-01-18T10:04:00,43.81,51.29,649.3,False
2024-01-18T10:04:30,47.73,53.56,662.9,False
2024-01-18T10:05:00,40.37,49.8,518.6,False
2024-01-18T10:05:30,43.38,48.89,654.0,False
2024-01-18T10:06:00,42.99,50.98,730.8,False
2024-01-18T10:06:30,42.1,52.06,649.6,False
2024-01-18T10:07:00,44.98,52.74,778.4,False
2024-01-18T10:07:30,45.61,52.81,658.7,False
2024-01-18T10:08:00,45.62,55.28,673.8,False
2024-01-18T10:08:30,41.43,50.24,627.3,False
2024-01-18T10:09:00,39.46,47.23,618.1,False
2024-01-18T10:09:30,45.23,50.13,676.6,False
2024-01-18T10:10:00,42.97,51.02,704.2,False
2024-01-18T10:10:30,50.04,51.34,666.8,False
2024-01-18T10:11:00,50.22,53.68,702.1,False
2024-01-18T10:11:30,50.58,55.41,729.3,False
2024-01-18T10:12:00,41.83,52.45,685.9,False
2024-01-18T10:12:30,46.4,49.31,584.9,False
2024-01-18T10:13:00,47.35,53.07,622.8,False
2024-01-18T10:13:30,47.05,52.59,678.0,False
2024-01-18T10:14:00,43.75,51.15,694.8,False
2024-01-18T10:14:30,48.7,53.83,670.3,False
2024-01-18T10:15:00,44.9,51.59,686.0,False
2024-01-18T10:15:30,45.33,54.65,741.7,False
2024-01-18T10:16:00,40.37,51.88,623.4,False
2024-01-18T10:16:30,46.96,56.97,666.5,False
2024-01-18T10:17:00,44.28,51.33,673.1,False
2024-01-18T10:17:30,46.5,51.64,679.2,False
2024-01-18T10:18:00,45.85,50.2,677.0,False
2024-01-18T10:18:30,45.73,51.04,658.6,False
2024-01-18T10:19:00,45.09,53.19,650.5,False
2024-01-18T10:19:30,47.63,54.77,640.9,False
2024-01-18T10:20:00,44.71,52.93,682.2,False
2024-01-18T10:20:30,40.99,48.39,586.3,False
2024-01-18T10:21:00,47.1,51.45,644.1,False
2024-01-18T10:21:30,43.01,54.64,596.1,False
2024-01-18T10:22:00,41.5,48.31,619.0,False
2024-01-18T10:22:30,42.45,53.28,640.6,False
2024-01-18T10:23:00,46.41,53.24,627.3,False
2024-01-18T10:23:30,45.31,50.42,651.8,False
2024-01-18T10:24:00,39.24,46.48,620.4,False
2024-01-18T10:24:30,44.53,50.12,593.5,False
2024-01-18T10:25:00,49.23,54.68,663.4,False
2024-01-18T10:25:30,44.41,49.62,727.4,False
2024-01-18T10:26:00,45.3,55.0,634.1,False
2024-01-18T10:26:30,48.97,53.31,720.1,False
2024-01-18T10:27:00,48.27,54.78,665.8,False
2024-01-18T10:27:30,48.99,54.97,699.9,False
2024-01-18T10:28:00,37.65,51.31,569.3,False
2024-01-18T10:28:30,51.2,53.97,633.6,False
2024-01-18T10:29:00,47.95,53.43,666.0,False
2024-01-18T10:29:30,53.47,53.18,745.4,False
2024-01-18T10:30:00,43.78,51.34,677.4,False
2024-01-18T10:30:30,40.87,51.97,632.7,False
2024-01-18T10:31:00,46.23,52.8,638.7,False
2024-01-18T10:31:30,45.42,56.59,700.2,False
2024-01-18T10:32:00,48.25,54.42,657.1,False
2024-01-18T10:32:30,49.55,52.95,670.0,False
2024-01-18T10:33:00,46.1,53.22,629.6,False
2024-01-18T10:33:30,45.68,49.17,648.5,False
2024-01-18T10:34:00,48.01,51.67,672.3,False
2024-01-18T10:34:30,45.72,49.69,677.5,False
2024-01-18T10:35:00,45.51,52.05,609.9,False
2024-01-18T10:35:30,49.68,53.98,679.0,False
2024-01-18T10:36:00,50.39,56.87,671.1,False
2024-01-18T10:36:30,49.9,54.02,716.3,False
2024-01-18T10:37:00,46.18,50.36,681.5,False
2024-01-18T10:37:30,40.31,52.54,581.3,False
2024-01-18T10:38:00,46.32,46.54,690.3,False
2024-01-18T10:38:30,44.53,51.62,654.2,False
2024-01-18T10:39:00,46.46,52.94,703.4,False
2024-01-18T10:39:30,44.87,51.69,633.1,False
2024-01-18T10:40:00,46.86,53.71,698.5,False
2024-01-18T10:40:30,43.85,51.42,685.4,False
2024-01-18T10:41:00,43.16,51.86,648.0,False
2024-01-18T10:41:30,50.71,53.43,789.6,False
2024-01-18T10:42:00,44.17,48.45,673.0,False
2024-01-18T10:42:30,47.12,52.75,747.5,False
2024-01-18T10:43:00,50.02,52.25,801.1,False
2024-01-18T10:43:30,49.94,52.8,632.6,False
2024-01-18T10:44:00,49.62,56.43,743.1,False
2024-01-18T10:44:30,48.19,56.5,706.1,False
2024-01-18T10:45:00,49.49,56.32,705.6,False
2024-01-18T10:45:30,51.48,56.95,685.4,False
2024-01-18T10:46:00,48.67,53.75,653.7,False
2024-01-18T10:46:30,41.92,52.29,593.3,False
2024-01-18T10:47:00,45.89,52.96,756.0,False
2024-01-18T10:47:30,49.6,58.0,716.3,False
2024-01-18T10:48:00,45.67,50.3,611.0,False
2024-01-18T10:48:30,52.45,56.87,677.5,False
2024-01-18T10:49:00,47.44,50.5,598.5,False
2024-01-18T10:49:30,47.92,54.63,731.0,False
2024-01-18T10:50:00,51.08,51.41,710.5,False
2024-01-18T10:50:30,47.2,50.48,697.9,False
2024-01-18T10:51:00,48.31,50.9,686.6,False
2024-01-18T10:51:30,50.52,55.08,742.1,False
2024-01-18T10:52:00,43.44,51.75,631.7,False
2024-01-18T10:52:30,47.04,57.74,688.2,False
2024-01-18T10:53:00,50.42,54.35,714.4,False
2024-01-18T10:53:30,48.17,54.95,639.0,False
2024-01-18T10:54:00,52.42,55.85,690.4,False
2024-01-18T10:54:30,43.32,52.36,634.5,False
2024-01-18T10:55:00,43.02,51.12,657.0,False
2024-01-18T10:55:30,50.44,56.74,759.0,False
2024-01-18T10:56:00,50.76,52.6,710.7,False
2024-01-18T10:56:30,47.63,48.25,677.5,False
2024-01-18T10:57:00,49.44,54.89,708.0,False
2024-01-18T10:57:30,50.52,50.98,697.9,False
2024-01-18T10:58:00,45.88,54.9,666.1,False
2024-01-18T10:58:30,46.24,51.36,730.5,False
2024-01-18T10:59:00,48.96,51.74,682.8,False
2024-01-18T10:59:30,51.15,60.31,719.6,False
2024-01-18T11:00:00,44.97,51.79,634.0,False
2024-01-18T11:00:30,47.91,52.88,733.8,False
2024-01-18T11:01:00,47.81,54.74,646.1,False
2024-01-18T11:01:30,49.84,55.89,695.8,False
2024-01-18T11:02:00,48.6,55.92,728.1,False
2024-01-18T11:02:30,47.02,50.19,641.5,False
2024-01-18T11:03:00,52.44,56.64,754.3,False
2024-01-18T11:03:30,47.12,52.32,595.0,False
2024-01-18T11:04:00,47.9,51.46,639.5,False
2024-01-18T11:04:30,44.03,51.47,648.5,False
2024-01-18T11:05:00,46.71,49.08,770.0,False
2024-01-18T11:05:30,50.43,56.42,709.3,False
2024-01-18T11:06:00,49.88,53.72,705.7,False
2024-01-18T11:06:30,50.76,53.78,752.0,False
2024-01-18T11:07:00,50.65,54.41,661.7,False
2024-01-18T11:07:30,55.3,56.67,621.0,False
2024-01-18T11:08:00,46.83,55.06,744.0,False
2024-01-18T11:08:30,44.25,49.3,678.2,False
2024-01-18T11:09:00,45.99,51.6,650.1,False
2024-01-18T11:09:30,47.07,52.47,678.8,False
2024-01-18T11:10:00,46.29,50.39,712.4,False
2024-01-18T11:10:30,49.53,54.46,691.1,False
2024-01-18T11:11:00,53.05,54.45,730.2,False
2024-01-18T11:11:30,53.95,53.54,813.0,False
2024-01-18T11:12:00,50.88,55.87,657.3,False
2024-01-18T11:12:30,55.82,60.38,767.3,False
2024-01-18T11:13:00,48.37,53.66,638.1,False
2024-01-18T11:13:30,44.58,51.46,719.1,False
2024-01-18T11:14:00,52.67,55.47,733.1,False
2024-01-18T11:14:30,44.03,50.37,624.8,False
2024-01-18T11:15:00,47.32,55.38,618.5,False
2024-01-18T11:15:30,51.18,55.16,695.4,False
2024-01-18T11:16:00,49.35,49.7,702.2,False
2024-01-18T11:16:30,49.12,56.35,739.3,False
2024-01-18T11:17:00,46.18,54.39,625.7,False
2024-01-18T11:17:30,49.73,55.46,664.9,False
2024-01-18T11:18:00,52.81,50.29,702.6,False
2024-01-18T11:18:30,49.9,54.34,668.2,False
2024-01-18T11:19:00,47.38,54.87,658.5,False
2024-01-18T11:19:30,46.16,53.24,631.5,False
2024-01-18T11:20:00,47.51,53.57,696.8,False
2024-01-18T11:20:30,51.16,56.77,689.9,False
2024-01-18T11:21:00,51.04,55.2,708.8,False
2024-01-18T11:21:30,47.65,55.63,693.4,False
2024-01-18T11:22:00,43.45,51.45,592.4,False
2024-01-18T11:22:30,51.38,55.26,734.8,False
2024-01-18T11:23:00,47.46,54.92,688.1,False
2024-01-18T11:23:30,52.26,54.74,726.5,False
2024-01-18T11:24:00,47.96,51.2,678.3,False
2024-01-18T11:24:30,47.3,53.07,667.6,False
2024-01-18T11:25:00,50.76,55.97,708.2,False
2024-01-18T11:25:30,57.41,59.97,763.1,False
2024-01-18T11:26:00,52.61,57.59,673.7,False
2024-01-18T11:26:30,50.81,54.69,769.5,False
2024-01-18T11:27:00,51.51,54.83,684.3,False
2024-01-18T11:27:30,45.22,50.85,664.4,False
2024-01-18T11:28:00,47.14,53.49,723.7,False
2024-01-18T11:28:30,43.01,47.65,630.4,False
2024-01-18T11:29:00,55.77,57.35,755.6,False
2024-01-18T11:29:30,55.19,62.72,653.9,False
2024-01-18T11:30:00,51.82,52.33,635.3,False
2024-01-18T11:30:30,51.09,55.29,707.7,False
2024-01-18T11:31:00,46.06,53.22,676.1,False
2024-01-18T11:31:30,50.09,55.49,745.0,False
2024-01-18T11:32:00,56.16,55.58,781.3,False
2024-01-18T11:32:30,51.21,56.07,646.0,False
2024-01-18T11:33:00,49.16,52.95,744.0,False
2024-01-18T11:33:30,45.61,49.39,617.3,False
2024-01-18T11:34:00,55.06,58.88,775.0,False
2024-01-18T11:34:30,50.75,56.14,687.9,False
2024-01-18T11:35:00,45.72,50.37,774.4,False
2024-01-18T11:35:30,48.25,52.48,662.4,False
2024-01-18T11:36:00,47.22,51.9,674.8,False
2024-01-18T11:36:30,50.7,51.51,711.9,False
2024-01-18T11:37:00,51.75,56.85,704.3,False
2024-01-18T11:37:30,49.65,55.88,657.3,False
2024-01-18T11:38:00,53.52,55.55,816.4,False
2024-01-18T11:38:30,51.46,55.13,687.3,False
2024-01-18T11:39:00,54.45,56.91,709.7,False
2024-01-18T11:39:30,50.22,55.06,697.4,False
2024-01-18T11:40:00,60.46,57.0,791.4,False
2024-01-18T11:40:30,49.67,55.27,669.9,False
2024-01-18T11:41:00,48.68,51.45,727.6,False
2024-01-18T11:41:30,48.35,55.0,692.9,False
2024-01-18T11:42:00,50.83,52.75,707.4,False
2024-01-18T11:42:30,46.33,50.03,693.0,False
2024-01-18T11:43:00,52.41,55.62,685.3,False
2024-01-18T11:43:30,45.84,52.29,643.3,False
2024-01-18T11:44:00,52.08,55.72,715.7,False
2024-01-18T11:44:30,47.57,51.47,717.8,False
2024-01-18T11:45:00,50.51,55.14,694.4,False
2024-01-18T11:45:30,53.5,56.82,715.4,False
2024-01-18T11:46:00,58.64,61.13,684.7,False
2024-01-18T11:46:30,48.52,54.11,660.4,False
2024-01-18T11:47:00,51.34,53.95,644.7,False
2024-01-18T11:47:30,49.65,51.61,641.1,False
2024-01-18T11:48:00,49.24,51.04,708.6,False
2024-01-18T11:48:30,49.74,55.0,830.7,False
2024-01-18T11:49:00,54.39,58.27,742.9,False
2024-01-18T11:49:30,50.49,52.95,717.2,False
2024-01-18T11:50:00,58.73,59.36,739.4,False
2024-01-18T11:50:30,53.26,55.77,684.2,False
2024-01-18T11:51:00,49.02,55.44,774.4,False
2024-01-18T11:51:30,50.98,56.72,675.6,False
2024-01-18T11:52:00,49.71,49.82,617.6,False
2024-01-18T11:52:30,54.54,58.83,746.2,False
2024-01-18T11:53:00,47.26,53.63,660.9,False
2024-01-18T11:53:30,48.18,52.53,709.3,False
2024-01-18T11:54:00,50.46,53.73,766.4,False
2024-01-18T11:54:30,54.32,56.73,749.3,False
2024-01-18T11:55:00,56.0,56.5,757.1,False
2024-01-18T11:55:30,56.47,55.87,778.2,False
2024-01-18T11:56:00,53.95,55.07,839.8,False
2024-01-18T11:56:30,52.15,53.5,808.3,False
2024-01-18T11:57:00,54.81,59.61,725.8,False
2024-01-18T11:57:30,49.02,54.14,730.2,False
2024-01-18T11:58:00,46.96,57.5,747.1,False
2024-01-18T11:58:30,53.83,57.17,758.4,False
2024-01-18T11:59:00,49.53,55.46,693.6,False
2024-01-18T11:59:30,52.39,53.59,699.2,False
2024-01-18T12:00:00,52.97,55.57,727.7,False
2024-01-18T12:00:30,53.39,56.36,681.5,False
2024-01-18T12:01:00,55.49,55.99,779.7,False
2024-01-18T12:01:30,55.2,56.19,797.3,False
2024-01-18T12:02:00,53.32,57.03,710.7,False
2024-01-18T12:02:30,51.44,56.13,693.5,False
2024-01-18T12:03:00,53.12,53.41,682.7,False
2024-01-18T12:03:30,51.04,55.62,727.0,False
2024-01-18T12:04:00,52.27,56.77,717.7,False
2024-01-18T12:04:30,60.74,58.72,728.2,False
2024-01-18T12:05:00,53.46,54.88,844.3,False
2024-01-18T12:05:30,54.3,57.57,663.3,False
2024-01-18T12:06:00,50.86,49.82,649.3,False
2024-01-18T12:06:30,56.07,57.58,786.1,False
2024-01-18T12:07:00,55.32,60.47,768.8,False
2024-01-18T12:07:30,55.37,52.03,714.4,False
2024-01-18T12:08:00,53.74,58.06,698.8,False
2024-01-18T12:08:30,56.23,58.75,768.2,False
2024-01-18T12:09:00,56.97,55.16,770.9,False
2024-01-18T12:09:30,54.04,57.61,704.1,False
2024-01-18T12:10:00,52.87,57.99,762.7,False
2024-01-18T12:10:30,55.93,55.16,770.3,False
2024-01-18T12:11:00,50.56,53.42,758.0,False
2024-01-18T12:11:30,51.15,55.18,707.2,False
2024-01-18T12:12:00,53.17,58.1,757.8,False
2024-01-18T12:12:30,48.14,52.54,676.0,False
2024-01-18T12:13:00,55.88,57.41,768.6,False
2024-01-18T12:13:30,50.53,53.5,718.6,False
2024-01-18T12:14:00,52.04,55.63,750.2,False
2024-01-18T12:14:30,52.84,58.08,743.5,False
2024-01-18T12:15:00,53.63,56.59,653.5,False
2024-01-18T12:15:30,52.51,55.1,695.0,False
2024-01-18T12:16:00,53.36,56.18,730.2,False
2024-01-18T12:16:30,53.41,54.67,746.0,False
2024-01-18T12:17:00,52.28,53.72,751.2,False
2024-01-18T12:17:30,51.33,57.64,732.6,False
2024-01-18T12:18:00,56.92,61.31,727.2,False
2024-01-18T12:18:30,47.39,49.69,715.9,False
2024-01-18T12:19:00,53.12,57.3,692.6,False
2024-01-18T12:19:30,52.36,57.47,769.4,False
2024-01-18T12:20:00,55.05,54.68,793.6,False
2024-01-18T12:20:30,49.46,53.37,695.3,False
2024-01-18T12:21:00,52.35,54.6,692.9,False
2024-01-18T12:21:30,53.57,60.17,700.7,False
2024-01-18T12:22:00,57.11,61.45,713.2,False
2024-01-18T12:22:30,54.93,55.21,702.5,False
2024-01-18T12:23:00,50.41,51.87,696.0,False
2024-01-18T12:23:30,52.52,57.4,697.8,False
2024-01-18T12:24:00,56.67,59.02,689.0,False
2024-01-18T12:24:30,50.44,57.3,684.2,False
2024-01-18T12:25:00,53.83,54.39,734.4,False
2024-01-18T12:25:30,54.07,58.08,719.0,False
2024-01-18T12:26:00,52.97,54.62,687.9,False
2024-01-18T12:26:30,62.24,61.96,702.3,False
2024-01-18T12:27:00,52.94,56.0,769.3,False
2024-01-18T12:27:30,55.55,61.18,742.8,False
2024-01-18T12:28:00,51.93,56.46,728.3,False
2024-01-18T12:28:30,55.84,56.9,754.0,False
2024-01-18T12:29:00,56.9,58.33,775.1,False
2024-01-18T12:29:30,52.55,55.68,730.0,False
2024-01-18T12:30:00,54.17,54.39,737.3,False
2024-01-18T12:30:30,51.68,59.3,744.0,False
2024-01-18T12:31:00,50.96,58.29,746.8,False
2024-01-18T12:31:30,57.53,58.02,815.6,False
2024-01-18T12:32:00,52.78,57.41,689.0,False
2024-01-18T12:32:30,47.23,57.33,687.8,False
2024-01-18T12:33:00,59.79,61.99,714.1,False
2024-01-18T12:33:30,52.12,55.06,697.7,False
2024-01-18T12:34:00,53.81,56.35,722.6,False
2024-01-18T12:34:30,59.5,55.94,805.6,False
2024-01-18T12:35:00,54.17,58.26,728.7,False
2024-01-18T12:35:30,54.14,59.18,760.0,False
2024-01-18T12:36:00,50.97,57.61,693.9,False
2024-01-18T12:36:30,49.77,55.92,675.1,False
2024-01-18T12:37:00,54.2,57.44,701.5,False
2024-01-18T12:37:30,55.82,55.54,774.2,False
2024-01-18T12:38:00,55.67,58.11,730.2,False
2024-01-18T12:38:30,53.33,55.04,629.6,False
2024-01-18T12:39:00,54.86,58.12,764.3,False
2024-01-18T12:39:30,49.32,52.77,657.4,False
2024-01-18T12:40:00,56.23,58.79,757.6,False
2024-01-18T12:40:30,55.36,59.97,697.7,False
2024-01-18T12:41:00,60.82,60.81,787.2,False
2024-01-18T12:41:30,54.95,57.78,624.8,False
2024-01-18T12:42:00,52.13,57.53,715.7,False
2024-01-18T12:42:30,54.83,60.6,703.6,False
2024-01-18T12:43:00,54.02,56.44,681.4,False
2024-01-18T12:43:30,56.33,58.86,781.2,False
2024-01-18T12:44:00,55.13,60.24,736.3,False
2024-01-18T12:44:30,51.3,56.64,700.6,False
2024-01-18T12:45:00,50.19,50.75,672.6,False
2024-01-18T12:45:30,55.91,56.18,783.1,False
2024-01-18T12:46:00,59.3,60.81,757.0,False
2024-01-18T12:46:30,55.41,56.56,802.8,False
2024-01-18T12:47:00,57.64,61.36,810.3,False
2024-01-18T12:47:30,58.26,62.51,823.1,False
2024-01-18T12:48:00,56.04,56.5,787.1,False
2024-01-18T12:48:30,52.82,54.01,698.3,False
2024-01-18T12:49:00,55.88,56.88,749.1,False
2024-01-18T12:49:30,58.94,58.3,763.4,False
2024-01-18T12:50:00,56.93,61.21,789.0,False
2024-01-18T12:50:30,57.61,56.4,760.4,False
2024-01-18T12:51:00,54.0,58.16,722.3,False
2024-01-18T12:51:30,54.8,59.85,804.7,False
2024-01-18T12:52:00,55.08,58.85,727.5,False
2024-01-18T12:52:30,55.3,58.2,717.4,False
2024-01-18T12:53:00,58.98,58.84,755.8,False
2024-01-18T12:53:30,48.46,57.61,730.5,False
2024-01-18T12:54:00,55.62,57.0,752.4,False
2024-01-18T12:54:30,55.31,59.23,760.8,False
2024-01-18T12:55:00,51.45,55.09,721.1,False
2024-01-18T12:55:30,57.61,54.81,673.1,False
2024-01-18T12:56:00,53.44,55.87,684.8,False
2024-01-18T12:56:30,54.57,56.66,725.4,False
2024-01-18T12:57:00,61.21,60.01,802.2,False
2024-01-18T12:57:30,58.71,57.73,730.3,False
2024-01-18T12:58:00,57.43,59.66,718.8,False
2024-01-18T12:58:30,56.87,59.6,742.5,False
2024-01-18T12:59:00,55.25,56.71,795.1,False
2024-01-18T12:59:30,61.77,59.95,708.0,False
2024-01-18T13:00:00,58.2,56.7,659.5,False
2024-01-18T13:00:30,53.56,56.99,797.9,False
2024-01-18T13:01:00,51.63,58.28,651.9,False
2024-01-18T13:01:30,57.56,61.24,744.2,False
2024-01-18T13:02:00,55.71,56.36,685.7,False
2024-01-18T13:02:30,51.61,59.5,700.8,False
2024-01-18T13:03:00,57.21,57.59,752.2,False
2024-01-18T13:03:30,55.14,55.25,805.5,False
2024-01-18T13:04:00,57.56,55.77,789.3,False
2024-01-18T13:04:30,57.31,56.21,707.2,False
2024-01-18T13:05:00,54.18,57.47,657.1,False
2024-01-18T13:05:30,57.93,58.16,783.4,False
2024-01-18T13:06:00,54.55,55.73,715.6,False
2024-01-18T13:06:30,54.77,55.41,709.2,False
2024-01-18T13:07:00,54.49,54.79,783.3,False
2024-01-18T13:07:30,59.5,57.69,705.8,False
2024-01-18T13:08:00,55.29,59.4,727.7,False
2024-01-18T13:08:30,60.27,63.47,807.4,False
2024-01-18T13:09:00,61.52,64.22,745.0,False
2024-01-18T13:09:30,53.97,58.09,783.7,False
2024-01-18T13:10:00,47.45,52.47,639.1,False
2024-01-18T13:10:30,59.36,58.08,772.1,False
2024-01-18T13:11:00,55.23,58.86,714.1,False
2024-01-18T13:11:30,53.67,56.08,619.8,False
2024-01-18T13:12:00,54.53,57.82,719.4,False
2024-01-18T13:12:30,55.07,61.13,772.2,False
2024-01-18T13:13:00,60.22,60.28,740.4,False
2024-01-18T13:13:30,56.83,62.71,729.5,False
2024-01-18T13:14:00,60.22,57.6,761.1,False
2024-01-18T13:14:30,57.87,59.57,784.4,False
2024-01-18T13:15:00,55.48,58.11,729.5,False
2024-01-18T13:15:30,55.26,55.41,743.0,False
2024-01-18T13:16:00,58.13,60.42,766.5,False
2024-01-18T13:16:30,58.93,62.27,750.5,False
2024-01-18T13:17:00,59.48,63.89,843.4,False
2024-01-18T13:17:30,65.19,63.17,1080.5,False
2024-01-18T13:18:00,74.65,63.28,1225.3,False
2024-01-18T13:18:30,84.12,72.77,1324.0,False
2024-01-18T13:19:00,83.49,72.98,1262.4,False
2024-01-18T13:19:30,83.62,71.1,1271.4,False
2024-01-18T13:20:00,84.22,72.3,1295.0,False
2024-01-18T13:20:30,82.85,70.22,1248.0,False
2024-01-18T13:21:00,84.45,71.72,1199.8,False
2024-01-18T13:21:30,83.81,73.7,1260.5,False
2024-01-18T13:22:00,82.13,73.61,1322.9,False
2024-01-18T13:22:30,83.66,69.06,1292.1,False
2024-01-18T13:23:00,83.78,70.63,1273.3,False
2024-01-18T13:23:30,84.97,69.08,1310.0,False
2024-01-18T13:24:00,84.41,75.65,1269.5,False
2024-01-18T13:24:30,85.57,74.3,1285.7,False
2024-01-18T13:25:00,84.64,68.09,1259.9,False
2024-01-18T13:25:30,83.57,71.43,1287.6,False
2024-01-18T13:26:00,74.86,66.64,1177.4,False
2024-01-18T13:26:30,64.62,60.58,1104.3,False
2024-01-18T13:27:00,56.07,59.89,1083.7,False
2024-01-18T13:27:30,48.2,55.19,677.8,True
2024-01-18T13:28:00,43.09,51.15,667.4,True
2024-01-18T13:28:30,43.5,49.53,673.9,True
2024-01-18T13:29:00,48.54,52.07,685.2,True
2024-01-18T13:29:30,45.73,52.02,651.8,True
2024-01-18T13:30:00,47.17,51.74,624.5,True
2024-01-18T13:30:30,46.54,52.33,628.4,True
2024-01-18T13:31:00,45.5,52.94,688.4,True
2024-01-18T13:31:30,44.76,48.39,681.7,True
2024-01-18T13:32:00,47.61,51.37,641.3,True
2024-01-18T13:32:30,60.52,59.27,800.0,False
2024-01-18T13:33:00,60.3,62.36,791.1,False
2024-01-18T13:33:30,53.51,57.53,765.5,False
2024-01-18T13:34:00,60.99,59.57,874.6,False
2024-01-18T13:34:30,56.02,57.9,771.2,False
2024-01-18T13:35:00,54.85,56.31,711.1,False
2024-01-18T13:35:30,56.62,59.55,782.7,False
2024-01-18T13:36:00,59.64,59.78,735.4,False
2024-01-18T13:36:30,58.78,61.04,859.1,False
2024-01-18T13:37:00,56.41,54.59,702.2,False
2024-01-18T13:37:30,59.7,57.33,795.2,False
2024-01-18T13:38:00,57.62,58.46,761.1,False
2024-01-18T13:38:30,55.5,57.83,727.5,False
2024-01-18T13:39:00,55.11,61.45,721.8,False
2024-01-18T13:39:30,58.48,54.73,822.3,False
2024-01-18T13:40:00,57.02,57.54,778.8,False
2024-01-18T13:40:30,53.15,55.52,719.1,False
2024-01-18T13:41:00,59.84,59.5,848.0,False
2024-01-18T13:41:30,55.87,60.51,742.2,False
2024-01-18T13:42:00,62.1,61.91,826.2,False
2024-01-18T13:42:30,53.13,52.47,671.4,False
2024-01-18T13:43:00,56.81,60.58,703.0,False
2024-01-18T13:43:30,55.27,59.76,770.5,False
2024-01-18T13:44:00,54.46,56.87,748.0,False
2024-01-18T13:44:30,55.94,53.85,833.4,False
2024-01-18T13:45:00,62.72,60.17,773.6,False
2024-01-18T13:45:30,57.85,58.98,789.9,False
2024-01-18T13:46:00,55.06,58.64,730.7,False
2024-01-18T13:46:30,51.97,51.56,749.7,False
2024-01-18T13:47:00,52.3,53.74,749.2,False
2024-01-18T13:47:30,55.87,59.25,745.9,False
2024-01-18T13:48:00,55.59,59.92,715.1,False
2024-01-18T13:48:30,56.83,58.41,741.1,False
2024-01-18T13:49:00,50.7,56.78,661.1,False
2024-01-18T13:49:30,57.26,58.67,772.6,False
2024-01-18T13:50:00,60.63,61.37,672.7,False
2024-01-18T13:50:30,62.43,60.64,776.2,False
2024-01-18T13:51:00,51.89,56.04,751.3,False
2024-01-18T13:51:30,55.18,54.28,776.6,False
2024-01-18T13:52:00,55.03,58.1,675.8,False
2024-01-18T13:52:30,58.05,55.66,787.7,False
2024-01-18T13:53:00,53.96,57.56,686.1,False
2024-01-18T13:53:30,62.68,59.61,786.3,False
2024-01-18T13:54:00,57.78,58.77,792.9,False
2024-01-18T13:54:30,57.29,55.88,719.3,False
2024-01-18T13:55:00,62.45,59.36,856.7,False
2024-01-18T13:55:30,57.64,58.7,771.4,False
2024-01-18T13:56:00,58.9,60.11,789.7,False
2024-01-18T13:56:30,55.46,59.07,786.7,False
2024-01-18T13:57:00,53.61,53.66,764.5,False
2024-01-18T13:57:30,55.9,54.1,779.3,False
2024-01-18T13:58:00,64.3,59.36,788.1,False
2024-01-18T13:58:30,59.65,56.85,732.8,False
2024-01-18T13:59:00,58.59,61.59,757.4,False
2024-01-18T13:59:30,54.85,59.27,757.8,False
2024-01-18T14:00:00,60.52,57.43,732.8,False
2024-01-18T14:00:30,53.73,59.45,753.1,False
2024-01-18T14:01:00,53.11,58.28,739.9,False
2024-01-18T14:01:30,56.15,53.98,741.9,False
2024-01-18T14:02:00,63.7,58.96,812.0,False
2024-01-18T14:02:30,63.54,57.62,810.9,False
2024-01-18T14:03:00,56.5,57.25,769.7,False
2024-01-18T14:03:30,55.84,57.13,776.6,False
2024-01-18T14:04:00,52.96,55.68,838.5,False
2024-01-18T14:04:30,58.12,54.18,771.7,False
2024-01-18T14:05:00,58.38,55.51,741.3,False
2024-01-18T14:05:30,60.28,59.84,706.0,False
2024-01-18T14:06:00,60.65,60.75,728.9,False
2024-01-18T14:06:30,57.34,53.81,728.4,False
2024-01-18T14:07:00,59.61,56.42,804.4,False
2024-01-18T14:07:30,55.85,59.15,731.0,False
2024-01-18T14:08:00,59.57,56.52,792.8,False
2024-01-18T14:08:30,56.45,57.38,722.3,False
2024-01-18T14:09:00,59.36,56.23,793.1,False
2024-01-18T14:09:30,59.12,60.41,807.9,False
2024-01-18T14:10:00,58.2,54.26,749.5,False
2024-01-18T14:10:30,60.39,58.78,800.5,False
2024-01-18T14:11:00,53.3,57.73,708.8,False
2024-01-18T14:11:30,54.83,57.83,689.4,False
2024-01-18T14:12:00,57.22,56.88,779.9,False
2024-01-18T14:12:30,53.71,54.66,746.2,False
2024-01-18T14:13:00,56.83,57.15,778.4,False
2024-01-18T14:13:30,56.94,55.09,793.7,False
2024-01-18T14:14:00,62.0,60.0,786.0,False
2024-01-18T14:14:30,58.51,58.29,761.0,False
2024-01-18T14:15:00,61.18,58.96,778.0,False
2024-01-18T14:15:30,59.0,60.71,785.8,False
2024-01-18T14:16:00,56.5,55.32,746.4,False
2024-01-18T14:16:30,58.51,55.06,773.1,False
2024-01-18T14:17:00,60.31,58.32,753.6,False
2024-01-18T14:17:30,61.71,60.32,752.6,False
2024-01-18T14:18:00,57.74,57.87,725.6,False
2024-01-18T14:18:30,53.2,55.52,742.3,False
2024-01-18T14:19:00,53.0,53.47,722.3,False
2024-01-18T14:19:30,57.18,55.85,737.7,False
2024-01-18T14:20:00,51.15,53.82,735.8,False
2024-01-18T14:20:30,63.56,59.87,866.8,False
2024-01-18T14:21:00,59.97,61.41,760.0,False
2024-01-18T14:21:30,56.28,57.9,706.9,False
2024-01-18T14:22:00,54.87,55.6,776.7,False
2024-01-18T14:22:30,61.29,62.06,790.9,False
2024-01-18T14:23:00,54.87,57.56,731.6,False
2024-01-18T14:23:30,55.16,54.1,782.0,False
2024-01-18T14:24:00,55.93,50.71,736.9,False
2024-01-18T14:24:30,58.57,55.87,784.5,False
2024-01-18T14:25:00,60.1,60.48,787.2,False
2024-01-18T14:25:30,61.82,61.93,924.4,False
2024-01-18T14:26:00,61.39,56.61,785.7,False
2024-01-18T14:26:30,58.26,59.69,803.6,False
2024-01-18T14:27:00,61.33,61.15,780.6,False
2024-01-18T14:27:30,56.26,60.16,768.1,False
2024-01-18T14:28:00,52.81,57.55,714.7,False
2024-01-18T14:28:30,56.27,60.09,782.0,False
2024-01-18T14:29:00,55.87,58.16,743.1,False
2024-01-18T14:29:30,56.4,58.36,771.3,False
2024-01-18T14:30:00,55.42,56.29,713.1,False
2024-01-18T14:30:30,56.92,59.35,723.5,False
2024-01-18T14:31:00,60.17,56.68,706.1,False
2024-01-18T14:31:30,63.46,60.71,822.3,False
2024-01-18T14:32:00,53.15,56.91,699.2,False
2024-01-18T14:32:30,54.46,59.31,823.5,False
2024-01-18T14:33:00,55.96,56.28,728.8,False
2024-01-18T14:33:30,60.63,61.51,834.9,False
2024-01-18T14:34:00,57.73,57.73,807.6,False
2024-01-18T14:34:30,56.18,59.33,739.6,False
2024-01-18T14:35:00,60.5,57.92,754.5,False
2024-01-18T14:35:30,61.23,61.33,784.4,False
2024-01-18T14:36:00,58.31,58.23,811.8,False
2024-01-18T14:36:30,55.92,54.86,838.8,False
2024-01-18T14:37:00,59.18,58.56,724.1,False
2024-01-18T14:37:30,57.67,60.76,762.0,False
2024-01-18T14:38:00,57.66,56.07,737.1,False
2024-01-18T14:38:30,56.85,54.73,740.3,False
2024-01-18T14:39:00,61.16,60.66,857.6,False
2024-01-18T14:39:30,59.14,55.5,742.3,False
2024-01-18T14:40:00,61.5,63.16,727.7,False
2024-01-18T14:40:30,62.41,63.56,807.3,False
2024-01-18T14:41:00,59.78,61.25,793.4,False
2024-01-18T14:41:30,56.89,57.71,738.2,False
2024-01-18T14:42:00,61.53,63.38,765.0,False
2024-01-18T14:42:30,59.81,61.89,784.9,False
2024-01-18T14:43:00,66.23,61.34,775.8,False
2024-01-18T14:43:30,59.35,61.84,791.7,False
2024-01-18T14:44:00,60.52,57.73,770.2,False
2024-01-18T14:44:30,59.3,58.55,829.9,False
2024-01-18T14:45:00,58.13,54.78,777.8,False
2024-01-18T14:45:30,57.65,58.42,755.1,False
2024-01-18T14:46:00,59.32,58.37,765.3,False
2024-01-18T14:46:30,60.0,58.4,702.7,False
2024-01-18T14:47:00,61.9,59.92,790.3,False
2024-01-18T14:47:30,59.37,57.83,766.8,False
2024-01-18T14:48:00,57.05,57.92,758.5,False
2024-01-18T14:48:30,57.47,60.61,752.1,False
2024-01-18T14:49:00,54.48,54.42,793.0,False
2024-01-18T14:49:30,63.43,62.75,796.7,False
2024-01-18T14:50:00,56.83,58.16,720.9,False
2024-01-18T14:50:30,61.36,60.74,724.3,False
2024-01-18T14:51:00,59.29,58.9,756.4,False
2024-01-18T14:51:30,59.37,57.57,733.1,False
2024-01-18T14:52:00,58.11,59.26,712.9,False
2024-01-18T14:52:30,56.1,58.41,736.3,False
2024-01-18T14:53:00,55.56,55.5,790.0,False
2024-01-18T14:53:30,63.65,58.47,846.6,False
2024-01-18T14:54:00,58.81,58.9,719.2,False
2024-01-18T14:54:30,61.84,61.76,796.2,False
2024-01-18T14:55:00,62.62,62.65,817.9,False
2024-01-18T14:55:30,57.23,60.35,781.3,False
2024-01-18T14:56:00,59.74,59.94,842.1,False
2024-01-18T14:56:30,58.6,58.11,722.0,False
2024-01-18T14:57:00,55.0,56.83,704.5,False
2024-01-18T14:57:30,57.91,55.8,736.8,False
2024-01-18T14:58:00,60.23,58.09,796.5,False
2024-01-18T14:58:30,56.97,57.72,646.9,False
2024-01-18T14:59:00,57.5,57.55,750.8,False
2024-01-18T14:59:30,57.95,58.5,692.3,False
2024-01-18T15:00:00,64.81,58.99,818.4,False
2024-01-18T15:00:30,52.97,53.52,806.6,False
2024-01-18T15:01:00,59.98,60.88,815.8,False
2024-01-18T15:01:30,57.71,56.53,712.6,False
2024-01-18T15:02:00,56.55,56.27,735.6,False
2024-01-18T15:02:30,57.64,58.36,725.5,False
2024-01-18T15:03:00,60.47,57.72,835.6,False
2024-01-18T15:03:30,60.64,61.89,697.1,False
2024-01-18T15:04:00,59.03,56.35,754.6,False
2024-01-18T15:04:30,61.75,60.23,766.1,False
2024-01-18T15:05:00,62.27,59.0,751.3,False
2024-01-18T15:05:30,60.91,60.13,853.7,False
2024-01-18T15:06:00,56.83,56.78,692.0,False
2024-01-18T15:06:30,59.95,59.29,731.8,False
2024-01-18T15:07:00,59.96,61.79,843.5,False
2024-01-18T15:07:30,56.01,56.0,744.1,False
2024-01-18T15:08:00,53.75,54.85,723.0,False
2024-01-18T15:08:30,52.39,54.93,694.1,False
2024-01-18T15:09:00,58.67,61.65,769.2,False
2024-01-18T15:09:30,59.35,58.86,757.6,False
2024-01-18T15:10:00,54.91,59.29,709.9,False
2024-01-18T15:10:30,61.59,59.81,736.6,False
2024-01-18T15:11:00,58.9,61.21,772.8,False
2024-01-18T15:11:30,62.49,61.44,776.1,False
2024-01-18T15:12:00,59.56,60.26,757.7,False
2024-01-18T15:12:30,55.24,54.13,768.3,False
2024-01-18T15:13:00,59.81,56.12,758.3,False
2024-01-18T15:13:30,60.45,61.75,779.2,False
2024-01-18T15:14:00,56.79,59.89,821.3,False
2024-01-18T15:14:30,54.1,61.28,748.2,False
2024-01-18T15:15:00,58.73,55.78,748.2,False
2024-01-18T15:15:30,55.42,58.07,699.5,False
2024-01-18T15:16:00,61.79,58.23,789.0,False
2024-01-18T15:16:30,57.2,56.51,789.1,False
2024-01-18T15:17:00,63.59,60.18,785.1,False
2024-01-18T15:17:30,52.04,56.18,714.6,False
2024-01-18T15:18:00,58.81,57.47,745.9,False
2024-01-18T15:18:30,62.69,60.81,785.2,False
2024-01-18T15:19:00,55.73,58.93,694.8,False
2024-01-18T15:19:30,57.92,60.62,771.8,False
2024-01-18T15:20:00,57.19,59.38,760.8,False
2024-01-18T15:20:30,56.34,58.48,807.3,False
2024-01-18T15:21:00,59.12,58.68,774.7,False
2024-01-18T15:21:30,54.5,55.52,704.9,False
2024-01-18T15:22:00,58.05,59.51,819.8,False
2024-01-18T15:22:30,59.92,57.27,791.3,False
2024-01-18T15:23:00,57.73,58.51,766.7,False
2024-01-18T15:23:30,55.37,54.94,739.7,False
2024-01-18T15:24:00,61.45,60.06,795.0,False
2024-01-18T15:24:30,60.55,57.58,747.1,False
2024-01-18T15:25:00,55.23,56.23,735.7,False
2024-01-18T15:25:30,54.47,55.3,724.1,False
2024-01-18T15:26:00,55.49,55.57,755.3,False
2024-01-18T15:26:30,59.97,59.23,821.6,False
2024-01-18T15:27:00,59.16,54.15,809.1,False
2024-01-18T15:27:30,60.7,56.17,803.2,False
2024-01-18T15:28:00,57.34,59.71,687.0,False
2024-01-18T15:28:30,55.54,57.49,724.1,False
2024-01-18T15:29:00,61.07,58.52,712.8,False
2024-01-18T15:29:30,56.65,59.7,793.6,False
2024-01-18T15:30:00,58.86,57.58,763.2,False
2024-01-18T15:30:30,53.64,55.1,720.4,False
2024-01-18T15:31:00,56.58,56.16,722.4,False
2024-01-18T15:31:30,61.31,63.9,838.2,False
2024-01-18T15:32:00,56.13,57.97,750.2,False
2024-01-18T15:32:30,60.71,60.19,778.3,False
2024-01-18T15:33:00,51.27,56.01,712.3,False
2024-01-18T15:33:30,56.58,54.03,757.9,False
2024-01-18T15:34:00,57.74,57.12,753.7,False
2024-01-18T15:34:30,63.47,62.09,855.4,False
2024-01-18T15:35:00,54.73,56.8,785.1,False
2024-01-18T15:35:30,60.24,63.98,782.9,False
2024-01-18T15:36:00,61.4,59.08,757.2,False
2024-01-18T15:36:30,56.05,59.36,758.7,False
2024-01-18T15:37:00,57.09,59.61,730.1,False
2024-01-18T15:37:30,58.63,59.05,823.3,False
2024-01-18T15:38:00,53.75,56.98,790.0,False
2024-01-18T15:38:30,56.82,57.29,780.6,False
2024-01-18T15:39:00,62.01,56.52,746.8,False
2024-01-18T15:39:30,59.74,60.03,756.5,False
2024-01-18T15:40:00,57.7,59.17,750.8,False
2024-01-18T15:40:30,58.5,59.88,731.6,False
2024-01-18T15:41:00,59.89,59.54,764.2,False
2024-01-18T15:41:30,60.46,61.64,790.2,False
2024-01-18T15:42:00,56.47,55.97,770.0,False
2024-01-18T15:42:30,62.73,63.77,850.6,False
2024-01-18T15:43:00,62.07,58.53,792.9,False
2024-01-18T15:43:30,60.14,59.33,766.4,False
2024-01-18T15:44:00,55.57,58.62,690.3,False
2024-01-18T15:44:30,55.03,55.96,751.4,False
2024-01-18T15:45:00,57.11,59.53,736.0,False
2024-01-18T15:45:30,58.26,57.92,755.0,False
2024-01-18T15:46:00,52.76,56.1,696.8,False
2024-01-18T15:46:30,59.54,58.89,752.1,False
2024-01-18T15:47:00,61.91,59.29,821.3,False
2024-01-18T15:47:30,59.77,63.87,773.2,False
2024-01-18T15:48:00,56.01,55.81,807.8,False
2024-01-18T15:48:30,55.64,52.74,697.7,False
2024-01-18T15:49:00,58.92,57.34,818.6,False
2024-01-18T15:49:30,57.55,58.53,737.9,False
2024-01-18T15:50:00,59.33,58.4,769.7,False
2024-01-18T15:50:30,59.79,61.43,795.4,False
2024-01-18T15:51:00,61.25,62.09,828.4,False
2024-01-18T15:51:30,54.57,56.15,776.5,False
2024-01-18T15:52:00,58.62,55.45,808.2,False
2024-01-18T15:52:30,56.86,55.36,743.9,False
2024-01-18T15:53:00,57.64,58.26,831.0,False
2024-01-18T15:53:30,60.52,56.63,806.1,False
2024-01-18T15:54:00,60.84,59.19,666.3,False
2024-01-18T15:54:30,62.1,63.4,796.5,False
2024-01-18T15:55:00,59.17,59.78,756.5,False
2024-01-18T15:55:30,57.56,58.38,746.3,False
2024-01-18T15:56:00,57.12,55.99,780.8,False
2024-01-18T15:56:30,52.66,56.21,732.0,False
2024-01-18T15:57:00,61.87,59.93,766.3,False
2024-01-18T15:57:30,56.88,58.43,813.6,False
2024-01-18T15:58:00,59.35,60.65,721.8,False
2024-01-18T15:58:30,59.86,61.24,723.2,False
2024-01-18T15:59:00,54.08,56.81,687.6,False
2024-01-18T15:59:30,55.03,58.06,756.4,False
2024-01-18T16:00:00,62.43,59.71,812.5,False
2024-01-18T16:00:30,58.65,61.11,735.1,False
2024-01-18T16:01:00,56.03,55.76,722.8,False
2024-01-18T16:01:30,57.38,57.8,757.2,False
2024-01-18T16:02:00,61.0,62.5,743.7,False
2024-01-18T16:02:30,60.53,58.83,814.6,False
2024-01-18T16:03:00,53.32,53.51,787.6,False
2024-01-18T16:03:30,62.61,60.02,792.2,False
2024-01-18T16:04:00,60.59,62.61,797.0,False
2024-01-18T16:04:30,57.23,53.61,760.6,False
2024-01-18T16:05:00,54.1,56.79,785.9,False
2024-01-18T16:05:30,60.82,58.68,862.6,False
2024-01-18T16:06:00,59.08,58.74,756.7,False
2024-01-18T16:06:30,53.26,55.48,725.8,False
2024-01-18T16:07:00,56.93,59.93,788.1,False
2024-01-18T16:07:30,66.99,63.15,848.1,False
2024-01-18T16:08:00,57.65,60.39,723.1,False
2024-01-18T16:08:30,55.36,59.79,668.9,False
2024-01-18T16:09:00,54.55,56.88,710.9,False
2024-01-18T16:09:30,62.87,60.27,814.5,False
2024-01-18T16:10:00,60.09,60.35,763.4,False
2024-01-18T16:10:30,61.75,61.57,750.3,False
2024-01-18T16:11:00,58.26,56.38,741.3,False
2024-01-18T16:11:30,61.27,60.66,861.8,False
2024-01-18T16:12:00,54.95,56.52,692.9,False
2024-01-18T16:12:30,57.97,57.7,749.6,False
2024-01-18T16:13:00,58.33,57.34,744.4,False
2024-01-18T16:13:30,61.6,59.11,869.5,False
2024-01-18T16:14:00,58.39,61.27,706.7,False
2024-01-18T16:14:30,55.55,56.61,711.4,False
2024-01-18T16:15:00,57.6,60.66,761.8,False
2024-01-18T16:15:30,52.37,56.01,724.1,False
2024-01-18T16:16:00,50.42,52.51,746.7,False
2024-01-18T16:16:30,59.86,59.88,818.1,False
2024-01-18T16:17:00,56.23,55.31,720.1,False
2024-01-18T16:17:30,56.55,59.07,763.4,False
2024-01-18T16:18:00,59.82,59.07,770.1,False
2024-01-18T16:18:30,61.5,62.04,772.2,False
2024-01-18T16:19:00,58.9,61.89,810.3,False
2024-01-18T16:19:30,63.06,57.64,813.2,False
2024-01-18T16:20:00,58.77,58.05,832.4,False
2024-01-18T16:20:30,58.16,56.24,782.8,False
2024-01-18T16:21:00,57.96,62.88,799.2,False
2024-01-18T16:21:30,53.36,55.39,616.8,False
2024-01-18T16:22:00,60.07,56.99,782.7,False
2024-01-18T16:22:30,49.85,59.0,714.7,False
2024-01-18T16:23:00,55.42,55.85,762.9,False
2024-01-18T16:23:30,57.23,54.96,818.2,False
2024-01-18T16:24:00,54.77,54.66,761.5,False
2024-01-18T16:24:30,55.77,57.77,696.3,False
2024-01-18T16:25:00,62.63,61.0,821.2,False
2024-01-18T16:25:30,60.41,58.13,815.4,False
2024-01-18T16:26:00,55.02,56.14,714.5,False
2024-01-18T16:26:30,55.65,57.53,727.5,False
2024-01-18T16:27:00,53.22,58.86,755.9,False
2024-01-18T16:27:30,59.15,59.84,772.1,False
2024-01-18T16:28:00,56.27,56.61,792.7,False
2024-01-18T16:28:30,51.1,54.7,715.1,False
2024-01-18T16:29:00,57.28,59.79,669.8,False
2024-01-18T16:29:30,58.28,62.11,767.5,False
2024-01-18T16:30:00,59.84,57.32,761.7,False
2024-01-18T16:30:30,56.71,60.2,777.3,False
2024-01-18T16:31:00,55.8,56.89,762.3,False
2024-01-18T16:31:30,62.86,57.8,764.1,False
2024-01-18T16:32:00,56.9,54.42,762.1,False
2024-01-18T16:32:30,59.02,61.8,792.6,False
2024-01-18T16:33:00,55.23,60.14,758.6,False
2024-01-18T16:33:30,58.9,57.93,809.3,False
2024-01-18T16:34:00,52.45,55.42,677.6,False
2024-01-18T16:34:30,55.41,53.76,736.0,False
2024-01-18T16:35:00,53.15,57.73,635.1,False
2024-01-18T16:35:30,54.94,57.04,785.7,False
2024-01-18T16:36:00,60.49,56.77,787.8,False
2024-01-18T16:36:30,54.89,57.48,734.6,False
2024-01-18T16:37:00,58.86,56.28,765.8,False
2024-01-18T16:37:30,61.24,61.37,809.1,False
2024-01-18T16:38:00,56.59,55.76,794.3,False
2024-01-18T16:38:30,59.63,60.13,765.4,False
2024-01-18T16:39:00,58.23,57.45,782.2,False
2024-01-18T16:39:30,56.96,53.39,771.6,False
2024-01-18T16:40:00,58.85,61.06,682.8,False
2024-01-18T16:40:30,62.1,62.79,768.5,False
2024-01-18T16:41:00,54.65,55.93,754.6,False
2024-01-18T16:41:30,53.66,57.03,778.7,False
2024-01-18T16:42:00,53.47,57.26,782.1,False
2024-01-18T16:42:30,59.49,60.33,726.9,False
2024-01-18T16:43:00,59.87,63.04,819.0,False
2024-01-18T16:43:30,54.85,57.91,780.2,False
2024-01-18T16:44:00,50.04,53.96,716.8,False
2024-01-18T16:44:30,54.4,57.71,654.4,False
2024-01-18T16:45:00,58.05,57.82,742.9,False
2024-01-18T16:45:30,56.19,55.62,753.8,False
2024-01-18T16:46:00,56.91,60.55,745.8,False
2024-01-18T16:46:30,54.78,58.12,651.5,False
2024-01-18T16:47:00,59.37,55.63,764.5,False
2024-01-18T16:47:30,57.34,56.97,721.5,False
2024-01-18T16:48:00,58.05,60.21,788.0,False
2024-01-18T16:48:30,56.75,54.91,773.2,False
2024-01-18T16:49:00,57.82,57.08,783.5,False
2024-01-18T16:49:30,57.61,63.8,746.1,False
2024-01-18T16:50:00,53.43,55.72,728.2,False
2024-01-18T16:50:30,57.31,60.49,755.1,False
2024-01-18T16:51:00,58.55,61.95,804.9,False
2024-01-18T16:51:30,59.62,57.67,755.6,False
2024-01-18T16:52:00,57.38,58.9,728.7,False
2024-01-18T16:52:30,53.21,60.4,764.2,False
2024-01-18T16:53:00,53.65,57.43,762.1,False
2024-01-18T16:53:30,54.76,61.79,756.7,False
2024-01-18T16:54:00,56.62,56.72,816.1,False
2024-01-18T16:54:30,55.66,61.11,828.8,False
2024-01-18T16:55:00,52.63,56.04,770.3,False
2024-01-18T16:55:30,52.6,55.33,690.9,False
2024-01-18T16:56:00,49.67,55.8,730.6,False
2024-01-18T16:56:30,46.58,52.76,677.1,False
2024-01-18T16:57:00,55.53,57.29,721.7,False
2024-01-18T16:57:30,62.86,62.09,773.2,False
2024-01-18T16:58:00,61.27,56.71,800.9,False
2024-01-18T16:58:30,52.92,54.56,756.0,False
2024-01-18T16:59:00,56.28,59.29,805.5,False
2024-01-18T16:59:30,64.17,63.77,1140.3,False
2024-01-18T17:00:00,76.91,68.87,1238.2,False
2024-01-18T17:00:30,89.66,75.08,1309.0,False
2024-01-18T17:01:00,89.6,75.31,1325.5,False
2024-01-18T17:01:30,89.31,76.28,1254.7,False
2024-01-18T17:02:00,90.15,71.93,1343.8,False
2024-01-18T17:02:30,89.72,73.55,1335.0,False
2024-01-18T17:03:00,89.03,74.08,1388.8,False
2024-01-18T17:03:30,89.67,74.94,1315.7,False
2024-01-18T17:04:00,90.12,70.55,1368.6,False
2024-01-18T17:04:30,88.65,71.53,1290.2,False
2024-01-18T17:05:00,89.97,74.67,1387.7,False
2024-01-18T17:05:30,88.08,75.78,1362.6,False
2024-01-18T17:06:00,90.76,74.26,1371.4,False
2024-01-18T17:06:30,90.18,73.48,1323.9,False
2024-01-18T17:07:00,91.29,76.42,1321.4,False
2024-01-18T17:07:30,88.54,73.34,1293.5,False
2024-01-18T17:08:00,79.91,71.44,1200.4,False
2024-01-18T17:08:30,65.67,62.12,1144.0,False
2024-01-18T17:09:00,57.43,56.21,1049.5,False
2024-01-18T17:09:30,46.9,55.31,690.5,True
2024-01-18T17:10:00,41.98,52.49,642.6,True
2024-01-18T17:10:30,44.43,49.33,612.5,True
2024-01-18T17:11:00,45.56,52.6,706.9,True
2024-01-18T17:11:30,44.49,50.62,659.8,True
2024-01-18T17:12:00,45.06,52.8,695.0,True
2024-01-18T17:12:30,40.99,47.77,581.3,True
2024-01-18T17:13:00,45.49,53.52,633.3,True
2024-01-18T17:13:30,42.97,52.91,628.1,True
2024-01-18T17:14:00,44.96,49.62,669.4,True
2024-01-18T17:14:30,57.88,58.11,758.9,False
2024-01-18T17:15:00,57.11,60.02,811.4,False
2024-01-18T17:15:30,56.12,55.1,790.4,False
2024-01-18T17:16:00,56.98,56.19,726.6,False
2024-01-18T17:16:30,57.09,58.91,874.6,False
2024-01-18T17:17:00,59.49,58.47,772.5,False
2024-01-18T17:17:30,54.88,53.33,790.7,False
2024-01-18T17:18:00,55.45,56.13,732.2,False
2024-01-18T17:18:30,57.73,61.4,786.8,False
2024-01-18T17:19:00,53.43,59.89,765.5,False
2024-01-18T17:19:30,50.87,53.21,646.8,False
2024-01-18T17:20:00,56.33,55.39,820.5,False
2024-01-18T17:20:30,54.21,55.24,702.4,False
2024-01-18T17:21:00,51.18,58.25,695.5,False
2024-01-18T17:21:30,56.28,58.88,726.0,False
2024-01-18T17:22:00,59.05,61.51,749.7,False
2024-01-18T17:22:30,49.84,55.98,677.9,False
2024-01-18T17:23:00,57.77,55.31,714.4,False
2024-01-18T17:23:30,47.07,50.7,707.0,False
2024-01-18T17:24:00,53.45,54.4,732.2,False
2024-01-18T17:24:30,60.15,58.1,775.6,False
2024-01-18T17:25:00,53.61,54.52,769.6,False
2024-01-18T17:25:30,54.84,55.37,809.4,False
2024-01-18T17:26:00,56.84,58.77,692.3,False
2024-01-18T17:26:30,49.37,54.03,759.9,False
2024-01-18T17:27:00,54.71,58.87,736.8,False
2024-01-18T17:27:30,54.66,56.91,683.3,False
2024-01-18T17:28:00,60.03,57.74,796.8,False
2024-01-18T17:28:30,50.71,54.81,701.0,False
2024-01-18T17:29:00,53.25,52.68,760.4,False
2024-01-18T17:29:30,51.58,50.25,718.5,False
2024-01-18T17:30:00,51.23,55.99,724.2,False
2024-01-18T17:30:30,57.69,59.97,744.1,False
2024-01-18T17:31:00,54.36,56.41,693.8,False
2024-01-18T17:31:30,52.59,54.6,750.4,False
2024-01-18T17:32:00,52.68,52.74,700.4,False
2024-01-18T17:32:30,52.51,57.68,736.2,False
2024-01-18T17:33:00,52.76,56.45,781.5,False
2024-01-18T17:33:30,50.36,54.85,696.5,False
2024-01-18T17:34:00,53.35,55.76,754.8,False
2024-01-18T17:34:30,53.02,54.67,722.9,False
2024-01-18T17:35:00,51.8,52.77,699.8,False
2024-01-18T17:35:30,54.51,56.86,673.6,False
2024-01-18T17:36:00,54.73,55.39,736.3,False
2024-01-18T17:36:30,52.32,54.41,712.0,False
2024-01-18T17:37:00,53.53,59.3,693.4,False
2024-01-18T17:37:30,60.41,59.21,701.9,False
2024-01-18T17:38:00,60.26,54.33,715.3,False
2024-01-18T17:38:30,50.71,53.39,777.1,False
2024-01-18T17:39:00,51.1,52.66,710.3,False
2024-01-18T17:39:30,50.64,54.15,647.7,False
2024-01-18T17:40:00,56.96,54.74,731.6,False
2024-01-18T17:40:30,52.57,56.27,721.0,False
2024-01-18T17:41:00,54.45,55.75,753.6,False
2024-01-18T17:41:30,59.7,58.01,768.3,False
2024-01-18T17:42:00,53.65,56.24,810.0,False
2024-01-18T17:42:30,55.77,56.85,828.9,False
2024-01-18T17:43:00,55.18,56.44,756.8,False
2024-01-18T17:43:30,51.83,54.59,700.0,False
2024-01-18T17:44:00,56.74,57.46,769.2,False
2024-01-18T17:44:30,50.99,55.31,654.7,False
2024-01-18T17:45:00,57.53,58.33,800.2,False
2024-01-18T17:45:30,51.72,57.24,720.6,False
2024-01-18T17:46:00,52.02,54.05,667.8,False
2024-01-18T17:46:30,50.16,54.69,677.9,False
2024-01-18T17:47:00,50.62,59.34,727.9,False
2024-01-18T17:47:30,52.08,55.09,650.1,False
2024-01-18T17:48:00,46.04,52.15,632.6,False
2024-01-18T17:48:30,52.6,52.91,702.2,False
2024-01-18T17:49:00,51.75,53.59,753.0,False
2024-01-18T17:49:30,55.62,56.74,813.5,False
2024-01-18T17:50:00,54.49,57.45,751.0,False
2024-01-18T17:50:30,51.06,55.97,582.1,False
2024-01-18T17:51:00,51.78,55.69,669.6,False
2024-01-18T17:51:30,52.42,56.97,859.2,False
2024-01-18T17:52:00,57.56,55.93,766.7,False
2024-01-18T17:52:30,50.6,55.43,600.6,False
2024-01-18T17:53:00,50.88,54.62,801.9,False
2024-01-18T17:53:30,49.62,54.21,643.5,False
2024-01-18T17:54:00,48.53,52.7,711.2,False
2024-01-18T17:54:30,53.87,54.18,685.1,False
2024-01-18T17:55:00,53.53,53.49,816.3,False
2024-01-18T17:55:30,56.74,58.17,697.2,False
2024-01-18T17:56:00,55.98,58.15,724.4,False
2024-01-18T17:56:30,60.02,58.91,822.1,False
2024-01-18T17:57:00,52.58,55.42,698.5,False
2024-01-18T17:57:30,51.99,53.72,735.3,False
2024-01-18T17:58:00,48.84,54.59,723.9,False
2024-01-18T17:58:30,54.8,56.69,745.4,False
2024-01-18T17:59:00,53.03,54.95,679.8,False
2024-01-18T17:59:30,54.6,58.2,705.3,False
2024-01-18T18:00:00,49.2,55.06,678.2,False
2024-01-18T18:00:30,53.64,52.92,752.6,False
2024-01-18T18:01:00,53.17,55.86,757.8,False
2024-01-18T18:01:30,52.94,53.73,731.7,False
2024-01-18T18:02:00,50.44,54.68,731.6,False
2024-01-18T18:02:30,56.03,50.89,684.5,False
2024-01-18T18:03:00,58.58,58.86,780.5,False
2024-01-18T18:03:30,49.06,55.14,689.9,False
2024-01-18T18:04:00,54.53,56.23,756.0,False
2024-01-18T18:04:30,43.7,48.71,679.7,False
2024-01-18T18:05:00,54.31,60.25,692.4,False
2024-01-18T18:05:30,46.66,54.83,668.9,False
2024-01-18T18:06:00,50.66,53.46,758.7,False
2024-01-18T18:06:30,48.27,52.8,698.3,False
2024-01-18T18:07:00,51.53,51.0,708.2,False
2024-01-18T18:07:30,54.66,57.47,688.6,False
2024-01-18T18:08:00,46.54,49.73,694.0,False
2024-01-18T18:08:30,51.0,56.03,652.4,False
2024-01-18T18:09:00,50.51,56.5,696.9,False
2024-01-18T18:09:30,56.76,57.44,734.4,False
2024-01-18T18:10:00,53.28,53.71,742.0,False
2024-01-18T18:10:30,48.42,55.91,663.4,False
2024-01-18T18:11:00,50.5,54.46,690.9,False
2024-01-18T18:11:30,56.55,57.67,716.0,False
2024-01-18T18:12:00,54.0,54.34,722.0,False
2024-01-18T18:12:30,49.07,54.13,701.1,False
2024-01-18T18:13:00,50.99,54.3,694.0,False
2024-01-18T18:13:30,51.05,52.08,695.9,False
2024-01-18T18:14:00,50.11,56.95,707.5,False
2024-01-18T18:14:30,46.56,56.01,712.5,False
2024-01-18T18:15:00,49.63,56.07,726.8,False
2024-01-18T18:15:30,55.79,58.85,694.6,False
2024-01-18T18:16:00,50.45,57.97,734.3,False
2024-01-18T18:16:30,51.25,52.75,764.7,False
2024-01-18T18:17:00,51.95,53.08,743.8,False
2024-01-18T18:17:30,58.15,57.47,668.6,False
2024-01-18T18:18:00,51.49,55.57,722.5,False
2024-01-18T18:18:30,54.71,56.0,793.0,False
2024-01-18T18:19:00,49.6,51.99,678.8,False
2024-01-18T18:19:30,50.58,54.53,820.7,False
2024-01-18T18:20:00,51.36,54.73,623.7,False
2024-01-18T18:20:30,48.97,55.4,697.6,False
2024-01-18T18:21:00,50.65,54.65,734.1,False
2024-01-18T18:21:30,53.89,52.37,738.0,False
2024-01-18T18:22:00,48.79,54.4,696.5,False
2024-01-18T18:22:30,51.16,57.98,667.7,False
2024-01-18T18:23:00,53.25,55.92,703.0,False
2024-01-18T18:23:30,48.62,55.53,711.9,False
2024-01-18T18:24:00,54.34,55.41,650.2,False
2024-01-18T18:24:30,51.24,56.0,746.2,False
2024-01-18T18:25:00,50.49,53.01,699.4,False
2024-01-18T18:25:30,44.93,51.22,681.5,False
2024-01-18T18:26:00,49.8,53.67,732.3,False
2024-01-18T18:26:30,52.0,56.21,865.2,False
2024-01-18T18:27:00,56.09,55.65,804.7,False
2024-01-18T18:27:30,52.52,52.59,672.1,False
2024-01-18T18:28:00,54.16,57.28,819.8,False
2024-01-18T18:28:30,47.12,53.68,568.4,False
2024-01-18T18:29:00,50.33,54.65,684.9,False
2024-01-18T18:29:30,54.34,58.3,741.7,False
2024-01-18T18:30:00,47.98,52.85,670.9,False
2024-01-18T18:30:30,53.51,56.58,739.3,False
2024-01-18T18:31:00,52.78,54.95,715.5,False
2024-01-18T18:31:30,51.37,54.43,762.3,False
2024-01-18T18:32:00,49.52,54.71,676.9,False
2024-01-18T18:32:30,47.51,57.56,675.5,False
2024-01-18T18:33:00,55.76,58.64,817.0,False
2024-01-18T18:33:30,52.3,56.52,757.1,False
2024-01-18T18:34:00,51.39,56.52,704.3,False
2024-01-18T18:34:30,49.09,49.13,711.6,False
2024-01-18T18:35:00,50.41,55.12,778.2,False
2024-01-18T18:35:30,50.76,56.48,650.7,False
2024-01-18T18:36:00,51.43,55.16,667.9,False
2024-01-18T18:36:30,52.39,55.39,696.2,False
2024-01-18T18:37:00,47.81,51.31,691.2,False
2024-01-18T18:37:30,45.72,51.28,704.5,False
2024-01-18T18:38:00,50.34,52.79,672.1,False
2024-01-18T18:38:30,44.81,53.69,620.8,False
2024-01-18T18:39:00,49.04,56.81,639.9,False
2024-01-18T18:39:30,48.45,57.39,649.9,False
2024-01-18T18:40:00,51.42,53.3,685.1,False
2024-01-18T18:40:30,55.85,55.88,660.3,False
2024-01-18T18:41:00,44.04,49.81,629.8,False
2024-01-18T18:41:30,56.66,55.59,711.3,False
2024-01-18T18:42:00,49.1,51.84,686.2,False
2024-01-18T18:42:30,50.81,53.67,774.4,False
2024-01-18T18:43:00,45.48,53.79,600.1,False
2024-01-18T18:43:30,52.68,54.21,762.0,False
2024-01-18T18:44:00,49.78,56.3,764.9,False
2024-01-18T18:44:30,49.43,56.76,734.1,False
2024-01-18T18:45:00,43.77,51.76,663.9,False
2024-01-18T18:45:30,49.77,56.65,750.7,False
2024-01-18T18:46:00,52.05,52.61,741.7,False
2024-01-18T18:46:30,48.76,52.58,734.5,False
2024-01-18T18:47:00,52.96,56.17,728.4,False
2024-01-18T18:47:30,52.8,56.16,680.0,False
2024-01-18T18:48:00,47.44,55.9,726.1,False
2024-01-18T18:48:30,54.11,54.38,837.3,False
2024-01-18T18:49:00,49.43,52.96,681.8,False
2024-01-18T18:49:30,49.4,53.85,696.1,False
2024-01-18T18:50:00,49.51,53.04,700.6,False
2024-01-18T18:50:30,49.39,51.93,636.3,False
2024-01-18T18:51:00,41.25,49.0,596.1,False
2024-01-18T18:51:30,48.55,53.11,700.6,False
2024-01-18T18:52:00,44.98,54.71,656.1,False
2024-01-18T18:52:30,53.91,54.25,732.0,False
2024-01-18T18:53:00,53.75,57.84,731.1,False
2024-01-18T18:53:30,51.51,57.63,707.5,False
2024-01-18T18:54:00,48.21,52.41,655.0,False
2024-01-18T18:54:30,45.86,52.79,684.3,False
2024-01-18T18:55:00,46.87,53.93,688.1,False
2024-01-18T18:55:30,54.64,57.48,701.9,False
2024-01-18T18:56:00,46.7,52.85,690.2,False
2024-01-18T18:56:30,41.67,48.82,608.4,False
2024-01-18T18:57:00,51.79,56.56,740.4,False
2024-01-18T18:57:30,53.16,55.18,723.6,False
2024-01-18T18:58:00,53.6,56.2,744.6,False
2024-01-18T18:58:30,51.7,55.55,720.6,False
2024-01-18T18:59:00,52.15,57.14,715.0,False
2024-01-18T18:59:30,48.67,57.54,702.4,False
2024-01-18T19:00:00,42.24,49.0,671.6,False
2024-01-18T19:00:30,48.52,53.72,693.0,False
2024-01-18T19:01:00,50.26,51.52,706.3,False
2024-01-18T19:01:30,47.95,56.3,669.5,False
2024-01-18T19:02:00,47.78,53.33,609.5,False
2024-01-18T19:02:30,45.39,51.46,664.5,False
2024-01-18T19:03:00,45.24,52.08,611.3,False
2024-01-18T19:03:30,53.72,56.43,707.1,False
2024-01-18T19:04:00,53.79,54.8,695.7,False
2024-01-18T19:04:30,48.12,55.8,656.3,False
2024-01-18T19:05:00,48.94,55.12,665.3,False
2024-01-18T19:05:30,45.11,53.49,680.3,False
2024-01-18T19:06:00,49.94,52.98,712.8,False
2024-01-18T19:06:30,53.25,54.53,730.5,False
2024-01-18T19:07:00,43.35,50.82,695.2,False
2024-01-18T19:07:30,49.29,55.62,816.7,False
2024-01-18T19:08:00,49.48,55.12,716.1,False
2024-01-18T19:08:30,49.4,52.52,731.6,False
2024-01-18T19:09:00,52.71,57.07,732.9,False
2024-01-18T19:09:30,53.85,54.36,756.7,False
2024-01-18T19:10:00,47.01,51.56,611.1,False
2024-01-18T19:10:30,49.69,54.54,589.3,False
2024-01-18T19:11:00,47.88,50.98,598.5,False
2024-01-18T19:11:30,45.69,50.31,640.6,False
2024-01-18T19:12:00,48.36,56.67,741.6,False
2024-01-18T19:12:30,49.53,56.89,706.4,False
2024-01-18T19:13:00,48.12,58.03,669.4,False
2024-01-18T19:13:30,44.79,52.69,681.1,False
2024-01-18T19:14:00,46.0,53.69,682.2,False
2024-01-18T19:14:30,45.99,52.08,613.7,False
2024-01-18T19:15:00,44.79,51.09,677.1,False
2024-01-18T19:15:30,48.22,55.25,719.0,False
2024-01-18T19:16:00,48.49,56.37,772.0,False
2024-01-18T19:16:30,50.14,56.04,697.9,False
2024-01-18T19:17:00,44.59,50.02,724.4,False
2024-01-18T19:17:30,45.39,52.88,646.9,False
2024-01-18T19:18:00,51.75,53.74,807.0,False
2024-01-18T19:18:30,46.55,52.03,648.6,False
2024-01-18T19:19:00,47.09,56.23,702.4,False
2024-01-18T19:19:30,46.44,50.23,683.0,False
2024-01-18T19:20:00,50.32,58.91,762.2,False
2024-01-18T19:20:30,50.4,55.71,757.4,False
2024-01-18T19:21:00,50.18,53.57,659.8,False
2024-01-18T19:21:30,46.88,53.0,661.6,False
2024-01-18T19:22:00,44.15,50.12,738.2,False
2024-01-18T19:22:30,52.5,54.58,724.0,False
2024-01-18T19:23:00,49.25,54.2,726.6,False
2024-01-18T19:23:30,45.28,51.4,619.4,False
2024-01-18T19:24:00,50.88,53.0,697.2,False
2024-01-18T19:24:30,44.96,51.46,631.3,False
2024-01-18T19:25:00,50.76,52.18,743.1,False
2024-01-18T19:25:30,50.92,52.35,736.9,False
2024-01-18T19:26:00,43.68,48.71,698.4,False
2024-01-18T19:26:30,48.15,56.85,641.8,False
2024-01-18T19:27:00,48.71,54.6,711.6,False
2024-01-18T19:27:30,54.17,57.71,734.2,False
2024-01-18T19:28:00,44.06,51.49,554.7,False
2024-01-18T19:28:30,50.54,55.72,722.9,False
2024-01-18T19:29:00,46.26,54.92,721.7,False
2024-01-18T19:29:30,42.44,51.48,702.4,False
2024-01-18T19:30:00,45.76,55.61,664.7,False
2024-01-18T19:30:30,46.09,52.42,701.9,False
2024-01-18T19:31:00,42.87,52.08,664.8,False
2024-01-18T19:31:30,46.94,54.32,645.1,False
2024-01-18T19:32:00,48.84,52.0,654.8,False
2024-01-18T19:32:30,46.64,52.85,671.2,False
2024-01-18T19:33:00,44.26,47.9,644.6,False
2024-01-18T19:33:30,45.4,51.89,666.7,False
2024-01-18T19:34:00,45.79,51.79,649.6,False
2024-01-18T19:34:30,46.41,51.98,679.8,False
2024-01-18T19:35:00,49.05,53.17,649.7,False
2024-01-18T19:35:30,46.49,53.73,732.9,False
2024-01-18T19:36:00,41.43,48.4,558.6,False
2024-01-18T19:36:30,43.91,55.14,648.0,False
2024-01-18T19:37:00,46.05,53.63,660.3,False
2024-01-18T19:37:30,48.89,52.3,685.7,False
2024-01-18T19:38:00,49.37,55.45,661.2,False
2024-01-18T19:38:30,50.76,56.84,645.6,False
2024-01-18T19:39:00,45.79,53.1,675.9,False
2024-01-18T19:39:30,47.64,51.28,672.9,False
2024-01-18T19:40:00,40.95,54.42,643.0,False
2024-01-18T19:40:30,46.56,54.03,606.5,False
2024-01-18T19:41:00,42.0,47.98,704.7,False
2024-01-18T19:41:30,45.0,52.4,656.8,False
2024-01-18T19:42:00,54.24,56.16,612.2,False
2024-01-18T19:42:30,46.02,52.5,675.7,False
2024-01-18T19:43:00,42.47,48.33,620.9,False
2024-01-18T19:43:30,46.25,52.71,624.6,False
2024-01-18T19:44:00,43.43,49.54,696.7,False
2024-01-18T19:44:30,42.06,49.82,673.7,False
2024-01-18T19:45:00,51.21,55.87,723.3,False
2024-01-18T19:45:30,48.06,52.56,687.6,False
2024-01-18T19:46:00,45.85,51.84,687.0,False
2024-01-18T19:46:30,43.6,52.93,585.7,False
2024-01-18T19:47:00,43.8,49.62,658.1,False
2024-01-18T19:47:30,49.32,52.86,744.1,False
2024-01-18T19:48:00,45.57,49.77,706.2,False
2024-01-18T19:48:30,35.36,45.53,540.9,False
2024-01-18T19:49:00,51.83,55.67,722.1,False
2024-01-18T19:49:30,45.08,53.32,615.7,False
2024-01-18T19:50:00,45.52,50.65,670.4,False
2024-01-18T19:50:30,47.7,54.58,651.5,False
2024-01-18T19:51:00,45.8,52.61,631.6,False
2024-01-18T19:51:30,46.6,50.04,687.1,False
2024-01-18T19:52:00,43.05,51.38,615.3,False
2024-01-18T19:52:30,40.59,52.19,592.9,False
2024-01-18T19:53:00,45.08,48.26,674.7,False
2024-01-18T19:53:30,48.49,57.77,628.6,False
2024-01-18T19:54:00,42.21,49.4,624.8,False
2024-01-18T19:54:30,41.93,47.18,573.9,False
2024-01-18T19:55:00,47.73,53.66,627.6,False
2024-01-18T19:55:30,42.65,52.51,688.1,False
2024-01-18T19:56:00,42.75,50.34,625.4,False
2024-01-18T19:56:30,42.82,51.56,613.9,False
2024-01-18T19:57:00,43.7,55.62,683.7,False
2024-01-18T19:57:30,39.14,49.5,677.7,False
2024-01-18T19:58:00,42.2,56.59,647.6,False
2024-01-18T19:58:30,44.46,54.29,696.5,False
2024-01-18T19:59:00,44.4,51.83,633.1,False
2024-01-18T19:59:30,47.16,53.7,679.5,False
2024-01-18T20:00:00,49.17,53.48,693.6,False
2024-01-18T20:00:30,48.14,54.1,698.1,False
2024-01-18T20:01:00,46.31,53.81,709.0,False
2024-01-18T20:01:30,43.07,50.27,585.8,False
2024-01-18T20:02:00,41.61,47.58,597.3,False
2024-01-18T20:02:30,43.49,53.93,628.5,False
2024-01-18T20:03:00,45.15,54.06,622.4,False
2024-01-18T20:03:30,45.82,49.62,675.7,False
2024-01-18T20:04:00,45.18,52.48,670.1,False
2024-01-18T20:04:30,42.9,53.05,645.6,False
2024-01-18T20:05:00,45.59,54.19,648.6,False
2024-01-18T20:05:30,46.97,51.64,729.6,False
2024-01-18T20:06:00,45.78,54.4,674.9,False
2024-01-18T20:06:30,43.0,51.08,638.0,False
2024-01-18T20:07:00,40.55,50.61,627.1,False
2024-01-18T20:07:30,40.44,47.94,653.3,False
2024-01-18T20:08:00,40.93,41.51,636.0,False
2024-01-18T20:08:30,43.7,49.85,615.0,False
2024-01-18T20:09:00,44.44,52.85,726.1,False
2024-01-18T20:09:30,38.6,48.45,627.3,False
2024-01-18T20:10:00,41.29,51.51,584.2,False
2024-01-18T20:10:30,43.49,53.52,575.3,False
2024-01-18T20:11:00,40.02,48.91,647.7,False
2024-01-18T20:11:30,43.97,50.7,703.5,False
2024-01-18T20:12:00,41.71,46.05,651.7,False
2024-01-18T20:12:30,40.42,46.68,647.8,False
2024-01-18T20:13:00,42.7,48.24,667.1,False
2024-01-18T20:13:30,43.68,52.53,649.6,False
2024-01-18T20:14:00,39.91,48.89,552.0,False
2024-01-18T20:14:30,41.69,49.35,605.5,False
2024-01-18T20:15:00,43.78,50.17,682.0,False
2024-01-18T20:15:30,40.04,48.04,643.8,False
2024-01-18T20:16:00,37.31,50.08,590.7,False
2024-01-18T20:16:30,37.63,48.59,579.2,False
2024-01-18T20:17:00,40.95,52.04,634.5,False
2024-01-18T20:17:30,38.2,44.3,591.9,False
2024-01-18T20:18:00,41.07,51.19,625.4,False
2024-01-18T20:18:30,47.07,52.15,681.8,False
2024-01-18T20:19:00,37.89,47.97,572.1,False
2024-01-18T20:19:30,41.14,52.87,661.1,False
2024-01-18T20:20:00,48.34,52.98,680.1,False
2024-01-18T20:20:30,43.13,52.14,664.5,False
2024-01-18T20:21:00,40.75,47.94,628.6,False
2024-01-18T20:21:30,41.34,50.34,692.4,False
2024-01-18T20:22:00,43.06,47.95,666.2,False
2024-01-18T20:22:30,46.82,52.89,690.8,False
2024-01-18T20:23:00,40.09,50.42,635.6,False
2024-01-18T20:23:30,39.37,51.5,698.3,False
2024-01-18T20:24:00,37.46,46.7,597.9,False
2024-01-18T20:24:30,41.87,49.48,641.5,False
2024-01-18T20:25:00,37.3,46.97,602.6,False
2024-01-18T20:25:30,40.08,49.14,542.0,False
2024-01-18T20:26:00,38.7,47.03,613.3,False
2024-01-18T20:26:30,44.61,47.6,697.5,False
2024-01-18T20:27:00,39.82,47.44,639.1,False
2024-01-18T20:27:30,42.49,50.76,700.4,False
2024-01-18T20:28:00,36.44,47.54,623.0,False
2024-01-18T20:28:30,41.61,51.52,652.9,False
2024-01-18T20:29:00,54.31,58.46,1070.0,False
2024-01-18T20:29:30,71.06,64.25,1183.0,False
2024-01-18T20:30:00,87.8,70.35,1291.2,False
2024-01-18T20:30:30,88.94,74.9,1306.4,False
2024-01-18T20:31:00,88.74,73.98,1214.6,False
2024-01-18T20:31:30,87.62,72.92,1364.8,False
2024-01-18T20:32:00,87.43,75.78,1291.5,False
2024-01-18T20:32:30,86.72,73.89,1252.0,False
2024-01-18T20:33:00,86.46,73.11,1277.0,False
2024-01-18T20:33:30,87.05,73.49,1366.7,False
2024-01-18T20:34:00,86.55,74.61,1295.3,False
2024-01-18T20:34:30,89.4,72.96,1325.5,False
2024-01-18T20:35:00,86.3,71.03,1373.9,False
2024-01-18T20:35:30,87.95,73.15,1337.0,False
2024-01-18T20:36:00,88.24,71.4,1294.4,False
2024-01-18T20:36:30,88.16,73.63,1237.3,False
2024-01-18T20:37:00,88.25,73.96,1331.6,False
2024-01-18T20:37:30,72.83,65.92,1155.5,False
2024-01-18T20:38:00,53.23,55.54,1052.2,False
2024-01-18T20:38:30,38.1,52.0,902.9,False
2024-01-18T20:39:00,32.37,47.02,575.3,True
2024-01-18T20:39:30,33.72,45.62,605.6,True
2024-01-18T20:40:00,35.58,46.93,515.5,True
2024-01-18T20:40:30,31.62,47.52,558.1,True
2024-01-18T20:41:00,31.34,43.46,550.0,True
2024-01-18T20:41:30,29.97,42.01,551.3,True
2024-01-18T20:42:00,32.82,45.83,582.8,True
2024-01-18T20:42:30,31.28,45.43,556.4,True
2024-01-18T20:43:00,31.3,45.59,524.5,True
2024-01-18T20:43:30,31.7,46.47,508.4,True
2024-01-18T20:44:00,41.52,48.26,568.7,False
2024-01-18T20:44:30,38.13,45.22,609.8,False
2024-01-18T20:45:00,37.46,46.53,620.8,False
2024-01-18T20:45:30,41.03,50.65,614.6,False
2024-01-18T20:46:00,30.61,42.44,578.1,False
2024-01-18T20:46:30,37.84,44.03,598.1,False
2024-01-18T20:47:00,36.15,47.34,585.8,False
2024-01-18T20:47:30,43.17,49.43,587.8,False
2024-01-18T20:48:00,38.19,44.62,587.8,False
2024-01-18T20:48:30,37.79,48.03,639.2,False
2024-01-18T20:49:00,39.28,47.85,670.2,False
2024-01-18T20:49:30,37.6,51.14,593.2,False
2024-01-18T20:50:00,38.14,48.23,639.8,False
2024-01-18T20:50:30,39.59,49.95,673.3,False
2024-01-18T20:51:00,37.99,47.95,566.4,False
2024-01-18T20:51:30,37.93,46.76,616.1,False
2024-01-18T20:52:00,36.14,46.08,596.7,False
2024-01-18T20:52:30,35.66,48.99,628.3,False
2024-01-18T20:53:00,39.26,50.12,580.7,False
2024-01-18T20:53:30,39.96,46.0,632.3,False
2024-01-18T20:54:00,34.71,43.85,567.3,False
2024-01-18T20:54:30,41.23,47.23,646.8,False
2024-01-18T20:55:00,41.2,51.72,678.5,False
2024-01-18T20:55:30,41.79,46.43,693.4,False
2024-01-18T20:56:00,39.72,50.44,667.0,False
2024-01-18T20:56:30,40.69,50.14,585.9,False
2024-01-18T20:57:00,45.29,51.94,643.4,False
2024-01-18T20:57:30,37.78,46.95,642.5,False
2024-01-18T20:58:00,35.51,49.14,608.3,False
2024-01-18T20:58:30,34.0,46.24,561.5,False
2024-01-18T20:59:00,43.83,48.04,613.9,False
2024-01-18T20:59:30,43.82,48.5,494.3,False
2024-01-18T21:00:00,35.7,43.57,521.8,False
2024-01-18T21:00:30,36.25,49.54,377.7,False
2024-01-18T21:01:00,37.41,50.57,387.7,False
2024-01-18T21:01:30,42.01,52.2,452.5,False
2024-01-18T21:02:00,34.43,45.95,399.5,False
2024-01-18T21:02:30,32.35,42.35,449.2,False
2024-01-18T21:03:00,44.71,49.27,426.9,False
2024-01-18T21:03:30,39.1,46.6,334.8,False
2024-01-18T21:04:00,39.49,48.68,378.7,False
2024-01-18T21:04:30,37.46,50.53,466.8,False
2024-01-18T21:05:00,39.43,51.51,416.0,False
2024-01-18T21:05:30,33.45,44.78,408.1,False
2024-01-18T21:06:00,35.42,42.27,360.9,False
2024-01-18T21:06:30,38.22,45.81,385.7,False
2024-01-18T21:07:00,31.05,46.94,279.8,False
2024-01-18T21:07:30,36.91,47.96,382.0,False
2024-01-18T21:08:00,36.68,46.67,393.9,False
2024-01-18T21:08:30,36.82,46.6,429.3,False
2024-01-18T21:09:00,36.03,45.56,410.7,False
2024-01-18T21:09:30,34.65,43.96,456.7,False
2024-01-18T21:10:00,32.13,49.26,350.9,False
2024-01-18T21:10:30,37.99,51.48,413.6,False
2024-01-18T21:11:00,36.61,45.71,392.3,False
2024-01-18T21:11:30,33.34,42.21,338.9,False
2024-01-18T21:12:00,37.61,48.19,417.3,False
2024-01-18T21:12:30,36.5,47.01,380.9,False
2024-01-18T21:13:00,35.95,48.29,454.2,False
2024-01-18T21:13:30,30.82,46.18,315.0,False
2024-01-18T21:14:00,39.3,46.37,400.8,False
2024-01-18T21:14:30,33.51,48.37,318.3,False
2024-01-18T21:15:00,37.35,47.03,412.4,False
2024-01-18T21:15:30,34.69,47.62,324.5,False
2024-01-18T21:16:00,35.91,46.49,387.0,False
2024-01-18T21:16:30,40.49,51.15,377.2,False
2024-01-18T21:17:00,38.58,43.63,369.3,False
2024-01-18T21:17:30,40.34,50.71,392.1,False
2024-01-18T21:18:00,37.89,46.35,432.3,False
2024-01-18T21:18:30,38.05,48.24,400.6,False
2024-01-18T21:19:00,31.47,47.3,346.9,False
2024-01-18T21:19:30,35.82,45.38,409.0,False
2024-01-18T21:20:00,36.05,45.18,362.0,False
2024-01-18T21:20:30,40.36,48.51,344.2,False
2024-01-18T21:21:00,35.12,45.77,337.0,False
2024-01-18T21:21:30,37.39,45.68,387.7,False
2024-01-18T21:22:00,37.23,47.91,395.9,False
2024-01-18T21:22:30,39.98,49.39,442.2,False
2024-01-18T21:23:00,36.07,48.04,382.7,False
2024-01-18T21:23:30,38.91,46.9,451.9,False
2024-01-18T21:24:00,31.27,42.83,364.6,False
2024-01-18T21:24:30,31.5,44.6,295.6,False
2024-01-18T21:25:00,29.44,43.32,233.7,False
2024-01-18T21:25:30,38.61,47.94,368.6,False
2024-01-18T21:26:00,38.23,46.79,411.3,False
2024-01-18T21:26:30,38.85,49.18,425.7,False
2024-01-18T21:27:00,34.09,44.26,368.5,False
2024-01-18T21:27:30,34.39,46.05,379.9,False
2024-01-18T21:28:00,35.67,46.32,438.2,False
2024-01-18T21:28:30,40.32,49.19,423.1,False
2024-01-18T21:29:00,41.03,51.99,442.2,False
2024-01-18T21:29:30,38.29,45.62,470.1,False
2024-01-18T21:30:00,36.85,42.75,322.4,False
2024-01-18T21:30:30,39.82,47.83,487.0,False
2024-01-18T21:31:00,35.01,44.31,277.7,False
2024-01-18T21:31:30,34.56,40.36,343.4,False
2024-01-18T21:32:00,35.3,50.25,360.0,False
2024-01-18T21:32:30,32.71,46.59,296.3,False
2024-01-18T21:33:00,35.08,47.99,374.0,False
2024-01-18T21:33:30,32.21,44.65,355.6,False
2024-01-18T21:34:00,38.59,49.25,438.3,False
2024-01-18T21:34:30,37.1,46.82,425.1,False
2024-01-18T21:35:00,39.72,50.61,424.7,False
2024-01-18T21:35:30,30.5,44.75,388.7,False
2024-01-18T21:36:00,41.05,49.57,454.2,False
2024-01-18T21:36:30,30.58,44.49,331.7,False
2024-01-18T21:37:00,31.66,47.89,358.1,False
2024-01-18T21:37:30,33.35,46.14,341.4,False
2024-01-18T21:38:00,39.09,46.62,363.7,False
2024-01-18T21:38:30,35.8,47.7,403.5,False
2024-01-18T21:39:00,34.35,47.29,314.9,False
2024-01-18T21:39:30,32.66,45.18,353.8,False
2024-01-18T21:40:00,30.87,44.47,255.0,False
2024-01-18T21:40:30,38.35,46.18,409.7,False
2024-01-18T21:41:00,37.31,47.99,369.4,False
2024-01-18T21:41:30,38.93,46.17,434.1,False
2024-01-18T21:42:00,36.02,46.65,379.2,False
2024-01-18T21:42:30,26.86,41.23,309.8,False
2024-01-18T21:43:00,31.01,46.61,350.1,False
2024-01-18T21:43:30,36.09,50.29,364.3,False
2024-01-18T21:44:00,33.55,43.63,345.7,False
2024-01-18T21:44:30,32.94,45.61,340.8,False
2024-01-18T21:45:00,31.26,44.16,345.1,False
2024-01-18T21:45:30,37.37,48.76,376.7,False
2024-01-18T21:46:00,35.85,47.27,404.8,False
2024-01-18T21:46:30,35.94,46.35,316.8,False
2024-01-18T21:47:00,32.5,45.59,300.0,False
2024-01-18T21:47:30,34.88,46.17,454.6,False
2024-01-18T21:48:00,30.3,47.49,325.0,False
2024-01-18T21:48:30,33.88,44.51,330.5,False
2024-01-18T21:49:00,26.64,43.0,312.1,False
2024-01-18T21:49:30,29.48,44.92,366.5,False
2024-01-18T21:50:00,33.18,46.63,391.0,False
2024-01-18T21:50:30,41.23,49.18,399.9,False
2024-01-18T21:51:00,28.65,46.23,308.7,False
2024-01-18T21:51:30,30.28,40.13,328.9,False
2024-01-18T21:52:00,34.62,44.29,389.4,False
2024-01-18T21:52:30,39.24,50.12,415.7,False
2024-01-18T21:53:00,34.49,44.66,339.3,False
2024-01-18T21:53:30,35.95,45.27,367.2,False
2024-01-18T21:54:00,32.79,44.64,351.7,False
2024-01-18T21:54:30,32.23,43.72,417.1,False
2024-01-18T21:55:00,33.96,47.44,364.6,False
2024-01-18T21:55:30,31.7,46.84,485.9,False
2024-01-18T21:56:00,35.81,47.26,375.7,False
2024-01-18T21:56:30,28.77,45.68,262.8,False
2024-01-18T21:57:00,36.22,44.52,403.8,False
2024-01-18T21:57:30,33.62,46.15,410.9,False
2024-01-18T21:58:00,32.82,48.29,381.6,False
2024-01-18T21:58:30,28.49,45.39,335.8,False
2024-01-18T21:59:00,30.44,47.28,328.3,False
2024-01-18T21:59:30,36.93,46.48,384.1,False
2024-01-18T22:00:00,32.67,47.36,268.3,False
2024-01-18T22:00:30,34.09,45.39,407.1,False
2024-01-18T22:01:00,30.57,45.67,329.4,False
2024-01-18T22:01:30,33.08,48.36,410.5,False
2024-01-18T22:02:00,29.01,42.12,310.8,False
2024-01-18T22:02:30,33.38,42.18,364.9,False
2024-01-18T22:03:00,34.15,49.98,423.2,False
2024-01-18T22:03:30,33.96,47.16,425.1,False
2024-01-18T22:04:00,30.25,44.12,375.6,False
2024-01-18T22:04:30,31.89,44.83,280.3,False
2024-01-18T22:05:00,34.49,42.26,324.8,False
2024-01-18T22:05:30,32.2,45.73,385.6,False
2024-01-18T22:06:00,31.93,44.12,327.5,False
2024-01-18T22:06:30,38.46,48.55,410.6,False
2024-01-18T22:07:00,29.85,44.2,347.1,False
2024-01-18T22:07:30,35.91,40.42,397.5,False
2024-01-18T22:08:00,29.16,44.78,291.0,False
2024-01-18T22:08:30,34.55,46.87,417.3,False
2024-01-18T22:09:00,34.66,47.2,356.3,False
2024-01-18T22:09:30,30.97,44.34,371.3,False
2024-01-18T22:10:00,28.8,43.72,322.1,False
2024-01-18T22:10:30,26.5,42.82,388.9,False
2024-01-18T22:11:00,30.53,45.04,402.2,False
2024-01-18T22:11:30,33.91,47.14,456.6,False
2024-01-18T22:12:00,29.06,44.33,398.6,False
2024-01-18T22:12:30,32.54,49.2,354.9,False
2024-01-18T22:13:00,27.78,41.67,300.9,False
2024-01-18T22:13:30,31.46,44.22,306.3,False
2024-01-18T22:14:00,28.68,46.96,340.1,False
2024-01-18T22:14:30,31.85,44.85,355.8,False
2024-01-18T22:15:00,30.54,46.37,342.6,False
2024-01-18T22:15:30,28.43,43.73,294.3,False
2024-01-18T22:16:00,29.98,43.78,354.3,False
2024-01-18T22:16:30,29.12,45.77,317.7,False
2024-01-18T22:17:00,27.94,44.25,304.2,False
2024-01-18T22:17:30,35.08,43.72,387.2,False
2024-01-18T22:18:00,30.71,44.95,342.6,False
2024-01-18T22:18:30,25.15,39.83,244.1,False
2024-01-18T22:19:00,29.84,46.72,307.2,False
2024-01-18T22:19:30,34.42,49.97,396.6,False
2024-01-18T22:20:00,29.35,47.68,332.9,False
2024-01-18T22:20:30,36.08,48.01,311.0,False
2024-01-18T22:21:00,28.98,42.82,359.8,False
2024-01-18T22:21:30,33.02,46.41,362.2,False
2024-01-18T22:22:00,34.58,44.67,334.1,False
2024-01-18T22:22:30,32.78,50.34,335.5,False
2024-01-18T22:23:00,27.26,45.28,324.7,False
2024-01-18T22:23:30,28.52,44.13,239.8,False
2024-01-18T22:24:00,34.81,48.67,395.3,False
2024-01-18T22:24:30,28.85,42.71,370.3,False
2024-01-18T22:25:00,34.15,44.13,408.8,False
2024-01-18T22:25:30,29.89,39.79,385.3,False
2024-01-18T22:26:00,31.57,45.22,321.3,False
2024-01-18T22:26:30,26.94,42.33,356.9,False
2024-01-18T22:27:00,29.24,44.93,344.8,False
2024-01-18T22:27:30,28.39,43.5,293.7,False
2024-01-18T22:28:00,31.66,46.05,371.9,False
2024-01-18T22:28:30,31.22,46.51,367.2,False
2024-01-18T22:29:00,32.29,42.5,419.9,False
2024-01-18T22:29:30,29.39,45.71,383.0,False
2024-01-18T22:30:00,28.03,42.49,296.6,False
2024-01-18T22:30:30,31.33,45.98,364.2,False
2024-01-18T22:31:00,27.65,45.16,334.4,False
2024-01-18T22:31:30,33.93,48.31,381.5,False
2024-01-18T22:32:00,30.31,44.71,330.3,False
2024-01-18T22:32:30,29.64,44.47,407.3,False
2024-01-18T22:33:00,31.96,47.06,330.8,False
2024-01-18T22:33:30,30.31,41.45,409.1,False
2024-01-18T22:34:00,25.52,40.15,247.2,False
2024-01-18T22:34:30,27.27,42.38,302.9,False
2024-01-18T22:35:00,33.59,43.43,399.3,False
2024-01-18T22:35:30,30.63,44.07,302.9,False
2024-01-18T22:36:00,25.29,41.3,272.9,False
2024-01-18T22:36:30,31.35,45.16,372.2,False
2024-01-18T22:37:00,28.58,43.48,259.5,False
2024-01-18T22:37:30,27.59,45.24,364.9,False
2024-01-18T22:38:00,26.74,43.83,373.1,False
2024-01-18T22:38:30,33.14,45.74,426.0,False
2024-01-18T22:39:00,24.2,40.75,306.6,False
2024-01-18T22:39:30,27.55,42.99,303.3,False
2024-01-18T22:40:00,30.38,44.44,328.5,False
2024-01-18T22:40:30,34.71,51.71,389.2,False
2024-01-18T22:41:00,31.6,42.2,358.0,False
2024-01-18T22:41:30,27.36,41.15,303.7,False
2024-01-18T22:42:00,34.45,44.4,438.9,False
2024-01-18T22:42:30,25.76,42.74,296.2,False
2024-01-18T22:43:00,30.58,45.07,402.1,False
2024-01-18T22:43:30,31.21,43.78,353.6,False
2024-01-18T22:44:00,27.06,44.65,318.0,False
2024-01-18T22:44:30,31.76,45.95,374.8,False
2024-01-18T22:45:00,28.08,45.25,344.9,False
2024-01-18T22:45:30,31.67,47.57,347.6,False
2024-01-18T22:46:00,24.03,37.08,314.8,False
2024-01-18T22:46:30,30.51,45.96,371.6,False
2024-01-18T22:47:00,28.23,40.87,392.0,False
2024-01-18T22:47:30,32.88,46.28,365.9,False
2024-01-18T22:48:00,29.26,43.82,302.8,False
2024-01-18T22:48:30,33.1,45.83,337.7,False
2024-01-18T22:49:00,30.84,42.35,441.4,False
2024-01-18T22:49:30,28.89,45.85,255.9,False
2024-01-18T22:50:00,31.6,42.56,305.2,False
2024-01-18T22:50:30,31.58,46.64,353.7,False
2024-01-18T22:51:00,30.57,41.77,320.0,False
2024-01-18T22:51:30,22.24,40.44,310.7,False
2024-01-18T22:52:00,26.13,46.03,338.3,False
2024-01-18T22:52:30,33.2,50.67,344.2,False
2024-01-18T22:53:00,25.24,38.73,362.0,False
2024-01-18T22:53:30,31.61,43.75,308.8,False
2024-01-18T22:54:00,31.05,43.84,318.9,False
2024-01-18T22:54:30,26.71,47.22,376.6,False
2024-01-18T22:55:00,22.87,40.66,230.7,False
2024-01-18T22:55:30,27.11,45.06,330.7,False
2024-01-18T22:56:00,35.01,47.47,442.8,False
2024-01-18T22:56:30,26.15,40.04,205.2,False
2024-01-18T22:57:00,26.32,38.8,297.0,False
2024-01-18T22:57:30,25.67,40.98,343.2,False
2024-01-18T22:58:00,32.27,50.14,347.3,False
2024-01-18T22:58:30,27.86,43.81,325.2,False
2024-01-18T22:59:00,26.67,44.82,320.9,False
2024-01-18T22:59:30,32.75,42.91,374.5,False
2024-01-18T23:00:00,30.21,43.83,309.4,False
2024-01-18T23:00:30,25.68,43.77,336.1,False
2024-01-18T23:01:00,24.72,39.56,308.0,False
2024-01-18T23:01:30,31.83,45.17,308.8,False
2024-01-18T23:02:00,28.37,41.81,308.3,False
2024-01-18T23:02:30,23.64,42.85,232.6,False
2024-01-18T23:03:00,22.9,41.63,291.7,False
2024-01-18T23:03:30,24.86,43.18,318.5,False
2024-01-18T23:04:00,24.45,43.35,304.1,False
2024-01-18T23:04:30,21.99,39.93,298.0,False
2024-01-18T23:05:00,24.8,43.79,303.7,False
2024-01-18T23:05:30,25.3,40.86,332.9,False
2024-01-18T23:06:00,26.63,43.96,307.9,False
2024-01-18T23:06:30,33.06,41.98,392.6,False
2024-01-18T23:07:00,27.15,41.48,265.7,False
2024-01-18T23:07:30,27.41,47.73,263.4,False
2024-01-18T23:08:00,29.4,45.32,338.7,False
2024-01-18T23:08:30,27.12,44.18,344.4,False
2024-01-18T23:09:00,29.0,42.25,320.9,False
2024-01-18T23:09:30,28.6,41.52,354.4,False
2024-01-18T23:10:00,28.09,42.92,337.1,False
2024-01-18T23:10:30,35.99,47.27,305.9,False
2024-01-18T23:11:00,30.38,48.43,436.0,False
2024-01-18T23:11:30,24.37,43.63,244.6,False
2024-01-18T23:12:00,28.69,43.97,291.7,False
2024-01-18T23:12:30,25.17,42.13,347.3,False
2024-01-18T23:13:00,28.84,45.35,331.5,False
2024-01-18T23:13:30,23.34,38.45,256.0,False
2024-01-18T23:14:00,24.11,37.63,274.1,False
2024-01-18T23:14:30,28.43,45.12,292.2,False
2024-01-18T23:15:00,30.35,44.74,310.8,False
2024-01-18T23:15:30,28.83,41.21,362.2,False
2024-01-18T23:16:00,29.85,40.16,318.9,False
2024-01-18T23:16:30,28.37,45.4,284.2,False
2024-01-18T23:17:00,27.73,42.25,291.5,False
2024-01-18T23:17:30,25.67,43.06,299.1,False
2024-01-18T23:18:00,29.58,43.69,306.7,False
2024-01-18T23:18:30,30.18,44.45,329.1,False
2024-01-18T23:19:00,26.88,41.69,329.0,False
2024-01-18T23:19:30,26.68,42.62,294.2,False
2024-01-18T23:20:00,31.77,46.48,319.8,False
2024-01-18T23:20:30,26.9,42.34,287.3,False
2024-01-18T23:21:00,27.16,42.35,372.9,False
2024-01-18T23:21:30,28.35,44.83,413.8,False
2024-01-18T23:22:00,26.56,44.07,314.4,False
2024-01-18T23:22:30,24.36,39.35,323.9,False
2024-01-18T23:23:00,27.92,43.35,285.8,False
2024-01-18T23:23:30,26.63,41.72,289.5,False
2024-01-18T23:24:00,32.24,45.6,375.9,False
2024-01-18T23:24:30,29.05,46.84,237.8,False
2024-01-18T23:25:00,24.86,42.6,329.8,False
2024-01-18T23:25:30,28.8,48.18,307.8,False
2024-01-18T23:26:00,27.5,43.64,276.9,False
2024-01-18T23:26:30,30.47,44.36,359.3,False
2024-01-18T23:27:00,24.93,41.88,357.1,False
2024-01-18T23:27:30,27.04,43.26,303.8,False
2024-01-18T23:28:00,26.14,43.17,320.8,False
2024-01-18T23:28:30,26.58,40.76,330.8,False
2024-01-18T23:29:00,23.71,40.85,299.3,False
2024-01-18T23:29:30,28.06,42.04,284.6,False
2024-01-18T23:30:00,27.55,45.3,329.3,False
2024-01-18T23:30:30,30.12,40.67,348.3,False
2024-01-18T23:31:00,26.2,42.88,200.4,False
2024-01-18T23:31:30,24.96,38.91,334.0,False
2024-01-18T23:32:00,28.53,44.6,268.1,False
2024-01-18T23:32:30,23.74,40.55,295.1,False
2024-01-18T23:33:00,29.34,40.51,395.5,False
2024-01-18T23:33:30,29.3,46.01,324.7,False
2024-01-18T23:34:00,29.79,39.34,296.5,False
2024-01-18T23:34:30,27.12,42.97,339.3,False
2024-01-18T23:35:00,24.49,43.11,352.0,False
2024-01-18T23:35:30,26.25,45.36,265.6,False
2024-01-18T23:36:00,27.02,39.77,221.8,False
2024-01-18T23:36:30,24.17,40.54,340.7,False
2024-01-18T23:37:00,29.82,46.56,372.7,False
2024-01-18T23:37:30,27.52,45.55,335.6,False
2024-01-18T23:38:00,23.07,43.59,212.6,False
2024-01-18T23:38:30,31.36,50.3,374.8,False
2024-01-18T23:39:00,25.97,41.46,349.1,False
2024-01-18T23:39:30,22.37,41.42,365.2,False
2024-01-18T23:40:00,23.12,40.37,273.7,False
2024-01-18T23:40:30,30.05,40.57,346.7,False
2024-01-18T23:41:00,31.02,44.83,262.1,False
2024-01-18T23:41:30,28.54,39.78,367.1,False
2024-01-18T23:42:00,29.44,43.18,373.3,False
2024-01-18T23:42:30,29.1,41.12,348.9,False
2024-01-18T23:43:00,27.09,43.92,364.2,False
2024-01-18T23:43:30,26.37,41.13,279.7,False
2024-01-18T23:44:00,26.97,39.42,307.0,False
2024-01-18T23:44:30,27.53,45.0,313.0,False
2024-01-18T23:45:00,23.06,39.83,328.4,False
2024-01-18T23:45:30,27.45,42.37,364.4,False
2024-01-18T23:46:00,29.59,42.35,349.5,False
2024-01-18T23:46:30,24.57,44.1,307.1,False
2024-01-18T23:47:00,24.21,42.16,315.7,False
2024-01-18T23:47:30,26.55,41.57,298.9,False
2024-01-18T23:48:00,23.14,37.26,339.6,False
2024-01-18T23:48:30,21.11,45.09,250.8,False
2024-01-18T23:49:00,28.47,47.71,344.9,False
2024-01-18T23:49:30,23.64,44.23,265.3,False
2024-01-18T23:50:00,25.01,40.63,338.0,False
2024-01-18T23:50:30,23.1,40.07,280.8,False
2024-01-18T23:51:00,28.73,44.69,412.5,False
2024-01-18T23:51:30,27.42,41.45,314.3,False
2024-01-18T23:52:00,24.11,39.61,330.4,False
2024-01-18T23:52:30,21.26,43.08,244.9,False
2024-01-18T23:53:00,23.73,41.29,277.5,False
2024-01-18T23:53:30,26.45,40.52,309.9,False
2024-01-18T23:54:00,25.27,44.08,316.2,False
2024-01-18T23:54:30,25.0,40.89,270.1,False
2024-01-18T23:55:00,25.28,38.22,279.4,False
2024-01-18T23:55:30,26.89,40.71,318.7,False
2024-01-18T23:56:00,24.45,40.74,311.6,False
2024-01-18T23:56:30,25.9,42.93,305.7,False
2024-01-18T23:57:00,21.55,40.67,265.3,False
2024-01-18T23:57:30,32.15,48.08,304.1,False
2024-01-18T23:58:00,23.6,40.88,308.8,False
2024-01-18T23:58:30,25.03,41.14,334.0,False
2024-01-18T23:59:00,26.09,45.09,347.2,False
2024-01-18T23:59:30,23.13,43.07,291.0,False
2024-01-19T00:00:00,17.41,37.83,215.1,False
2024-01-19T00:00:30,17.34,38.81,225.9,False
2024-01-19T00:01:00,14.58,35.9,222.8,False
2024-01-19T00:01:30,18.61,36.54,248.1,False
2024-01-19T00:02:00,12.32,40.11,164.7,False
2024-01-19T00:02:30,22.49,39.72,212.6,False
2024-01-19T00:03:00,19.58,39.94,234.4,False
2024-01-19T00:03:30,19.09,36.08,241.6,False
2024-01-19T00:04:00,11.93,37.01,207.8,False
2024-01-19T00:04:30,14.73,34.52,201.5,False
2024-01-19T00:05:00,21.25,43.55,259.9,False
2024-01-19T00:05:30,29.51,47.92,340.5,False
2024-01-19T00:06:00,20.61,41.01,327.5,False
2024-01-19T00:06:30,20.1,39.86,254.2,False
2024-01-19T00:07:00,18.54,38.47,186.3,False
2024-01-19T00:07:30,14.39,36.68,187.7,False
2024-01-19T00:08:00,19.89,40.34,331.4,False
2024-01-19T00:08:30,13.57,36.54,265.9,False
2024-01-19T00:09:00,13.21,38.15,243.3,False
2024-01-19T00:09:30,12.99,34.24,232.0,False
2024-01-19T00:10:00,19.71,42.5,286.2,False
2024-01-19T00:10:30,16.58,37.03,223.1,False
2024-01-19T00:11:00,17.03,36.61,270.9,False
2024-01-19T00:11:30,16.65,38.64,269.4,False
2024-01-19T00:12:00,13.29,37.09,240.1,False
2024-01-19T00:12:30,14.62,33.43,193.1,False
2024-01-19T00:13:00,14.75,36.0,205.0,False
2024-01-19T00:13:30,12.36,31.43,173.2,False
2024-01-19T00:14:00,15.04,35.76,260.2,False
2024-01-19T00:14:30,13.28,34.97,218.3,False
2024-01-19T00:15:00,18.23,39.31,261.5,False
2024-01-19T00:15:30,18.45,37.25,270.6,False
2024-01-19T00:16:00,12.55,34.78,143.9,False
2024-01-19T00:16:30,15.52,39.97,259.4,False
2024-01-19T00:17:00,21.95,44.71,253.9,False
2024-01-19T00:17:30,13.41,34.47,189.3,False
2024-01-19T00:18:00,17.6,40.45,207.4,False
2024-01-19T00:18:30,16.61,38.69,236.1,False
2024-01-19T00:19:00,19.54,35.91,253.7,False
2024-01-19T00:19:30,17.12,36.59,181.3,False
2024-01-19T00:20:00,14.91,31.02,147.7,False
2024-01-19T00:20:30,16.38,38.45,222.9,False
2024-01-19T00:21:00,16.4,35.66,263.7,False
2024-01-19T00:21:30,15.85,37.81,255.5,False
2024-01-19T00:22:00,12.14,40.83,237.1,False
2024-01-19T00:22:30,19.8,42.71,250.5,False
2024-01-19T00:23:00,19.24,37.71,239.8,False
2024-01-19T00:23:30,12.88,34.05,198.6,False
2024-01-19T00:24:00,15.08,39.75,252.8,False
2024-01-19T00:24:30,15.28,35.26,286.8,False
2024-01-19T00:25:00,12.46,37.84,181.3,False
2024-01-19T00:25:30,10.3,40.25,171.8,False
2024-01-19T00:26:00,13.86,37.92,212.2,False
2024-01-19T00:26:30,14.78,39.39,207.6,False
2024-01-19T00:27:00,11.5,37.52,168.8,False
2024-01-19T00:27:30,16.33,36.69,225.6,False
2024-01-19T00:28:00,19.26,39.85,222.4,False
2024-01-19T00:28:30,18.27,36.86,275.2,False
2024-01-19T00:29:00,15.34,39.89,281.6,False
2024-01-19T00:29:30,10.17,32.56,170.0,False
2024-01-19T00:30:00,17.81,39.95,309.0,False
2024-01-19T00:30:30,16.07,39.95,224.3,False
2024-01-19T00:31:00,16.88,37.11,207.2,False
2024-01-19T00:31:30,21.39,38.9,298.6,False
2024-01-19T00:32:00,13.08,35.85,167.7,False
2024-01-19T00:32:30,6.91,31.32,180.2,False
2024-01-19T00:33:00,12.34,36.14,208.9,False
2024-01-19T00:33:30,16.94,36.29,219.3,False
2024-01-19T00:34:00,15.53,35.73,203.9,False
2024-01-19T00:34:30,11.78,36.64,159.3,False
2024-01-19T00:35:00,11.14,36.47,230.4,False
2024-01-19T00:35:30,14.31,36.23,205.6,False
2024-01-19T00:36:00,11.61,32.18,205.3,False
2024-01-19T00:36:30,16.88,40.45,234.6,False
2024-01-19T00:37:00,14.06,35.8,204.0,False
2024-01-19T00:37:30,13.39,40.49,220.2,False
2024-01-19T00:38:00,12.97,35.89,224.3,False
2024-01-19T00:38:30,16.01,37.95,233.6,False
2024-01-19T00:39:00,15.32,36.47,215.0,False
2024-01-19T00:39:30,15.78,38.05,182.7,False
2024-01-19T00:40:00,15.69,44.47,201.3,False
2024-01-19T00:40:30,14.9,36.43,207.0,False
2024-01-19T00:41:00,12.0,38.23,196.6,False
2024-01-19T00:41:30,12.88,36.3,133.5,False
2024-01-19T00:42:00,13.86,38.96,235.7,False
2024-01-19T00:42:30,21.22,36.43,282.6,False
2024-01-19T00:43:00,10.95,39.05,164.3,False
2024-01-19T00:43:30,13.72,37.23,173.1,False
2024-01-19T00:44:00,15.24,36.77,194.5,False
2024-01-19T00:44:30,14.01,38.5,159.2,False
2024-01-19T00:45:00,18.12,39.04,231.4,False
2024-01-19T00:45:30,13.95,34.37,204.4,False
2024-01-19T00:46:00,14.15,31.92,249.9,False
2024-01-19T00:46:30,17.27,41.98,257.1,False
2024-01-19T00:47:00,20.24,39.37,311.8,False
2024-01-19T00:47:30,19.0,37.97,256.5,False
2024-01-19T00:48:00,14.35,35.8,178.3,False
2024-01-19T00:48:30,14.58,39.92,286.3,False
2024-01-19T00:49:00,14.85,36.15,206.0,False
2024-01-19T00:49:30,15.13,38.55,159.2,False
2024-01-19T00:50:00,12.12,35.1,205.8,False
2024-01-19T00:50:30,17.45,35.92,176.0,False
2024-01-19T00:51:00,15.23,39.13,218.5,False
2024-01-19T00:51:30,14.46,39.14,196.6,False
2024-01-19T00:52:00,10.75,33.73,207.0,False
2024-01-19T00:52:30,14.73,37.0,256.0,False
2024-01-19T00:53:00,8.84,34.33,157.7,False
2024-01-19T00:53:30,12.75,36.98,186.2,False
2024-01-19T00:54:00,12.79,40.05,232.6,False
2024-01-19T00:54:30,15.31,36.73,191.8,False
2024-01-19T00:55:00,20.07,39.09,263.1,False
2024-01-19T00:55:30,16.12,37.43,250.7,False
2024-01-19T00:56:00,18.73,37.2,218.2,False
2024-01-19T00:56:30,16.3,34.43,218.4,False
2024-01-19T00:57:00,17.72,38.85,245.8,False
2024-01-19T00:57:30,19.89,40.73,312.3,False
2024-01-19T00:58:00,12.1,35.78,148.4,False
2024-01-19T00:58:30,11.88,35.55,189.1,False
2024-01-19T00:59:00,16.26,36.06,284.2,False
2024-01-19T00:59:30,14.22,37.35,252.6,False
2024-01-19T01:00:00,14.87,37.51,207.9,False
2024-01-19T01:00:30,13.44,37.41,204.7,False
2024-01-19T01:01:00,12.38,36.57,217.4,False
2024-01-19T01:01:30,19.01,40.03,271.3,False
2024-01-19T01:02:00,10.82,37.79,241.7,False
2024-01-19T01:02:30,16.16,38.97,274.5,False
2024-01-19T01:03:00,15.65,38.53,169.9,False
2024-01-19T01:03:30,9.32,30.92,110.8,False
2024-01-19T01:04:00,11.54,37.63,170.6,False
2024-01-19T01:04:30,12.03,35.17,122.1,False
2024-01-19T01:05:00,15.69,37.75,278.0,False
2024-01-19T01:05:30,12.87,33.64,143.1,False
2024-01-19T01:06:00,13.7,40.78,197.6,False
2024-01-19T01:06:30,9.56,29.59,141.6,False
2024-01-19T01:07:00,20.89,43.18,203.6,False
2024-01-19T01:07:30,14.1,37.66,260.1,False
2024-01-19T01:08:00,15.37,33.63,199.9,False
2024-01-19T01:08:30,12.23,39.95,274.1,False
2024-01-19T01:09:00,11.87,36.73,251.2,False
2024-01-19T01:09:30,19.55,34.82,256.2,False
2024-01-19T01:10:00,8.04,32.94,80.5,False
2024-01-19T01:10:30,14.6,38.14,203.2,False
2024-01-19T01:11:00,10.11,38.25,272.3,False
2024-01-19T01:11:30,12.51,35.21,217.2,False
2024-01-19T01:12:00,11.79,30.37,187.7,False
2024-01-19T01:12:30,10.73,38.06,161.4,False
2024-01-19T01:13:00,13.78,37.66,245.7,False
2024-01-19T01:13:30,5.95,28.28,162.4,False
2024-01-19T01:14:00,12.68,36.8,212.8,False
2024-01-19T01:14:30,13.34,37.35,252.2,False
2024-01-19T01:15:00,9.51,33.89,219.4,False
2024-01-19T01:15:30,18.11,37.18,262.4,False
2024-01-19T01:16:00,11.77,34.45,130.7,False
2024-01-19T01:16:30,12.82,35.54,163.3,False
2024-01-19T01:17:00,11.74,36.36,169.2,False
2024-01-19T01:17:30,13.25,37.99,204.5,False
2024-01-19T01:18:00,17.4,34.19,299.2,False
2024-01-19T01:18:30,20.88,40.74,349.1,False
2024-01-19T01:19:00,15.68,38.61,241.1,False
2024-01-19T01:19:30,16.69,38.47,255.5,False
2024-01-19T01:20:00,18.55,38.26,188.0,False
2024-01-19T01:20:30,14.13,39.7,196.1,False
2024-01-19T01:21:00,18.08,41.53,222.5,False
2024-01-19T01:21:30,15.73,36.93,200.3,False
2024-01-19T01:22:00,13.76,36.52,233.3,False
2024-01-19T01:22:30,14.36,38.53,196.9,False
2024-01-19T01:23:00,7.83,36.28,86.8,False
2024-01-19T01:23:30,14.15,35.25,246.9,False
2024-01-19T01:24:00,8.63,32.03,217.2,False
2024-01-19T01:24:30,8.36,34.54,178.4,False
2024-01-19T01:25:00,13.8,34.46,203.7,False
2024-01-19T01:25:30,9.86,30.85,142.9,False
2024-01-19T01:26:00,13.17,34.76,171.8,False
2024-01-19T01:26:30,13.59,37.44,251.5,False
2024-01-19T01:27:00,13.7,39.77,179.7,False
2024-01-19T01:27:30,10.42,33.61,263.9,False
2024-01-19T01:28:00,15.81,37.48,264.5,False
2024-01-19T01:28:30,12.83,36.55,216.3,False
2024-01-19T01:29:00,14.41,35.73,323.8,False
2024-01-19T01:29:30,9.48,33.11,226.9,False
2024-01-19T01:30:00,12.52,36.75,182.9,False
2024-01-19T01:30:30,16.33,35.59,189.7,False
2024-01-19T01:31:00,15.93,36.26,210.5,False
2024-01-19T01:31:30,10.61,34.73,180.8,False
2024-01-19T01:32:00,11.35,36.15,160.5,False
2024-01-19T01:32:30,10.0,31.8,135.0,False
2024-01-19T01:33:00,10.98,35.06,197.3,False
2024-01-19T01:33:30,8.74,31.62,205.4,False
2024-01-19T01:34:00,12.51,34.72,274.4,False
2024-01-19T01:34:30,14.8,38.82,221.5,False
2024-01-19T01:35:00,10.53,34.96,208.4,False
2024-01-19T01:35:30,12.6,39.48,126.8,False
2024-01-19T01:36:00,12.2,35.8,231.9,False
2024-01-19T01:36:30,16.01,39.78,187.7,False
2024-01-19T01:37:00,10.99,36.93,200.1,False
2024-01-19T01:37:30,11.09,35.36,187.0,False
2024-01-19T01:38:00,10.26,32.35,172.4,False
2024-01-19T01:38:30,9.37,34.32,115.6,False
2024-01-19T01:39:00,14.35,35.96,184.5,False
2024-01-19T01:39:30,12.34,34.88,160.6,False
2024-01-19T01:40:00,12.9,36.62,179.4,False
2024-01-19T01:40:30,16.54,35.23,279.7,False
2024-01-19T01:41:00,16.7,36.46,219.5,False
2024-01-19T01:41:30,7.75,31.71,135.1,False
2024-01-19T01:42:00,14.62,36.66,242.9,False
2024-01-19T01:42:30,13.34,35.0,219.8,False
2024-01-19T01:43:00,11.26,34.09,271.4,False
2024-01-19T01:43:30,13.62,36.94,249.4,False
2024-01-19T01:44:00,7.44,32.7,80.0,False
2024-01-19T01:44:30,16.99,38.37,268.1,False
2024-01-19T01:45:00,14.14,34.71,240.5,False
2024-01-19T01:45:30,9.98,33.2,246.2,False
2024-01-19T01:46:00,10.81,39.36,178.5,False
2024-01-19T01:46:30,7.44,32.2,203.4,False
2024-01-19T01:47:00,11.59,31.46,178.6,False
2024-01-19T01:47:30,11.07,36.1,200.2,False
2024-01-19T01:48:00,8.53,32.73,126.1,False
2024-01-19T01:48:30,14.82,37.78,163.6,False
2024-01-19T01:49:00,16.31,37.86,265.3,False
2024-01-19T01:49:30,12.39,37.18,199.2,False
2024-01-19T01:50:00,11.54,35.45,141.1,False
2024-01-19T01:50:30,13.75,36.31,242.6,False
2024-01-19T01:51:00,12.37,38.37,89.5,False
2024-01-19T01:51:30,9.17,30.04,141.0,False
2024-01-19T01:52:00,10.44,32.46,117.1,False
2024-01-19T01:52:30,11.5,33.99,240.0,False
2024-01-19T01:53:00,13.12,33.07,187.6,False
2024-01-19T01:53:30,12.39,35.13,202.3,False
2024-01-19T01:54:00,12.98,35.23,216.0,False
2024-01-19T01:54:30,7.77,35.73,194.5,False
2024-01-19T01:55:00,14.32,36.89,242.4,False
2024-01-19T01:55:30,12.33,35.64,230.7,False
2024-01-19T01:56:00,19.96,39.12,249.1,False
2024-01-19T01:56:30,11.13,33.36,223.2,False
2024-01-19T01:57:00,13.25,38.31,179.8,False
2024-01-19T01:57:30,20.76,42.71,250.0,False
2024-01-19T01:58:00,12.84,33.9,141.2,False
2024-01-19T01:58:30,12.04,39.17,263.4,False
2024-01-19T01:59:00,9.27,33.21,134.4,False
2024-01-19T01:59:30,16.81,36.81,290.9,False
2024-01-19T02:00:00,8.73,35.23,191.4,False
2024-01-19T02:00:30,13.48,37.78,215.8,False
2024-01-19T02:01:00,10.77,35.16,200.8,False
2024-01-19T02:01:30,11.61,35.03,150.3,False
2024-01-19T02:02:00,7.89,36.21,227.4,False
2024-01-19T02:02:30,16.18,36.77,215.0,False
2024-01-19T02:03:00,11.31,35.44,231.0,False
2024-01-19T02:03:30,8.49,37.56,146.2,False
2024-01-19T02:04:00,15.88,35.19,169.8,False
2024-01-19T02:04:30,10.6,34.31,264.1,False
2024-01-19T02:05:00,13.11,38.53,180.7,False
2024-01-19T02:05:30,14.62,38.3,235.4,False
2024-01-19T02:06:00,13.5,38.47,86.9,False
2024-01-19T02:06:30,5.48,30.03,141.0,False
2024-01-19T02:07:00,14.15,37.65,237.3,False
2024-01-19T02:07:30,11.75,35.24,199.7,False
2024-01-19T02:08:00,11.05,40.01,184.5,False
2024-01-19T02:08:30,11.7,37.41,185.2,False
2024-01-19T02:09:00,7.19,33.49,192.4,False
2024-01-19T02:09:30,12.59,36.81,149.0,False
2024-01-19T02:10:00,7.91,34.01,153.8,False
2024-01-19T02:10:30,11.14,36.91,246.5,False
2024-01-19T02:11:00,12.45,34.46,140.3,False
2024-01-19T02:11:30,15.2,40.28,217.3,False
2024-01-19T02:12:00,9.51,32.05,131.9,False
2024-01-19T02:12:30,16.31,38.52,242.5,False
2024-01-19T02:13:00,14.79,35.7,219.6,False
2024-01-19T02:13:30,10.65,35.37,147.4,False
2024-01-19T02:14:00,8.6,36.24,169.8,False
2024-01-19T02:14:30,7.59,30.33,163.4,False
2024-01-19T02:15:00,12.73,35.99,177.5,False
2024-01-19T02:15:30,9.69,31.93,160.9,False
2024-01-19T02:16:00,15.49,37.15,198.0,False
2024-01-19T02:16:30,9.85,32.0,87.6,False
2024-01-19T02:17:00,9.18,34.88,210.5,False
2024-01-19T02:17:30,12.57,35.4,248.4,False
2024-01-19T02:18:00,9.81,36.37,108.4,False
2024-01-19T02:18:30,11.88,38.37,243.4,False
2024-01-19T02:19:00,14.81,37.4,234.5,False
2024-01-19T02:19:30,12.19,37.86,153.5,False
2024-01-19T02:20:00,12.2,38.84,189.2,False
2024-01-19T02:20:30,12.44,34.35,171.3,False
2024-01-19T02:21:00,6.74,36.22,190.8,False
2024-01-19T02:21:30,12.99,36.4,167.2,False
2024-01-19T02:22:00,12.28,34.17,283.2,False
2024-01-19T02:22:30,14.47,37.82,262.1,False
2024-01-19T02:23:00,13.61,36.64,159.9,False
2024-01-19T02:23:30,11.18,32.76,254.9,False
2024-01-19T02:24:00,14.87,35.22,248.2,False
2024-01-19T02:24:30,10.89,38.71,181.1,False
2024-01-19T02:25:00,12.5,36.8,227.1,False
2024-01-19T02:25:30,10.82,38.37,223.6,False
2024-01-19T02:26:00,13.13,35.73,174.7,False
2024-01-19T02:26:30,10.61,33.7,218.3,False
2024-01-19T02:27:00,16.68,34.97,216.1,False
2024-01-19T02:27:30,17.78,40.82,274.8,False
2024-01-19T02:28:00,14.35,37.99,209.3,False
2024-01-19T02:28:30,16.34,37.36,190.4,False
2024-01-19T02:29:00,7.09,31.96,182.0,False
2024-01-19T02:29:30,7.44,35.98,144.4,False
2024-01-19T02:30:00,10.74,35.02,192.1,False
2024-01-19T02:30:30,11.82,35.58,210.9,False
2024-01-19T02:31:00,11.09,34.35,247.5,False
2024-01-19T02:31:30,6.76,32.57,136.6,False
2024-01-19T02:32:00,15.13,38.68,187.1,False
2024-01-19T02:32:30,18.14,36.25,310.9,False
2024-01-19T02:33:00,15.51,37.93,224.2,False
2024-01-19T02:33:30,14.92,39.39,197.5,False
2024-01-19T02:34:00,12.34,36.02,213.2,False
2024-01-19T02:34:30,9.12,36.69,159.2,False
2024-01-19T02:35:00,11.87,38.63,184.2,False
2024-01-19T02:35:30,17.96,40.81,346.6,False
2024-01-19T02:36:00,10.58,34.24,145.1,False
2024-01-19T02:36:30,10.27,35.09,124.6,False
2024-01-19T02:37:00,14.95,38.19,268.6,False
2024-01-19T02:37:30,15.15,36.66,206.0,False
2024-01-19T02:38:00,9.08,33.56,185.4,False
2024-01-19T02:38:30,10.83,34.32,212.2,False
2024-01-19T02:39:00,10.11,40.17,110.9,False
2024-01-19T02:39:30,11.82,35.4,240.2,False
2024-01-19T02:40:00,14.92,39.63,196.9,False
2024-01-19T02:40:30,9.19,32.89,249.5,False
2024-01-19T02:41:00,14.87,40.87,187.1,False
2024-01-19T02:41:30,11.9,35.23,257.8,False
2024-01-19T02:42:00,18.57,39.43,318.4,False
2024-01-19T02:42:30,12.54,32.65,180.8,False
2024-01-19T02:43:00,11.29,37.92,182.7,False
2024-01-19T02:43:30,13.3,39.36,193.9,False
2024-01-19T02:44:00,10.57,32.96,245.3,False
2024-01-19T02:44:30,6.19,35.49,156.7,False
2024-01-19T02:45:00,10.85,32.8,208.1,False
2024-01-19T02:45:30,10.8,36.72,180.7,False
2024-01-19T02:46:00,6.79,32.87,173.2,False
2024-01-19T02:46:30,11.34,38.4,212.2,False
2024-01-19T02:47:00,5.36,33.23,119.0,False
2024-01-19T02:47:30,10.52,37.18,255.0,False
2024-01-19T02:48:00,12.29,38.68,190.1,False
2024-01-19T02:48:30,11.85,35.4,236.0,False
2024-01-19T02:49:00,10.32,35.16,132.1,False
2024-01-19T02:49:30,11.29,33.49,217.7,False
2024-01-19T02:50:00,9.2,34.06,216.2,False
2024-01-19T02:50:30,11.58,39.71,203.3,False
2024-01-19T02:51:00,11.72,37.44,236.8,False
2024-01-19T02:51:30,8.84,32.4,142.4,False
2024-01-19T02:52:00,12.34,39.51,217.7,False
2024-01-19T02:52:30,12.32,37.01,137.8,False
2024-01-19T02:53:00,11.04,37.25,194.3,False
2024-01-19T02:53:30,18.8,40.46,218.7,False
2024-01-19T02:54:00,11.11,36.47,186.2,False
2024-01-19T02:54:30,10.7,31.43,240.7,False
2024-01-19T02:55:00,10.27,37.43,251.6,False
2024-01-19T02:55:30,8.62,29.88,117.7,False
2024-01-19T02:56:00,13.59,38.91,258.5,False
2024-01-19T02:56:30,9.47,35.02,231.7,False
2024-01-19T02:57:00,9.83,36.67,191.6,False
2024-01-19T02:57:30,9.92,35.36,233.6,False
2024-01-19T02:58:00,8.57,36.46,152.0,False
2024-01-19T02:58:30,6.28,33.26,129.7,False
2024-01-19T02:59:00,10.14,35.72,160.7,False
2024-01-19T02:59:30,14.15,37.98,241.7,False
2024-01-19T03:00:00,12.12,39.91,193.1,False
2024-01-19T03:00:30,16.21,39.4,201.1,False
2024-01-19T03:01:00,13.78,34.36,183.5,False
2024-01-19T03:01:30,13.1,35.52,204.9,False
2024-01-19T03:02:00,17.18,39.89,203.5,False
2024-01-19T03:02:30,11.24,38.24,216.6,False
2024-01-19T03:03:00,11.72,34.52,241.6,False
2024-01-19T03:03:30,11.5,40.33,230.9,False
2024-01-19T03:04:00,16.16,38.54,345.8,False
2024-01-19T03:04:30,11.54,36.72,208.8,False
2024-01-19T03:05:00,9.59,32.4,244.5,False
2024-01-19T03:05:30,13.3,38.99,213.7,False
2024-01-19T03:06:00,9.09,33.76,161.6,False
2024-01-19T03:06:30,13.14,35.19,209.9,False
2024-01-19T03:07:00,12.78,35.87,208.9,False
2024-01-19T03:07:30,10.97,38.37,182.8,False
2024-01-19T03:08:00,13.24,37.67,162.6,False
2024-01-19T03:08:30,7.08,31.88,117.5,False
2024-01-19T03:09:00,12.03,35.08,241.6,False
2024-01-19T03:09:30,10.16,38.02,214.6,False
2024-01-19T03:10:00,20.13,39.72,332.2,False
2024-01-19T03:10:30,12.02,37.26,180.4,False
2024-01-19T03:11:00,9.76,36.62,158.7,False
2024-01-19T03:11:30,7.42,27.0,113.4,False
2024-01-19T03:12:00,15.47,40.4,266.0,False
2024-01-19T03:12:30,10.51,33.68,148.4,False
2024-01-19T03:13:00,9.19,34.01,172.3,False
2024-01-19T03:13:30,12.57,39.5,213.1,False
2024-01-19T03:14:00,13.52,39.79,145.6,False
2024-01-19T03:14:30,13.47,37.86,238.8,False
2024-01-19T03:15:00,11.63,37.41,233.5,False
2024-01-19T03:15:30,12.05,38.12,207.5,False
2024-01-19T03:16:00,12.27,39.14,194.7,False
2024-01-19T03:16:30,12.59,39.55,199.4,False
2024-01-19T03:17:00,12.86,36.79,258.9,False
2024-01-19T03:17:30,14.87,36.11,221.1,False
2024-01-19T03:18:00,11.76,35.52,193.3,False
2024-01-19T03:18:30,9.14,34.98,145.7,False
2024-01-19T03:19:00,34.9,47.5,567.2,False
2024-01-19T03:19:30,58.64,57.45,912.9,False
2024-01-19T03:20:00,82.37,72.22,1058.9,False
2024-01-19T03:20:30,83.32,68.68,1031.5,False
2024-01-19T03:21:00,81.93,71.29,1139.8,False
2024-01-19T03:21:30,82.46,71.69,1077.3,False
2024-01-19T03:22:00,82.08,71.43,1048.4,False
2024-01-19T03:22:30,83.68,73.7,1110.1,False
2024-01-19T03:23:00,84.47,73.84,1090.5,False
2024-01-19T03:23:30,81.18,75.2,1063.4,False
2024-01-19T03:24:00,80.34,69.3,1018.4,False
2024-01-19T03:24:30,82.94,72.2,1091.4,False
2024-01-19T03:25:00,83.44,72.32,1105.2,False
2024-01-19T03:25:30,84.33,72.67,1050.5,False
2024-01-19T03:26:00,83.11,69.2,989.1,False
2024-01-19T03:26:30,83.77,69.69,1108.2,False
2024-01-19T03:27:00,84.03,72.21,1097.4,False
2024-01-19T03:27:30,58.39,56.22,900.8,False
2024-01-19T03:28:00,34.4,46.71,677.0,False
2024-01-19T03:28:30,12.53,35.15,538.8,False
2024-01-19T03:29:00,9.04,33.33,146.2,True
2024-01-19T03:29:30,11.37,37.35,183.5,True
2024-01-19T03:30:00,7.12,30.81,115.1,True
2024-01-19T03:30:30,6.01,34.15,194.4,True
2024-01-19T03:31:00,8.63,32.58,167.1,True
2024-01-19T03:31:30,9.52,33.28,185.4,True
2024-01-19T03:32:00,6.4,33.55,168.5,True
2024-01-19T03:32:30,6.05,31.89,138.9,True
2024-01-19T03:33:00,9.83,32.54,211.5,True
2024-01-19T03:33:30,7.58,32.47,226.9,True
2024-01-19T03:34:00,7.39,29.56,198.3,False
2024-01-19T03:34:30,14.65,37.51,148.3,False
2024-01-19T03:35:00,9.87,28.15,183.3,False
2024-01-19T03:35:30,15.22,38.81,228.0,False
2024-01-19T03:36:00,11.86,36.59,244.6,False
2024-01-19T03:36:30,12.67,38.96,179.4,False
2024-01-19T03:37:00,11.15,39.37,147.6,False
2024-01-19T03:37:30,5.0,33.8,173.4,False
2024-01-19T03:38:00,8.39,32.37,166.4,False
2024-01-19T03:38:30,11.43,39.5,166.5,False
2024-01-19T03:39:00,12.91,33.5,192.9,False
2024-01-19T03:39:30,6.46,28.86,95.2,False
2024-01-19T03:40:00,11.67,38.98,200.2,False
2024-01-19T03:40:30,8.47,34.88,155.6,False
2024-01-19T03:41:00,12.55,31.96,221.7,False
2024-01-19T03:41:30,11.8,32.63,186.2,False
2024-01-19T03:42:00,14.09,37.59,214.2,False
2024-01-19T03:42:30,15.07,35.24,202.4,False
2024-01-19T03:43:00,13.26,34.62,195.9,False
2024-01-19T03:43:30,14.47,40.62,170.6,False
2024-01-19T03:44:00,10.85,39.17,228.1,False
2024-01-19T03:44:30,20.37,39.93,261.3,False
2024-01-19T03:45:00,8.26,33.28,86.5,False
2024-01-19T03:45:30,10.34,36.43,119.3,False
2024-01-19T03:46:00,14.63,35.65,258.6,False
2024-01-19T03:46:30,14.2,32.09,211.8,False
2024-01-19T03:47:00,13.41,30.64,206.5,False
2024-01-19T03:47:30,13.98,36.3,211.8,False
2024-01-19T03:48:00,5.72,34.08,165.2,False
2024-01-19T03:48:30,16.74,37.87,295.2,False
2024-01-19T03:49:00,11.37,36.77,208.8,False
2024-01-19T03:49:30,15.73,39.15,238.1,False
2024-01-19T03:50:00,5.9,35.19,124.4,False
2024-01-19T03:50:30,12.78,36.23,140.6,False
2024-01-19T03:51:00,10.33,35.19,201.6,False
2024-01-19T03:51:30,13.75,36.27,232.2,False
2024-01-19T03:52:00,12.99,35.45,247.9,False
2024-01-19T03:52:30,13.15,32.91,273.7,False
2024-01-19T03:53:00,8.88,36.26,124.7,False
2024-01-19T03:53:30,11.9,34.66,170.6,False
2024-01-19T03:54:00,11.54,34.37,219.1,False
2024-01-19T03:54:30,13.58,35.19,208.7,False
2024-01-19T03:55:00,15.07,34.34,278.3,False
2024-01-19T03:55:30,12.56,35.59,192.8,False
2024-01-19T03:56:00,8.29,34.67,246.4,False
2024-01-19T03:56:30,12.46,34.3,201.9,False
2024-01-19T03:57:00,19.98,41.55,324.9,False
2024-01-19T03:57:30,17.09,37.3,140.5,False
2024-01-19T03:58:00,5.0,28.93,159.5,False
2024-01-19T03:58:30,12.37,38.42,199.9,False
2024-01-19T03:59:00,14.98,37.38,136.1,False
2024-01-19T03:59:30,11.65,37.05,192.6,False
2024-01-19T04:00:00,10.83,36.69,137.1,False
2024-01-19T04:00:30,11.42,33.32,170.6,False
2024-01-19T04:01:00,13.89,35.4,223.3,False
2024-01-19T04:01:30,8.8,35.97,165.5,False
2024-01-19T04:02:00,15.82,41.09,240.8,False
2024-01-19T04:02:30,12.1,35.68,203.1,False
2024-01-19T04:03:00,9.47,32.99,270.0,False
2024-01-19T04:03:30,15.66,40.71,235.7,False
2024-01-19T04:04:00,7.67,32.09,165.8,False
2024-01-19T04:04:30,10.65,35.49,202.0,False
2024-01-19T04:05:00,10.61,33.96,183.9,False
2024-01-19T04:05:30,18.77,39.44,186.8,False
2024-01-19T04:06:00,10.3,32.77,210.1,False
2024-01-19T04:06:30,5.9,31.72,198.8,False
2024-01-19T04:07:00,10.63,33.58,247.3,False
2024-01-19T04:07:30,13.76,37.72,237.6,False
2024-01-19T04:08:00,14.76,37.23,207.3,False
2024-01-19T04:08:30,19.25,40.91,264.5,False
2024-01-19T04:09:00,16.65,36.2,304.6,False
2024-01-19T04:09:30,13.01,35.61,195.1,False
2024-01-19T04:10:00,9.78,35.67,130.5,False
2024-01-19T04:10:30,17.34,39.92,327.1,False
2024-01-19T04:11:00,11.38,32.33,150.3,False
2024-01-19T04:11:30,10.52,35.43,121.3,False
2024-01-19T04:12:00,11.26,33.54,202.8,False
2024-01-19T04:12:30,8.76,35.74,186.5,False
2024-01-19T04:13:00,11.14,38.83,207.4,False
2024-01-19T04:13:30,11.85,30.24,229.9,False
2024-01-19T04:14:00,14.75,35.6,211.6,False
2024-01-19T04:14:30,11.41,35.77,185.4,False
2024-01-19T04:15:00,8.79,33.93,147.4,False
2024-01-19T04:15:30,7.79,35.32,167.8,False
2024-01-19T04:16:00,13.25,36.33,227.7,False
2024-01-19T04:16:30,12.85,34.91,239.1,False
2024-01-19T04:17:00,10.98,33.0,152.0,False
2024-01-19T04:17:30,11.26,32.8,140.2,False
2024-01-19T04:18:00,13.84,34.99,246.1,False
2024-01-19T04:18:30,16.86,36.85,213.7,False
2024-01-19T04:19:00,10.36,35.5,143.5,False
2024-01-19T04:19:30,12.99,35.74,129.9,False
2024-01-19T04:20:00,15.61,36.06,281.2,False
2024-01-19T04:20:30,10.42,32.75,194.4,False
2024-01-19T04:21:00,12.72,34.51,223.6,False
2024-01-19T04:21:30,12.67,34.77,218.8,False
2024-01-19T04:22:00,8.86,32.5,179.4,False
2024-01-19T04:22:30,13.32,37.57,205.6,False
2024-01-19T04:23:00,12.92,38.76,200.6,False
2024-01-19T04:23:30,14.51,34.47,177.0,False
2024-01-19T04:24:00,9.3,36.46,103.8,False
2024-01-19T04:24:30,12.9,37.41,293.0,False
2024-01-19T04:25:00,17.03,38.45,237.8,False
2024-01-19T04:25:30,19.14,42.2,235.6,False
2024-01-19T04:26:00,16.76,37.62,202.0,False
2024-01-19T04:26:30,9.41,35.08,217.2,False
2024-01-19T04:27:00,14.31,36.98,220.2,False
2024-01-19T04:27:30,11.52,35.44,157.6,False
2024-01-19T04:28:00,13.84,37.42,198.6,False
2024-01-19T04:28:30,10.68,35.02,197.9,False
2024-01-19T04:29:00,7.88,34.46,147.6,False
2024-01-19T04:29:30,12.0,34.25,228.6,False
2024-01-19T04:30:00,15.22,35.92,306.7,False
2024-01-19T04:30:30,13.93,35.21,194.6,False
2024-01-19T04:31:00,14.29,36.01,203.0,False
2024-01-19T04:31:30,13.75,38.49,176.8,False
2024-01-19T04:32:00,14.33,35.84,208.5,False
2024-01-19T04:32:30,14.72,38.26,139.4,False
2024-01-19T04:33:00,12.33,36.29,242.6,False
2024-01-19T04:33:30,13.42,35.42,154.0,False
2024-01-19T04:34:00,18.42,41.43,215.1,False
2024-01-19T04:34:30,13.63,37.89,212.4,False
2024-01-19T04:35:00,13.35,36.28,261.9,False
2024-01-19T04:35:30,13.55,36.22,174.2,False
2024-01-19T04:36:00,12.6,36.1,193.4,False
2024-01-19T04:36:30,11.97,32.53,207.5,False
2024-01-19T04:37:00,13.92,34.92,184.5,False
2024-01-19T04:37:30,11.79,36.43,189.5,False
2024-01-19T04:38:00,12.89,32.89,139.5,False
2024-01-19T04:38:30,10.98,33.61,166.7,False
2024-01-19T04:39:00,13.69,35.67,258.7,False
2024-01-19T04:39:30,15.14,42.99,253.7,False
2024-01-19T04:40:00,12.77,37.35,184.4,False
2024-01-19T04:40:30,7.4,35.51,118.6,False
2024-01-19T04:41:00,15.21,35.62,213.2,False
2024-01-19T04:41:30,13.82,37.26,152.0,False
2024-01-19T04:42:00,10.5,31.35,176.1,False
2024-01-19T04:42:30,15.82,36.87,210.1,False
2024-01-19T04:43:00,9.32,35.3,156.7,False
2024-01-19T04:43:30,16.67,35.13,227.7,False
2024-01-19T04:44:00,13.38,37.11,228.5,False
2024-01-19T04:44:30,6.77,33.97,112.6,False
2024-01-19T04:45:00,14.13,35.49,251.3,False
2024-01-19T04:45:30,12.39,34.16,244.1,False
2024-01-19T04:46:00,11.96,34.18,283.7,False
2024-01-19T04:46:30,11.44,34.66,203.3,False
2024-01-19T04:47:00,13.29,35.65,265.2,False
2024-01-19T04:47:30,12.23,36.78,236.9,False
2024-01-19T04:48:00,8.14,32.64,172.7,False
2024-01-19T04:48:30,17.54,41.62,191.7,False
2024-01-19T04:49:00,13.02,39.34,239.9,False
2024-01-19T04:49:30,11.57,35.9,202.2,False
2024-01-19T04:50:00,10.4,34.16,254.7,False
2024-01-19T04:50:30,16.12,36.64,258.6,False
2024-01-19T04:51:00,9.93,35.25,221.7,False
2024-01-19T04:51:30,14.25,37.76,190.9,False
2024-01-19T04:52:00,12.12,35.31,206.7,False
2024-01-19T04:52:30,12.31,35.03,121.6,False
2024-01-19T04:53:00,10.6,35.66,207.0,False
2024-01-19T04:53:30,12.07,35.83,245.3,False
2024-01-19T04:54:00,13.98,35.5,267.5,False
2024-01-19T04:54:30,14.68,37.23,203.2,False
2024-01-19T04:55:00,11.64,34.27,120.6,False
2024-01-19T04:55:30,13.74,35.03,188.4,False
2024-01-19T04:56:00,16.7,38.01,230.5,False
2024-01-19T04:56:30,9.07,33.05,188.9,False
2024-01-19T04:57:00,14.06,35.23,131.3,False
2024-01-19T04:57:30,11.25,37.39,185.8,False
2024-01-19T04:58:00,10.96,34.37,146.2,False
2024-01-19T04:58:30,14.93,40.82,277.3,False
2024-01-19T04:59:00,12.53,37.19,106.8,False
2024-01-19T04:59:30,10.54,33.3,224.8,False
2024-01-19T05:00:00,18.18,41.09,239.1,False
2024-01-19T05:00:30,16.99,36.74,154.0,False
2024-01-19T05:01:00,8.46,37.85,234.7,False
2024-01-19T05:01:30,9.85,35.06,232.8,False
2024-01-19T05:02:00,16.08,38.81,278.6,False
2024-01-19T05:02:30,13.46,36.48,211.4,False
2024-01-19T05:03:00,18.84,39.64,223.9,False
2024-01-19T05:03:30,16.21,37.34,232.3,False
2024-01-19T05:04:00,15.28,35.48,244.1,False
2024-01-19T05:04:30,11.34,36.04,169.0,False
2024-01-19T05:05:00,15.91,39.69,192.9,False
2024-01-19T05:05:30,10.63,32.63,204.7,False
2024-01-19T05:06:00,18.39,41.97,255.0,False
2024-01-19T05:06:30,15.77,38.78,263.2,False
2024-01-19T05:07:00,12.05,34.85,257.3,False
2024-01-19T05:07:30,16.96,37.27,269.9,False
2024-01-19T05:08:00,21.29,44.08,224.2,False
2024-01-19T05:08:30,13.94,38.55,211.0,False
2024-01-19T05:09:00,16.27,40.12,245.6,False
2024-01-19T05:09:30,13.34,35.88,239.1,False
2024-01-19T05:10:00,14.92,38.28,253.7,False
2024-01-19T05:10:30,10.16,35.49,179.0,False
2024-01-19T05:11:00,14.71,36.71,198.0,False
2024-01-19T05:11:30,14.86,37.36,259.2,False
2024-01-19T05:12:00,20.15,42.01,276.3,False
2024-01-19T05:12:30,9.39,37.61,186.4,False
2024-01-19T05:13:00,13.96,36.19,183.5,False
2024-01-19T05:13:30,18.69,36.44,333.5,False
2024-01-19T05:14:00,14.13,40.07,223.0,False
2024-01-19T05:14:30,14.36,40.21,211.4,False
2024-01-19T05:15:00,12.4,36.72,209.2,False
2024-01-19T05:15:30,12.13,39.37,191.7,False
2024-01-19T05:16:00,9.47,35.12,124.2,False
2024-01-19T05:16:30,13.08,34.45,216.6,False
2024-01-19T05:17:00,12.03,33.12,138.2,False
2024-01-19T05:17:30,15.38,34.77,227.1,False
2024-01-19T05:18:00,12.68,36.08,137.7,False
2024-01-19T05:18:30,13.63,35.62,122.9,False
2024-01-19T05:19:00,13.74,35.45,234.4,False
2024-01-19T05:19:30,14.98,37.01,175.7,False
2024-01-19T05:20:00,13.56,38.23,225.9,False
2024-01-19T05:20:30,11.99,34.64,202.7,False
2024-01-19T05:21:00,15.45,36.04,229.5,False
2024-01-19T05:21:30,18.42,37.99,222.3,False
2024-01-19T05:22:00,15.63,39.4,219.8,False
2024-01-19T05:22:30,13.44,36.33,181.3,False
2024-01-19T05:23:00,14.93,37.77,257.2,False
2024-01-19T05:23:30,9.17,37.44,154.0,False
2024-01-19T05:24:00,14.93,42.9,209.5,False
2024-01-19T05:24:30,14.17,38.12,243.2,False
2024-01-19T05:25:00,12.6,37.14,175.9,False
2024-01-19T05:25:30,13.17,33.97,133.7,False
2024-01-19T05:26:00,14.22,37.6,171.3,False
2024-01-19T05:26:30,18.46,39.11,289.9,False
2024-01-19T05:27:00,18.78,40.93,253.5,False
2024-01-19T05:27:30,12.75,35.35,213.7,False
2024-01-19T05:28:00,14.0,37.16,223.8,False
2024-01-19T05:28:30,14.1,38.03,284.4,False
2024-01-19T05:29:00,18.04,42.58,161.3,False
2024-01-19T05:29:30,16.07,40.93,223.5,False
2024-01-19T05:30:00,15.94,40.27,228.7,False
2024-01-19T05:30:30,17.3,39.87,237.6,False
2024-01-19T05:31:00,13.93,35.87,243.4,False
2024-01-19T05:31:30,19.83,41.14,291.7,False
2024-01-19T05:32:00,15.76,36.11,217.5,False
2024-01-19T05:32:30,13.23,35.98,138.2,False
2024-01-19T05:33:00,15.13,40.9,321.4,False
2024-01-19T05:33:30,19.55,40.63,256.1,False
2024-01-19T05:34:00,14.6,37.53,220.3,False
2024-01-19T05:34:30,18.75,39.87,300.5,False
2024-01-19T05:35:00,14.06,36.62,196.7,False
2024-01-19T05:35:30,13.66,32.3,261.0,False
2024-01-19T05:36:00,17.96,36.24,231.5,False
2024-01-19T05:36:30,13.39,37.72,280.3,False
2024-01-19T05:37:00,18.51,37.2,266.3,False
2024-01-19T05:37:30,17.12,38.14,210.0,False
2024-01-19T05:38:00,13.48,34.07,295.0,False
2024-01-19T05:38:30,15.91,36.31,251.4,False
2024-01-19T05:39:00,14.51,37.04,191.7,False
2024-01-19T05:39:30,17.23,40.26,181.5,False
2024-01-19T05:40:00,21.87,42.98,302.9,False
2024-01-19T05:40:30,15.12,35.89,276.4,False
2024-01-19T05:41:00,17.87,39.35,258.4,False
2024-01-19T05:41:30,16.37,35.13,244.1,False
2024-01-19T05:42:00,16.39,38.11,293.5,False
2024-01-19T05:42:30,15.85,39.64,250.8,False
2024-01-19T05:43:00,13.81,36.58,184.1,False
2024-01-19T05:43:30,17.41,41.15,214.7,False
2024-01-19T05:44:00,15.57,39.27,246.8,False
2024-01-19T05:44:30,13.75,37.17,230.1,False
2024-01-19T05:45:00,19.53,39.08,299.8,False
2024-01-19T05:45:30,16.82,37.15,249.3,False
2024-01-19T05:46:00,15.87,34.83,254.1,False
2024-01-19T05:46:30,20.6,37.53,278.7,False
2024-01-19T05:47:00,11.1,37.36,227.4,False
2024-01-19T05:47:30,20.46,43.08,293.5,False
2024-01-19T05:48:00,14.03,34.67,201.9,False
2024-01-19T05:48:30,17.33,38.62,231.1,False
2024-01-19T05:49:00,14.96,34.16,232.6,False
2024-01-19T05:49:30,13.98,34.86,216.4,False
2024-01-19T05:50:00,20.73,40.71,318.4,False
2024-01-19T05:50:30,22.38,39.98,287.5,False
2024-01-19T05:51:00,16.18,34.09,172.5,False
2024-01-19T05:51:30,17.88,42.21,195.7,False
2024-01-19T05:52:00,17.07,38.27,227.0,False
2024-01-19T05:52:30,22.12,38.69,305.9,False
2024-01-19T05:53:00,10.62,35.4,156.0,False
2024-01-19T05:53:30,18.12,38.74,271.0,False
2024-01-19T05:54:00,14.84,38.1,188.0,False
2024-01-19T05:54:30,9.98,34.15,186.2,False
2024-01-19T05:55:00,16.0,38.47,244.6,False
2024-01-19T05:55:30,22.66,43.06,235.5,False
2024-01-19T05:56:00,15.17,34.8,237.2,False
2024-01-19T05:56:30,19.54,38.23,321.0,False
2024-01-19T05:57:00,20.8,41.93,258.5,False
2024-01-19T05:57:30,17.2,37.34,240.6,False
2024-01-19T05:58:00,17.63,38.5,251.1,False
2024-01-19T05:58:30,12.15,34.99,200.8,False
2024-01-19T05:59:00,15.18,36.63,222.4,False
2024-01-19T05:59:30,20.08,38.91,258.5,False
2024-01-19T06:00:00,17.57,36.12,177.9,False
2024-01-19T06:00:30,18.52,40.04,266.3,False
2024-01-19T06:01:00,17.85,40.91,199.8,False
2024-01-19T06:01:30,24.06,41.54,307.5,False
2024-01-19T06:02:00,16.22,39.87,257.8,False
2024-01-19T06:02:30,22.36,40.06,295.1,False
2024-01-19T06:03:00,17.97,37.75,208.4,False
2024-01-19T06:03:30,22.69,42.03,294.1,False
2024-01-19T06:04:00,13.96,37.7,203.1,False
2024-01-19T06:04:30,18.22,38.76,222.2,False
2024-01-19T06:05:00,16.52,39.48,314.7,False
2024-01-19T06:05:30,18.15,36.37,209.3,False
2024-01-19T06:06:00,21.43,39.98,291.2,False
2024-01-19T06:06:30,18.93,41.27,312.5,False
2024-01-19T06:07:00,21.49,42.55,287.2,False
2024-01-19T06:07:30,15.85,39.48,202.2,False
2024-01-19T06:08:00,15.42,39.63,201.3,False
2024-01-19T06:08:30,17.97,38.12,187.9,False
2024-01-19T06:09:00,17.84,35.39,246.4,False
2024-01-19T06:09:30,17.43,38.08,244.6,False
2024-01-19T06:10:00,15.14,38.73,211.1,False
2024-01-19T06:10:30,21.65,42.31,330.1,False
2024-01-19T06:11:00,16.99,37.33,234.5,False
2024-01-19T06:11:30,22.39,39.15,217.1,False
2024-01-19T06:12:00,18.18,37.25,306.1,False
2024-01-19T06:12:30,20.12,38.87,215.1,False
2024-01-19T06:13:00,19.88,36.04,281.0,False
2024-01-19T06:13:30,15.77,36.73,253.3,False
2024-01-19T06:14:00,19.38,39.68,253.5,False
2024-01-19T06:14:30,24.09,41.75,331.8,False
2024-01-19T06:15:00,19.1,38.79,257.5,False
2024-01-19T06:15:30,21.08,39.06,255.9,False
2024-01-19T06:16:00,20.49,39.0,182.2,False
2024-01-19T06:16:30,19.36,38.48,187.3,False
2024-01-19T06:17:00,19.03,40.84,364.1,False
2024-01-19T06:17:30,20.15,39.98,292.3,False
2024-01-19T06:18:00,20.83,46.66,318.6,False
2024-01-19T06:18:30,14.52,36.51,318.5,False
2024-01-19T06:19:00,19.35,40.46,242.2,False
2024-01-19T06:19:30,18.09,38.34,241.0,False
2024-01-19T06:20:00,17.5,38.0,175.9,False
2024-01-19T06:20:30,22.59,44.34,271.1,False
2024-01-19T06:21:00,16.54,40.19,221.6,False
2024-01-19T06:21:30,14.59,33.71,203.0,False
2024-01-19T06:22:00,21.19,38.48,313.6,False
2024-01-19T06:22:30,14.58,36.94,247.2,False
2024-01-19T06:23:00,13.09,35.44,243.5,False
2024-01-19T06:23:30,21.63,37.73,226.2,False
2024-01-19T06:24:00,19.42,39.87,258.5,False
2024-01-19T06:24:30,20.39,36.37,278.8,False
2024-01-19T06:25:00,17.68,39.03,318.1,False
2024-01-19T06:25:30,14.89,38.84,225.7,False
2024-01-19T06:26:00,15.52,39.44,219.6,False
2024-01-19T06:26:30,18.3,38.8,291.8,False
2024-01-19T06:27:00,15.33,40.63,214.3,False
2024-01-19T06:27:30,20.1,40.65,281.6,False
2024-01-19T06:28:00,17.83,40.55,262.2,False
2024-01-19T06:28:30,19.81,38.37,239.6,False
2024-01-19T06:29:00,19.75,42.86,232.3,False
2024-01-19T06:29:30,20.48,40.18,262.6,False
2024-01-19T06:30:00,20.85,43.53,249.5,False
2024-01-19T06:30:30,18.36,41.84,186.9,False
2024-01-19T06:31:00,19.97,40.45,288.7,False
2024-01-19T06:31:30,20.17,40.85,284.1,False
2024-01-19T06:32:00,12.21,35.7,167.9,False
2024-01-19T06:32:30,21.47,39.05,238.1,False
2024-01-19T06:33:00,20.01,41.15,279.6,False
2024-01-19T06:33:30,21.29,41.69,340.4,False
2024-01-19T06:34:00,15.77,34.61,267.0,False
2024-01-19T06:34:30,18.72,39.16,297.8,False
2024-01-19T06:35:00,16.43,39.91,219.2,False
2024-01-19T06:35:30,21.97,43.88,292.4,False
2024-01-19T06:36:00,15.56,39.2,219.2,False
2024-01-19T06:36:30,17.02,35.44,207.1,False
2024-01-19T06:37:00,21.45,38.58,279.4,False
2024-01-19T06:37:30,17.99,38.27,209.2,False
2024-01-19T06:38:00,17.13,41.33,207.2,False
2024-01-19T06:38:30,22.67,40.09,263.6,False
2024-01-19T06:39:00,22.83,43.51,269.1,False
2024-01-19T06:39:30,22.19,39.82,276.3,False
2024-01-19T06:40:00,22.6,42.34,198.2,False
2024-01-19T06:40:30,19.4,37.8,217.9,False
2024-01-19T06:41:00,19.52,39.35,319.0,False
2024-01-19T06:41:30,18.22,36.83,245.4,False
2024-01-19T06:42:00,20.7,43.22,288.1,False
2024-01-19T06:42:30,18.65,37.92,265.9,False
2024-01-19T06:43:00,18.97,36.38,247.5,False
2024-01-19T06:43:30,22.11,37.79,241.6,False
2024-01-19T06:44:00,23.9,41.77,269.2,False
2024-01-19T06:44:30,21.58,39.86,350.9,False
2024-01-19T06:45:00,25.8,44.19,285.1,False
2024-01-19T06:45:30,18.34,38.69,315.6,False
2024-01-19T06:46:00,14.98,39.82,203.2,False
2024-01-19T06:46:30,22.67,40.56,268.6,False
2024-01-19T06:47:00,18.25,41.18,249.0,False
2024-01-19T06:47:30,19.78,37.98,251.2,False
2024-01-19T06:48:00,15.33,34.66,185.1,False
2024-01-19T06:48:30,17.98,37.34,243.2,False
2024-01-19T06:49:00,16.2,35.85,170.7,False
2024-01-19T06:49:30,19.44,37.25,270.1,False
2024-01-19T06:50:00,19.6,40.63,265.8,False
2024-01-19T06:50:30,21.09,40.03,297.9,False
2024-01-19T06:51:00,24.58,42.58,276.7,False
2024-01-19T06:51:30,22.92,42.53,312.9,False
2024-01-19T06:52:00,16.06,34.67,245.7,False
2024-01-19T06:52:30,22.79,42.55,287.4,False
2024-01-19T06:53:00,21.34,38.28,349.8,False
2024-01-19T06:53:30,20.75,39.24,284.8,False
2024-01-19T06:54:00,21.01,36.74,249.5,False
2024-01-19T06:54:30,21.73,42.2,335.3,False
2024-01-19T06:55:00,19.08,36.18,273.0,False
2024-01-19T06:55:30,20.64,37.95,336.3,False
2024-01-19T06:56:00,24.78,40.16,224.0,False
2024-01-19T06:56:30,19.15,39.35,241.2,False
2024-01-19T06:57:00,18.21,38.82,233.8,False
2024-01-19T06:57:30,21.16,42.23,193.7,False
2024-01-19T06:58:00,41.87,50.76,741.6,False
2024-01-19T06:58:30,65.76,64.85,911.2,False
2024-01-19T06:59:00,89.65,75.62,1037.3,False
2024-01-19T06:59:30,91.12,73.7,1098.3,False
2024-01-19T07:00:00,90.53,73.97,1179.7,False
2024-01-19T07:00:30,88.37,77.24,1143.3,False
2024-01-19T07:01:00,89.64,77.32,1088.7,False
2024-01-19T07:01:30,89.95,76.67,1090.0,False
2024-01-19T07:02:00,89.55,76.73,1150.8,False
2024-01-19T07:02:30,89.61,75.78,1038.3,False
2024-01-19T07:03:00,91.22,76.33,1153.5,False
2024-01-19T07:03:30,88.89,74.59,1037.9,False
2024-01-19T07:04:00,90.45,78.67,1189.3,False
2024-01-19T07:04:30,89.97,74.11,1146.1,False
2024-01-19T07:05:00,88.79,74.93,1036.6,False
2024-01-19T07:05:30,88.58,70.93,1093.4,False
2024-01-19T07:06:00,87.95,71.17,1116.3,False
2024-01-19T07:06:30,66.93,67.15,856.0,False
2024-01-19T07:07:00,46.3,54.44,768.7,False
2024-01-19T07:07:30,18.42,38.85,566.6,False
2024-01-19T07:08:00,19.1,39.01,170.1,True
2024-01-19T07:08:30,16.12,34.65,258.8,True
2024-01-19T07:09:00,18.35,37.63,241.8,True
2024-01-19T07:09:30,16.45,34.62,268.3,True
2024-01-19T07:10:00,16.47,36.95,222.4,True
2024-01-19T07:10:30,21.52,41.43,229.9,True
2024-01-19T07:11:00,14.52,37.48,169.9,True
2024-01-19T07:11:30,19.09,42.04,240.3,True
2024-01-19T07:12:00,22.11,40.96,269.4,True
2024-01-19T07:12:30,19.64,34.18,299.6,True
2024-01-19T07:13:00,18.53,42.49,237.1,False
2024-01-19T07:13:30,18.72,37.0,187.4,False
2024-01-19T07:14:00,20.35,39.82,244.5,False
2024-01-19T07:14:30,23.12,41.08,224.0,False
2024-01-19T07:15:00,23.36,41.49,300.9,False
2024-01-19T07:15:30,18.91,38.87,274.5,False
2024-01-19T07:16:00,20.14,39.53,291.2,False
2024-01-19T07:16:30,20.37,36.87,250.8,False
2024-01-19T07:17:00,22.3,45.65,250.4,False
2024-01-19T07:17:30,28.83,45.05,310.2,False
2024-01-19T07:18:00,20.12,39.5,257.3,False
2024-01-19T07:18:30,20.03,43.03,239.9,False
2024-01-19T07:19:00,19.6,36.99,321.2,False
2024-01-19T07:19:30,24.94,43.55,284.9,False
2024-01-19T07:20:00,22.95,39.7,279.5,False
2024-01-19T07:20:30,20.43,40.36,233.4,False
2024-01-19T07:21:00,22.07,41.22,247.4,False
2024-01-19T07:21:30,20.82,35.08,215.6,False
2024-01-19T07:22:00,24.12,38.54,251.8,False
2024-01-19T07:22:30,31.33,48.18,425.5,False
2024-01-19T07:23:00,24.97,41.33,321.5,False
2024-01-19T07:23:30,23.08,44.89,271.0,False
2024-01-19T07:24:00,21.4,42.67,244.9,False
2024-01-19T07:24:30,19.4,38.61,304.6,False
2024-01-19T07:25:00,25.68,41.57,272.0,False
2024-01-19T07:25:30,25.55,45.43,236.3,False
2024-01-19T07:26:00,22.16,44.64,296.3,False
2024-01-19T07:26:30,27.23,42.4,280.8,False
2024-01-19T07:27:00,23.7,44.28,238.2,False
2024-01-19T07:27:30,26.0,44.42,264.3,False
2024-01-19T07:28:00,24.6,44.07,313.4,False
2024-01-19T07:28:30,23.22,41.18,281.6,False
2024-01-19T07:29:00,20.93,38.49,228.1,False
2024-01-19T07:29:30,23.4,38.96,306.0,False
2024-01-19T07:30:00,26.4,39.96,278.1,False
2024-01-19T07:30:30,22.39,44.39,213.7,False
2024-01-19T07:31:00,25.28,42.03,249.9,False
2024-01-19T07:31:30,20.75,37.46,266.9,False
2024-01-19T07:32:00,26.38,44.57,279.7,False
2024-01-19T07:32:30,25.02,40.93,304.3,False
2024-01-19T07:33:00,20.51,38.33,308.6,False
2024-01-19T07:33:30,23.49,45.26,262.7,False
2024-01-19T07:34:00,26.99,40.22,422.6,False
2024-01-19T07:34:30,20.46,40.08,274.7,False
2024-01-19T07:35:00,21.07,38.74,261.5,False
2024-01-19T07:35:30,24.11,39.94,239.5,False
2024-01-19T07:36:00,30.76,41.84,332.2,False
2024-01-19T07:36:30,22.38,40.7,269.1,False
2024-01-19T07:37:00,25.93,40.61,337.8,False
2024-01-19T07:37:30,25.26,43.21,278.3,False
2024-01-19T07:38:00,22.76,40.68,299.3,False
2024-01-19T07:38:30,25.05,41.29,302.1,False
2024-01-19T07:39:00,23.26,39.29,325.1,False
2024-01-19T07:39:30,23.57,44.05,330.7,False
2024-01-19T07:40:00,19.7,40.72,271.0,False
2024-01-19T07:40:30,24.66,40.37,327.8,False
2024-01-19T07:41:00,27.47,40.42,364.7,False
2024-01-19T07:41:30,24.98,38.12,321.4,False
2024-01-19T07:42:00,28.12,45.74,336.1,False
2024-01-19T07:42:30,26.63,44.54,329.4,False
2024-01-19T07:43:00,24.76,43.88,362.5,False
2024-01-19T07:43:30,23.09,40.71,289.2,False
2024-01-19T07:44:00,23.56,42.8,317.6,False
2024-01-19T07:44:30,20.65,41.79,238.1,False
2024-01-19T07:45:00,24.3,41.42,354.4,False
2024-01-19T07:45:30,25.58,41.49,322.6,False
2024-01-19T07:46:00,30.33,42.63,328.8,False
2024-01-19T07:46:30,26.81,43.67,311.7,False
2024-01-19T07:47:00,22.67,41.87,272.6,False
2024-01-19T07:47:30,20.99,39.1,268.1,False
2024-01-19T07:48:00,24.73,41.21,306.2,False
2024-01-19T07:48:30,27.83,42.9,314.7,False
2024-01-19T07:49:00,24.77,43.39,234.6,False
2024-01-19T07:49:30,27.1,40.23,387.8,False
2024-01-19T07:50:00,24.97,39.7,310.4,False
2024-01-19T07:50:30,27.71,41.11,332.5,False
2024-01-19T07:51:00,20.81,39.54,264.5,False
2024-01-19T07:51:30,30.45,45.29,379.9,False
2024-01-19T07:52:00,22.34,38.47,280.7,False
2024-01-19T07:52:30,28.1,45.31,312.4,False
2024-01-19T07:53:00,24.95,44.84,289.7,False
2024-01-19T07:53:30,25.46,43.0,353.7,False
2024-01-19T07:54:00,25.13,44.25,309.1,False
2024-01-19T07:54:30,26.66,40.94,311.9,False
2024-01-19T07:55:00,27.3,41.31,301.0,False
2024-01-19T07:55:30,29.15,45.05,320.4,False
2024-01-19T07:56:00,30.24,44.49,385.1,False
2024-01-19T07:56:30,27.05,41.19,279.8,False
2024-01-19T07:57:00,31.24,47.92,376.7,False
2024-01-19T07:57:30,26.42,43.26,339.6,False
2024-01-19T07:58:00,29.42,45.56,344.0,False
2024-01-19T07:58:30,27.51,41.86,312.5,False
2024-01-19T07:59:00,24.62,45.13,237.7,False
2024-01-19T07:59:30,26.85,42.57,341.4,False
2024-01-19T08:00:00,27.86,45.43,259.1,False
2024-01-19T08:00:30,26.3,41.44,317.1,False
2024-01-19T08:01:00,27.68,43.64,323.5,False
2024-01-19T08:01:30,29.08,45.12,363.3,False
2024-01-19T08:02:00,26.45,46.68,275.8,False
2024-01-19T08:02:30,17.73,37.45,204.0,False
2024-01-19T08:03:00,31.64,45.69,374.5,False
2024-01-19T08:03:30,25.76,43.53,299.2,False
2024-01-19T08:04:00,24.22,38.75,213.1,False
2024-01-19T08:04:30,23.36,36.8,286.6,False
2024-01-19T08:05:00,25.77,40.36,378.4,False
2024-01-19T08:05:30,25.13,43.97,323.0,False
2024-01-19T08:06:00,24.65,45.23,249.8,False
2024-01-19T08:06:30,24.86,40.06,317.6,False
2024-01-19T08:07:00,28.53,41.31,367.6,False
2024-01-19T08:07:30,33.08,49.09,295.6,False
2024-01-19T08:08:00,29.49,43.1,324.4,False
2024-01-19T08:08:30,30.44,43.96,395.5,False
2024-01-19T08:09:00,25.98,45.4,246.9,False
2024-01-19T08:09:30,27.47,45.81,308.6,False
2024-01-19T08:10:00,28.48,45.6,319.2,False
2024-01-19T08:10:30,25.26,38.7,285.5,False
2024-01-19T08:11:00,26.01,39.98,363.1,False
2024-01-19T08:11:30,29.89,46.68,388.0,False
2024-01-19T08:12:00,30.64,45.45,333.0,False
2024-01-19T08:12:30,27.62,41.75,280.2,False
2024-01-19T08:13:00,23.87,40.74,341.9,False
2024-01-19T08:13:30,26.61,45.03,343.9,False
2024-01-19T08:14:00,23.22,44.16,285.1,False
2024-01-19T08:14:30,27.81,43.39,348.7,False
2024-01-19T08:15:00,28.39,42.33,353.0,False
2024-01-19T08:15:30,26.86,42.38,279.9,False
2024-01-19T08:16:00,28.44,46.41,303.7,False
2024-01-19T08:16:30,29.01,46.66,332.3,False
2024-01-19T08:17:00,28.57,44.18,251.2,False
2024-01-19T08:17:30,24.24,40.57,280.2,False
2024-01-19T08:18:00,27.12,45.24,285.3,False
2024-01-19T08:18:30,29.16,47.34,340.1,False
2024-01-19T08:19:00,32.71,42.96,316.6,False
2024-01-19T08:19:30,27.2,42.65,334.8,False
2024-01-19T08:20:00,29.71,46.68,346.6,False
2024-01-19T08:20:30,30.73,45.03,341.8,False
2024-01-19T08:21:00,27.55,42.32,339.2,False
2024-01-19T08:21:30,31.63,45.71,376.7,False
2024-01-19T08:22:00,31.83,46.18,345.2,False
2024-01-19T08:22:30,32.41,43.48,360.7,False
2024-01-19T08:23:00,29.69,44.55,310.4,False
2024-01-19T08:23:30,35.44,47.98,355.9,False
2024-01-19T08:24:00,26.55,41.83,375.7,False
2024-01-19T08:24:30,34.82,45.38,370.4,False
2024-01-19T08:25:00,30.79,43.85,345.9,False
2024-01-19T08:25:30,32.55,43.87,357.3,False
2024-01-19T08:26:00,27.61,45.04,335.8,False
2024-01-19T08:26:30,31.15,43.15,327.4,False
2024-01-19T08:27:00,32.94,46.39,345.6,False
2024-01-19T08:27:30,25.44,41.51,341.0,False
2024-01-19T08:28:00,28.26,42.26,266.6,False
2024-01-19T08:28:30,22.36,43.47,286.4,False
2024-01-19T08:29:00,28.3,43.43,293.5,False
2024-01-19T08:29:30,26.43,41.42,231.1,False
2024-01-19T08:30:00,28.27,42.15,322.9,False
2024-01-19T08:30:30,37.73,49.09,355.7,False
2024-01-19T08:31:00,34.16,48.28,319.9,False
2024-01-19T08:31:30,24.73,44.46,401.7,False
2024-01-19T08:32:00,30.76,44.6,367.8,False
2024-01-19T08:32:30,31.53,44.87,374.9,False
2024-01-19T08:33:00,28.16,43.9,323.2,False
2024-01-19T08:33:30,29.76,44.77,290.3,False
2024-01-19T08:34:00,30.09,43.06,334.1,False
2024-01-19T08:34:30,25.27,45.12,287.9,False
2024-01-19T08:35:00,26.26,42.74,233.1,False
2024-01-19T08:35:30,29.91,45.59,410.9,False
2024-01-19T08:36:00,29.74,45.28,334.3,False
2024-01-19T08:36:30,27.36,44.05,285.5,False
2024-01-19T08:37:00,27.14,41.13,322.1,False
2024-01-19T08:37:30,29.3,44.21,279.2,False
2024-01-19T08:38:00,32.27,50.27,320.6,False
2024-01-19T08:38:30,29.43,47.46,396.9,False
2024-01-19T08:39:00,34.57,47.17,355.7,False
2024-01-19T08:39:30,27.65,42.67,320.5,False
2024-01-19T08:40:00,30.37,40.33,347.1,False
2024-01-19T08:40:30,28.77,42.97,323.2,False
2024-01-19T08:41:00,31.64,45.24,331.5,False
2024-01-19T08:41:30,27.57,42.73,411.3,False
2024-01-19T08:42:00,35.74,46.96,356.3,False
2024-01-19T08:42:30,24.93,43.3,263.7,False
2024-01-19T08:43:00,35.19,45.18,401.2,False
2024-01-19T08:43:30,30.36,45.31,291.5,False
2024-01-19T08:44:00,31.79,45.27,395.2,False
2024-01-19T08:44:30,34.18,44.92,365.4,False
2024-01-19T08:45:00,32.79,49.34,367.5,False
2024-01-19T08:45:30,28.07,45.13,336.4,False
2024-01-19T08:46:00,32.11,44.08,343.3,False
2024-01-19T08:46:30,35.95,48.61,424.3,False
2024-01-19T08:47:00,27.73,40.69,347.9,False
2024-01-19T08:47:30,36.79,46.67,415.0,False
2024-01-19T08:48:00,31.64,48.08,292.5,False
2024-01-19T08:48:30,29.23,44.92,319.9,False
2024-01-19T08:49:00,27.89,44.09,318.7,False
2024-01-19T08:49:30,29.94,46.55,409.1,False
2024-01-19T08:50:00,24.79,43.23,241.8,False
2024-01-19T08:50:30,29.45,43.8,310.1,False
2024-01-19T08:51:00,29.95,46.46,382.9,False
2024-01-19T08:51:30,27.56,40.02,283.0,False
2024-01-19T08:52:00,33.07,44.82,338.3,False
2024-01-19T08:52:30,30.22,44.53,408.7,False
2024-01-19T08:53:00,29.01,45.22,346.7,False
2024-01-19T08:53:30,29.99,43.96,374.2,False
2024-01-19T08:54:00,32.07,42.09,385.5,False
2024-01-19T08:54:30,31.27,41.41,354.8,False
2024-01-19T08:55:00,28.99,43.98,335.6,False
2024-01-19T08:55:30,31.51,44.43,387.6,False
2024-01-19T08:56:00,31.03,43.32,314.3,False
2024-01-19T08:56:30,27.81,41.38,391.8,False
2024-01-19T08:57:00,30.4,45.1,321.9,False
2024-01-19T08:57:30,33.05,48.76,405.3,False
2024-01-19T08:58:00,33.07,46.44,384.8,False
2024-01-19T08:58:30,30.71,47.62,323.8,False
2024-01-19T08:59:00,33.47,45.62,387.1,False
2024-01-19T08:59:30,28.55,44.8,333.5,False
2024-01-19T09:00:00,28.68,46.68,458.8,False
2024-01-19T09:00:30,30.82,44.73,543.1,False
2024-01-19T09:01:00,36.11,47.75,538.9,False
2024-01-19T09:01:30,32.15,44.97,577.5,False
2024-01-19T09:02:00,30.88,46.27,541.4,False
2024-01-19T09:02:30,36.38,49.64,626.1,False
2024-01-19T09:03:00,30.93,45.81,519.6,False
2024-01-19T09:03:30,38.54,48.46,556.5,False
2024-01-19T09:04:00,30.34,41.82,499.7,False
2024-01-19T09:04:30,28.89,44.0,611.9,False
2024-01-19T09:05:00,31.47,45.0,672.9,False
2024-01-19T09:05:30,31.26,45.76,630.1,False
2024-01-19T09:06:00,29.63,44.7,475.4,False
2024-01-19T09:06:30,39.9,52.75,564.1,False
2024-01-19T09:07:00,33.1,44.81,522.2,False
2024-01-19T09:07:30,33.58,43.3,599.6,False
2024-01-19T09:08:00,30.84,42.8,631.0,False
2024-01-19T09:08:30,30.54,43.67,580.5,False
2024-01-19T09:09:00,35.39,49.52,590.7,False
2024-01-19T09:09:30,27.33,40.74,481.7,False
2024-01-19T09:10:00,28.97,41.83,520.4,False
2024-01-19T09:10:30,31.7,46.35,557.2,False
2024-01-19T09:11:00,36.54,49.64,627.6,False
2024-01-19T09:11:30,31.41,42.28,531.3,False
2024-01-19T09:12:00,33.82,43.04,586.6,False
2024-01-19T09:12:30,32.7,44.45,572.6,False
2024-01-19T09:13:00,36.55,49.27,596.4,False
2024-01-19T09:13:30,27.95,43.94,507.8,False
2024-01-19T09:14:00,34.96,45.66,584.5,False
2024-01-19T09:14:30,32.2,47.26,553.7,False
2024-01-19T09:15:00,35.61,47.74,553.6,False
2024-01-19T09:15:30,30.42,44.68,578.8,False
2024-01-19T09:16:00,33.0,42.96,627.0,False
2024-01-19T09:16:30,32.66,44.48,568.1,False
2024-01-19T09:17:00,30.0,48.61,538.2,False
2024-01-19T09:17:30,29.21,43.62,564.1,False
2024-01-19T09:18:00,31.36,43.46,558.3,False
2024-01-19T09:18:30,33.53,45.7,613.9,False
2024-01-19T09:19:00,30.91,45.39,551.6,False
2024-01-19T09:19:30,32.24,47.58,581.4,False
2024-01-19T09:20:00,27.61,44.75,590.3,False
2024-01-19T09:20:30,32.2,44.45,608.3,False
2024-01-19T09:21:00,36.43,50.46,585.2,False
2024-01-19T09:21:30,35.52,49.09,627.4,False
2024-01-19T09:22:00,33.19,45.41,522.8,False
2024-01-19T09:22:30,34.22,46.56,565.7,False
2024-01-19T09:23:00,31.05,46.43,581.7,False
2024-01-19T09:23:30,38.45,51.08,668.8,False
2024-01-19T09:24:00,39.82,46.58,588.5,False
2024-01-19T09:24:30,34.16,46.93,572.2,False
2024-01-19T09:25:00,41.48,50.39,631.9,False
2024-01-19T09:25:30,31.71,44.43,550.0,False
2024-01-19T09:26:00,30.04,43.58,491.7,False
2024-01-19T09:26:30,31.71,47.68,573.7,False
2024-01-19T09:27:00,33.22,47.4,514.7,False
2024-01-19T09:27:30,40.86,54.36,672.4,False
2024-01-19T09:28:00,33.12,45.14,619.0,False
2024-01-19T09:28:30,31.43,45.71,525.9,False
2024-01-19T09:29:00,31.36,46.02,500.1,False
2024-01-19T09:29:30,37.52,50.28,598.8,False
2024-01-19T09:30:00,37.13,51.01,576.3,False
2024-01-19T09:30:30,32.73,46.28,553.4,False
2024-01-19T09:31:00,28.6,41.84,532.5,False
2024-01-19T09:31:30,30.88,43.75,509.9,False
2024-01-19T09:32:00,39.48,49.76,682.2,False
2024-01-19T09:32:30,36.42,50.19,565.7,False
2024-01-19T09:33:00,34.6,44.14,614.2,False
2024-01-19T09:33:30,40.05,47.42,584.8,False
2024-01-19T09:34:00,40.36,51.43,625.3,False
2024-01-19T09:34:30,34.42,44.36,593.4,False
2024-01-19T09:35:00,34.52,44.75,581.6,False
2024-01-19T09:35:30,32.87,48.45,552.8,False
2024-01-19T09:36:00,33.8,46.21,550.7,False
2024-01-19T09:36:30,30.24,44.27,525.7,False
2024-01-19T09:37:00,30.27,47.62,515.2,False
2024-01-19T09:37:30,29.62,42.43,550.3,False
2024-01-19T09:38:00,38.08,46.27,677.9,False
2024-01-19T09:38:30,30.19,48.11,555.9,False
2024-01-19T09:39:00,40.77,50.6,650.0,False
2024-01-19T09:39:30,32.77,47.5,605.4,False
2024-01-19T09:40:00,40.21,49.24,603.7,False
2024-01-19T09:40:30,33.95,46.52,499.4,False
2024-01-19T09:41:00,30.39,43.55,543.2,False
2024-01-19T09:41:30,38.98,49.89,646.1,False
2024-01-19T09:42:00,39.38,51.12,695.4,False
2024-01-19T09:42:30,32.5,46.41,520.8,False
2024-01-19T09:43:00,34.26,49.02,618.1,False
2024-01-19T09:43:30,32.58,47.39,571.1,False
2024-01-19T09:44:00,34.98,45.17,564.3,False
2024-01-19T09:44:30,35.71,47.34,543.9,False
2024-01-19T09:45:00,34.38,46.06,551.7,False
2024-01-19T09:45:30,30.02,46.29,563.1,False
2024-01-19T09:46:00,33.77,47.59,619.1,False
2024-01-19T09:46:30,37.67,48.87,492.4,False
2024-01-19T09:47:00,34.98,49.29,600.3,False
2024-01-19T09:47:30,34.66,43.38,554.4,False
2024-01-19T09:48:00,32.89,45.02,544.0,False
2024-01-19T09:48:30,33.9,45.7,587.9,False
2024-01-19T09:49:00,40.0,50.29,696.8,False
2024-01-19T09:49:30,32.4,47.09,530.5,False
2024-01-19T09:50:00,38.02,48.8,600.3,False
2024-01-19T09:50:30,36.04,45.18,525.3,False
2024-01-19T09:51:00,36.68,48.94,611.0,False
2024-01-19T09:51:30,33.79,46.94,542.7,False
2024-01-19T09:52:00,34.97,44.34,642.8,False
2024-01-19T09:52:30,36.05,47.23,602.8,False
2024-01-19T09:53:00,34.55,47.82,565.1,False
2024-01-19T09:53:30,37.15,51.68,586.1,False
2024-01-19T09:54:00,37.57,46.41,615.2,False
2024-01-19T09:54:30,42.76,52.76,669.7,False
2024-01-19T09:55:00,37.12,46.21,550.2,False
2024-01-19T09:55:30,30.59,42.56,538.8,False
2024-01-19T09:56:00,39.86,47.31,618.7,False
2024-01-19T09:56:30,35.8,48.92,594.9,False
2024-01-19T09:57:00,42.49,51.31,692.1,False
2024-01-19T09:57:30,40.91,49.64,570.2,False
2024-01-19T09:58:00,35.02,48.24,618.4,False
2024-01-19T09:58:30,38.74,49.27,624.5,False
2024-01-19T09:59:00,34.84,47.46,558.8,False
2024-01-19T09:59:30,36.67,47.55,625.6,False
2024-01-19T10:00:00,38.73,47.13,594.5,False
2024-01-19T10:00:30,40.09,53.25,548.2,False
2024-01-19T10:01:00,39.48,52.36,478.4,False
2024-01-19T10:01:30,37.06,51.53,547.8,False
2024-01-19T10:02:00,44.32,50.91,632.8,False
2024-01-19T10:02:30,35.82,46.37,593.4,False
2024-01-19T10:03:00,32.14,45.07,581.0,False
2024-01-19T10:03:30,32.76,48.35,551.7,False
2024-01-19T10:04:00,41.46,50.56,575.3,False
2024-01-19T10:04:30,36.85,47.17,579.6,False
2024-01-19T10:05:00,37.6,49.36,592.1,False
2024-01-19T10:05:30,35.54,46.13,653.8,False
2024-01-19T10:06:00,35.85,45.05,609.1,False
2024-01-19T10:06:30,34.89,47.54,512.9,False
2024-01-19T10:07:00,38.71,48.16,597.0,False
2024-01-19T10:07:30,37.04,48.33,624.2,False
2024-01-19T10:08:00,38.68,43.81,610.3,False
2024-01-19T10:08:30,38.44,47.28,542.5,False
2024-01-19T10:09:00,36.18,47.85,622.2,False
2024-01-19T10:09:30,33.13,43.38,579.5,False
2024-01-19T10:10:00,32.91,43.34,557.0,False
2024-01-19T10:10:30,46.66,53.26,641.1,False
2024-01-19T10:11:00,42.06,52.28,677.0,False
2024-01-19T10:11:30,41.69,48.91,560.9,False
2024-01-19T10:12:00,35.69,47.17,523.3,False
2024-01-19T10:12:30,37.78,48.27,572.8,False
2024-01-19T10:13:00,35.35,44.41,594.9,False
2024-01-19T10:13:30,33.9,49.18,516.6,False
2024-01-19T10:14:00,36.11,47.55,567.1,False
2024-01-19T10:14:30,41.89,50.46,621.5,False
2024-01-19T10:15:00,40.48,50.85,637.6,False
2024-01-19T10:15:30,35.09,44.29,569.6,False
2024-01-19T10:16:00,37.1,50.25,585.8,False
2024-01-19T10:16:30,40.33,52.13,594.4,False
2024-01-19T10:17:00,36.41,48.36,634.8,False
2024-01-19T10:17:30,38.4,50.0,633.6,False
2024-01-19T10:18:00,39.41,48.93,640.2,False
2024-01-19T10:18:30,39.42,51.31,584.2,False
2024-01-19T10:19:00,39.05,47.75,591.9,False
2024-01-19T10:19:30,36.37,48.0,610.0,False
2024-01-19T10:20:00,36.72,48.29,570.2,False
2024-01-19T10:20:30,35.01,47.31,543.0,False
2024-01-19T10:21:00,33.77,48.9,581.7,False
2024-01-19T10:21:30,38.15,53.33,552.9,False
2024-01-19T10:22:00,40.98,50.16,619.5,False
2024-01-19T10:22:30,34.43,48.04,611.2,False
2024-01-19T10:23:00,39.43,48.0,621.3,False
2024-01-19T10:23:30,41.01,52.46,586.2,False
2024-01-19T10:24:00,33.19,45.45,584.4,False
2024-01-19T10:24:30,37.93,55.14,579.4,False
2024-01-19T10:25:00,43.72,48.41,683.6,False
2024-01-19T10:25:30,40.47,54.43,644.2,False
2024-01-19T10:26:00,33.25,48.5,552.1,False
2024-01-19T10:26:30,40.87,48.09,597.0,False
2024-01-19T10:27:00,36.7,52.89,559.6,False
2024-01-19T10:27:30,41.05,48.57,732.0,False
2024-01-19T10:28:00,36.95,47.75,504.0,False
2024-01-19T10:28:30,38.9,46.76,540.8,False
2024-01-19T10:29:00,37.49,48.36,644.0,False
2024-01-19T10:29:30,39.15,49.38,648.7,False
2024-01-19T10:30:00,37.48,50.31,614.3,False
2024-01-19T10:30:30,38.55,54.06,528.7,False
2024-01-19T10:31:00,35.74,46.75,607.4,False
2024-01-19T10:31:30,40.78,44.8,587.0,False
2024-01-19T10:32:00,39.87,51.15,615.0,False
2024-01-19T10:32:30,34.53,46.08,592.5,False
2024-01-19T10:33:00,42.4,54.76,659.5,False
2024-01-19T10:33:30,38.94,49.32,585.5,False
2024-01-19T10:34:00,39.99,48.4,671.3,False
2024-01-19T10:34:30,41.84,48.81,667.2,False
2024-01-19T10:35:00,40.57,51.45,586.1,False
2024-01-19T10:35:30,43.12,50.93,625.8,False
2024-01-19T10:36:00,38.78,52.25,579.9,False
2024-01-19T10:36:30,42.81,50.91,639.9,False
2024-01-19T10:37:00,40.11,52.81,646.1,False
2024-01-19T10:37:30,41.31,47.82,556.4,False
2024-01-19T10:38:00,57.11,55.01,977.5,False
2024-01-19T10:38:30,73.19,68.19,1152.2,False
2024-01-19T10:39:00,89.27,73.64,1368.2,False
2024-01-19T10:39:30,89.75,74.29,1327.5,False
2024-01-19T10:40:00,89.2,72.52,1376.7,False
2024-01-19T10:40:30,88.44,71.99,1301.3,False
2024-01-19T10:41:00,87.39,74.91,1265.4,False
2024-01-19T10:41:30,89.7,74.75,1250.5,False
2024-01-19T10:42:00,89.09,72.37,1279.6,False
2024-01-19T10:42:30,88.55,75.8,1283.6,False
2024-01-19T10:43:00,88.3,76.45,1209.4,False
2024-01-19T10:43:30,89.03,74.25,1278.6,False
2024-01-19T10:44:00,89.74,76.83,1283.9,False
2024-01-19T10:44:30,88.94,72.42,1312.4,False
2024-01-19T10:45:00,88.08,75.15,1302.9,False
2024-01-19T10:45:30,89.21,74.88,1326.5,False
2024-01-19T10:46:00,90.31,73.53,1257.6,False
2024-01-19T10:46:30,74.9,71.51,1153.8,False
2024-01-19T10:47:00,59.89,60.37,1116.2,False
2024-01-19T10:47:30,41.39,49.48,920.8,False
2024-01-19T10:48:00,29.73,44.12,571.7,True
2024-01-19T10:48:30,30.22,42.59,536.1,True
2024-01-19T10:49:00,30.5,42.16,551.5,True
2024-01-19T10:49:30,35.65,46.15,606.3,True
2024-01-19T10:50:00,36.53,46.72,570.0,True
2024-01-19T10:50:30,33.11,44.17,538.2,True
2024-01-19T10:51:00,31.95,47.7,528.4,True
2024-01-19T10:51:30,36.42,45.91,588.2,True
2024-01-19T10:52:00,30.39,42.56,566.1,True
2024-01-19T10:52:30,32.89,43.3,546.9,True
2024-01-19T10:53:00,42.38,47.86,685.3,False
2024-01-19T10:53:30,38.45,50.51,677.5,False
2024-01-19T10:54:00,39.16,49.33,578.2,False
2024-01-19T10:54:30,38.97,50.1,659.3,False
2024-01-19T10:55:00,45.4,53.98,662.5,False
2024-01-19T10:55:30,46.93,52.04,690.7,False
2024-01-19T10:56:00,41.57,52.97,627.2,False
2024-01-19T10:56:30,40.46,48.22,672.4,False
2024-01-19T10:57:00,39.5,46.8,629.9,False
2024-01-19T10:57:30,41.34,50.67,616.8,False
2024-01-19T10:58:00,39.73,49.4,601.1,False
2024-01-19T10:58:30,41.12,50.1,580.9,False
2024-01-19T10:59:00,42.69,52.63,618.7,False
2024-01-19T10:59:30,40.28,49.6,671.0,False
2024-01-19T11:00:00,40.96,50.36,671.0,False
2024-01-19T11:00:30,41.01,52.48,602.5,False
2024-01-19T11:01:00,40.65,50.12,581.3,False
2024-01-19T11:01:30,40.32,50.41,660.6,False
2024-01-19T11:02:00,43.97,48.41,668.9,False
2024-01-19T11:02:30,36.41,54.9,512.2,False
2024-01-19T11:03:00,46.48,49.32,787.0,False
2024-01-19T11:03:30,42.2,49.29,638.1,False
2024-01-19T11:04:00,43.66,49.96,717.3,False
2024-01-19T11:04:30,44.04,55.5,659.3,False
2024-01-19T11:05:00,39.78,47.96,576.6,False
2024-01-19T11:05:30,39.2,49.75,621.4,False
2024-01-19T11:06:00,38.88,47.59,552.4,False
2024-01-19T11:06:30,41.27,47.83,625.2,False
2024-01-19T11:07:00,44.15,52.49,609.7,False
2024-01-19T11:07:30,40.34,48.01,614.5,False
2024-01-19T11:08:00,43.95,51.67,661.5,False
2024-01-19T11:08:30,35.06,48.06,592.3,False
2024-01-19T11:09:00,41.04,53.62,570.0,False
2024-01-19T11:09:30,45.74,49.63,640.1,False
2024-01-19T11:10:00,41.76,49.86,555.1,False
2024-01-19T11:10:30,39.82,48.97,643.4,False
2024-01-19T11:11:00,40.38,49.48,631.1,False
2024-01-19T11:11:30,33.3,51.08,519.4,False
2024-01-19T11:12:00,39.39,48.64,671.3,False
2024-01-19T11:12:30,45.63,47.07,683.7,False
2024-01-19T11:13:00,40.75,49.27,621.8,False
2024-01-19T11:13:30,41.14,49.63,610.2,False
2024-01-19T11:14:00,35.57,46.6,559.1,False
2024-01-19T11:14:30,37.71,46.72,570.1,False
2024-01-19T11:15:00,46.21,49.76,716.6,False
2024-01-19T11:15:30,44.53,55.88,667.2,False
2024-01-19T11:16:00,38.82,49.35,568.6,False
2024-01-19T11:16:30,40.86,49.35,678.7,False
2024-01-19T11:17:00,42.7,54.91,638.0,False
2024-01-19T11:17:30,39.23,47.19,577.1,False
2024-01-19T11:18:00,36.84,48.94,673.8,False
2024-01-19T11:18:30,42.42,48.02,595.5,False
2024-01-19T11:19:00,44.65,53.14,624.2,False
2024-01-19T11:19:30,44.74,49.41,657.9,False
2024-01-19T11:20:00,45.63,53.07,677.9,False
2024-01-19T11:20:30,38.38,52.41,576.9,False
2024-01-19T11:21:00,43.25,51.13,557.5,False
2024-01-19T11:21:30,42.3,46.08,639.7,False
2024-01-19T11:22:00,42.88,50.83,601.2,False
2024-01-19T11:22:30,42.54,51.55,626.0,False
2024-01-19T11:23:00,41.23,51.74,597.5,False
2024-01-19T11:23:30,34.2,49.37,530.2,False
2024-01-19T11:24:00,46.77,55.76,663.5,False
2024-01-19T11:24:30,44.31,51.22,629.2,False
2024-01-19T11:25:00,38.9,47.46,577.6,False
2024-01-19T11:25:30,44.81,49.5,697.1,False
2024-01-19T11:26:00,42.08,49.29,596.9,False
2024-01-19T11:26:30,42.2,51.39,627.5,False
2024-01-19T11:27:00,41.19,47.23,628.0,False
2024-01-19T11:27:30,45.14,50.05,593.5,False
2024-01-19T11:28:00,41.17,51.05,584.6,False
2024-01-19T11:28:30,40.31,48.2,620.9,False
2024-01-19T11:29:00,47.03,53.6,673.2,False
2024-01-19T11:29:30,43.13,49.28,613.5,False
2024-01-19T11:30:00,43.26,51.55,645.1,False
2024-01-19T11:30:30,45.82,50.71,677.2,False
2024-01-19T11:31:00,41.77,46.43,657.6,False
2024-01-19T11:31:30,42.4,52.46,665.9,False
2024-01-19T11:32:00,44.76,50.34,706.4,False
2024-01-19T11:32:30,39.25,48.48,618.3,False
2024-01-19T11:33:00,44.57,50.26,601.0,False
2024-01-19T11:33:30,41.68,51.28,621.6,False
2024-01-19T11:34:00,46.55,53.3,621.6,False
2024-01-19T11:34:30,45.65,53.27,699.0,False
2024-01-19T11:35:00,45.29,50.91,717.3,False
2024-01-19T11:35:30,39.26,48.89,613.8,False
2024-01-19T11:36:00,43.81,52.1,696.9,False
2024-01-19T11:36:30,40.62,52.76,668.7,False
2024-01-19T11:37:00,44.07,52.01,664.7,False
2024-01-19T11:37:30,37.27,46.0,619.2,False
2024-01-19T11:38:00,39.63,49.72,655.0,False
2024-01-19T11:38:30,47.85,52.97,627.0,False
2024-01-19T11:39:00,45.42,48.09,673.3,False
2024-01-19T11:39:30,43.29,47.33,668.5,False
2024-01-19T11:40:00,41.66,50.07,575.9,False
2024-01-19T11:40:30,41.17,49.99,705.8,False
2024-01-19T11:41:00,45.05,51.31,704.1,False
2024-01-19T11:41:30,43.45,52.87,691.7,False
2024-01-19T11:42:00,49.16,52.09,709.6,False
2024-01-19T11:42:30,44.0,48.61,614.0,False
2024-01-19T11:43:00,44.76,50.11,607.3,False
2024-01-19T11:43:30,40.45,48.39,619.6,False
2024-01-19T11:44:00,43.57,51.05,676.4,False
2024-01-19T11:44:30,45.21,50.4,683.4,False
2024-01-19T11:45:00,43.6,46.9,717.2,False
2024-01-19T11:45:30,43.29,45.9,633.9,False
2024-01-19T11:46:00,45.76,52.52,651.7,False
2024-01-19T11:46:30,49.36,51.81,695.2,False
2024-01-19T11:47:00,45.28,48.03,616.0,False
2024-01-19T11:47:30,48.31,54.8,746.6,False
2024-01-19T11:48:00,46.78,55.88,664.2,False
2024-01-19T11:48:30,48.2,53.31,695.7,False
2024-01-19T11:49:00,43.15,51.51,677.7,False
2024-01-19T11:49:30,44.39,52.15,625.0,False
2024-01-19T11:50:00,44.43,46.99,666.6,False
2024-01-19T11:50:30,46.71,54.54,673.4,False
2024-01-19T11:51:00,47.48,55.63,718.9,False
2024-01-19T11:51:30,45.51,55.84,664.4,False
2024-01-19T11:52:00,47.8,52.43,568.1,False
2024-01-19T11:52:30,43.51,48.9,610.7,False
2024-01-19T11:53:00,47.89,56.07,623.1,False
2024-01-19T11:53:30,48.31,54.57,763.6,False
2024-01-19T11:54:00,47.33,54.83,735.2,False
2024-01-19T11:54:30,45.73,50.99,579.8,False
2024-01-19T11:55:00,47.5,53.71,639.6,False
2024-01-19T11:55:30,42.71,48.67,586.3,False
2024-01-19T11:56:00,46.02,52.42,676.8,False
2024-01-19T11:56:30,46.35,51.91,632.6,False
2024-01-19T11:57:00,41.5,54.86,621.4,False
2024-01-19T11:57:30,46.94,53.99,620.4,False
2024-01-19T11:58:00,41.8,46.02,651.6,False
2024-01-19T11:58:30,44.29,51.57,587.2,False
2024-01-19T11:59:00,45.73,53.03,766.0,False
2024-01-19T11:59:30,43.45,50.21,707.8,False
2024-01-19T12:00:00,45.92,50.19,766.6,False
2024-01-19T12:00:30,45.9,53.71,691.5,False
2024-01-19T12:01:00,43.27,49.15,708.5,False
2024-01-19T12:01:30,47.47,54.32,715.4,False
2024-01-19T12:02:00,43.5,49.1,607.8,False
2024-01-19T12:02:30,52.69,54.72,706.6,False
2024-01-19T12:03:00,45.53,54.12,681.2,False
2024-01-19T12:03:30,42.37,51.61,685.1,False
2024-01-19T12:04:00,42.96,50.99,643.4,False
2024-01-19T12:04:30,49.39,54.08,717.3,False
2024-01-19T12:05:00,44.75,52.0,644.7,False
2024-01-19T12:05:30,41.92,48.82,618.8,False
2024-01-19T12:06:00,48.6,50.72,629.9,False
2024-01-19T12:06:30,44.82,53.0,676.3,False
2024-01-19T12:07:00,48.06,56.54,664.8,False
2024-01-19T12:07:30,48.93,55.13,640.1,False
2024-01-19T12:08:00,46.98,53.46,652.1,False
2024-01-19T12:08:30,53.37,53.73,738.4,False
2024-01-19T12:09:00,41.04,51.74,655.1,False
2024-01-19T12:09:30,43.79,52.32,643.0,False
2024-01-19T12:10:00,45.51,53.74,706.8,False
2024-01-19T12:10:30,53.09,58.08,784.3,False
2024-01-19T12:11:00,51.73,58.5,702.3,False
2024-01-19T12:11:30,50.23,52.35,740.8,False
2024-01-19T12:12:00,44.01,48.9,625.4,False
2024-01-19T12:12:30,44.39,51.96,603.1,False
2024-01-19T12:13:00,43.96,49.61,613.9,False
2024-01-19T12:13:30,44.13,49.35,618.4,False
2024-01-19T12:14:00,50.99,57.41,690.4,False
2024-01-19T12:14:30,45.81,50.36,745.7,False
2024-01-19T12:15:00,46.23,52.57,648.9,False
2024-01-19T12:15:30,48.92,50.68,676.3,False
2024-01-19T12:16:00,41.63,50.42,639.2,False
2024-01-19T12:16:30,46.81,55.25,621.6,False
2024-01-19T12:17:00,43.39,53.61,653.0,False
2024-01-19T12:17:30,45.83,54.49,692.9,False
2024-01-19T12:18:00,44.98,51.82,719.1,False
2024-01-19T12:18:30,44.85,54.14,711.4,False
2024-01-19T12:19:00,47.47,54.09,694.3,False
2024-01-19T12:19:30,47.49,52.36,670.9,False
2024-01-19T12:20:00,46.19,53.35,662.9,False
2024-01-19T12:20:30,47.99,55.26,700.2,False
2024-01-19T12:21:00,44.3,48.99,652.5,False
2024-01-19T12:21:30,48.98,51.87,688.2,False
2024-01-19T12:22:00,46.34,52.38,633.4,False
2024-01-19T12:22:30,45.54,49.83,691.1,False
2024-01-19T12:23:00,44.63,49.35,669.0,False
2024-01-19T12:23:30,46.32,51.82,640.3,False
2024-01-19T12:24:00,52.68,57.83,781.0,False
2024-01-19T12:24:30,46.91,54.91,683.6,False
2024-01-19T12:25:00,43.69,52.0,592.6,False
2024-01-19T12:25:30,49.91,54.83,737.1,False
2024-01-19T12:26:00,45.77,56.57,639.2,False
2024-01-19T12:26:30,48.06,52.46,668.1,False
2024-01-19T12:27:00,45.42,52.71,655.9,False
2024-01-19T12:27:30,51.1,53.89,743.4,False
2024-01-19T12:28:00,45.52,49.7,661.8,False
2024-01-19T12:28:30,51.51,57.64,736.8,False
2024-01-19T12:29:00,44.19,51.01,590.6,False
2024-01-19T12:29:30,46.49,54.16,627.8,False
2024-01-19T12:30:00,51.6,54.83,714.0,False
2024-01-19T12:30:30,47.93,55.98,654.4,False
2024-01-19T12:31:00,54.26,54.66,725.9,False
2024-01-19T12:31:30,46.67,55.19,703.2,False
2024-01-19T12:32:00,48.27,55.45,654.1,False
2024-01-19T12:32:30,53.24,52.56,696.5,False
2024-01-19T12:33:00,43.01,50.01,648.5,False
2024-01-19T12:33:30,42.67,52.91,556.3,False
2024-01-19T12:34:00,45.22,55.42,702.1,False
2024-01-19T12:34:30,50.07,56.0,705.8,False
2024-01-19T12:35:00,42.83,50.16,646.3,False
2024-01-19T12:35:30,49.47,52.34,674.2,False
2024-01-19T12:36:00,49.29,55.32,721.9,False
2024-01-19T12:36:30,53.78,55.58,723.8,False
2024-01-19T12:37:00,50.9,54.23,756.2,False
2024-01-19T12:37:30,48.88,53.54,622.6,False
2024-01-19T12:38:00,51.89,57.26,717.6,False
2024-01-19T12:38:30,49.45,57.89,697.3,False
2024-01-19T12:39:00,46.48,54.85,684.3,False
2024-01-19T12:39:30,44.45,51.8,711.8,False
2024-01-19T12:40:00,46.2,50.86,615.1,False
2024-01-19T12:40:30,47.82,54.8,626.8,False
2024-01-19T12:41:00,48.49,57.13,673.8,False
2024-01-19T12:41:30,41.58,52.36,556.9,False
2024-01-19T12:42:00,47.35,53.65,771.1,False
2024-01-19T12:42:30,48.12,52.64,722.3,False
2024-01-19T12:43:00,49.7,55.11,718.3,False
2024-01-19T12:43:30,52.97,58.36,755.0,False
2024-01-19T12:44:00,48.67,54.36,740.2,False
2024-01-19T12:44:30,45.41,52.06,638.7,False
2024-01-19T12:45:00,42.7,49.55,627.2,False
2024-01-19T12:45:30,50.24,59.87,715.6,False
2024-01-19T12:46:00,45.6,50.59,644.6,False
2024-01-19T12:46:30,50.83,53.02,669.5,False
2024-01-19T12:47:00,52.45,56.13,698.4,False
2024-01-19T12:47:30,43.65,51.0,664.4,False
2024-01-19T12:48:00,49.96,56.61,736.2,False
2024-01-19T12:48:30,52.2,57.8,666.8,False
2024-01-19T12:49:00,51.41,52.86,703.7,False
2024-01-19T12:49:30,42.08,49.11,634.5,False
2024-01-19T12:50:00,45.84,50.75,611.1,False
2024-01-19T12:50:30,44.58,53.44,674.6,False
2024-01-19T12:51:00,50.01,55.45,695.8,False
2024-01-19T12:51:30,49.71,53.7,660.1,False
2024-01-19T12:52:00,40.4,50.22,603.9,False
2024-01-19T12:52:30,47.61,51.14,702.3,False
2024-01-19T12:53:00,50.94,53.58,746.6,False
2024-01-19T12:53:30,49.0,51.5,705.6,False
2024-01-19T12:54:00,49.02,54.4,768.4,False
2024-01-19T12:54:30,47.51,53.64,724.7,False
2024-01-19T12:55:00,45.45,50.36,685.7,False
2024-01-19T12:55:30,48.6,54.74,660.7,False
2024-01-19T12:56:00,48.83,56.13,735.9,False
2024-01-19T12:56:30,50.54,52.81,673.6,False
2024-01-19T12:57:00,50.81,54.36,736.3,False
2024-01-19T12:57:30,49.0,55.13,594.2,False
2024-01-19T12:58:00,52.05,55.62,696.6,False
2024-01-19T12:58:30,47.66,50.69,625.4,False
2024-01-19T12:59:00,44.47,50.97,644.3,False
2024-01-19T12:59:30,50.26,53.79,640.5,False
2024-01-19T13:00:00,49.23,53.89,695.0,False
2024-01-19T13:00:30,50.36,54.54,721.6,False
2024-01-19T13:01:00,45.1,55.3,634.8,False
2024-01-19T13:01:30,54.29,56.34,721.5,False
2024-01-19T13:02:00,51.07,51.72,717.3,False
2024-01-19T13:02:30,48.09,53.85,682.9,False
2024-01-19T13:03:00,46.17,56.2,723.3,False
2024-01-19T13:03:30,52.23,55.41,690.4,False
2024-01-19T13:04:00,45.72,51.61,687.2,False
2024-01-19T13:04:30,55.83,56.93,757.0,False
2024-01-19T13:05:00,47.22,54.41,614.2,False
2024-01-19T13:05:30,54.25,56.13,737.5,False
2024-01-19T13:06:00,48.55,50.88,684.9,False
2024-01-19T13:06:30,53.87,55.22,711.3,False
2024-01-19T13:07:00,46.94,52.98,746.5,False
2024-01-19T13:07:30,49.22,55.32,745.2,False
2024-01-19T13:08:00,51.6,54.27,682.3,False
2024-01-19T13:08:30,51.19,54.64,735.0,False
2024-01-19T13:09:00,52.53,56.0,750.0,False
2024-01-19T13:09:30,47.79,51.98,688.1,False
2024-01-19T13:10:00,49.52,54.22,652.3,False
2024-01-19T13:10:30,53.03,57.1,686.2,False
2024-01-19T13:11:00,47.19,50.87,698.7,False
2024-01-19T13:11:30,51.05,55.78,728.6,False
2024-01-19T13:12:00,48.69,51.82,678.1,False
2024-01-19T13:12:30,49.99,52.5,752.5,False
2024-01-19T13:13:00,49.64,53.15,756.9,False
2024-01-19T13:13:30,47.04,55.91,735.6,False
2024-01-19T13:14:00,48.65,50.55,748.6,False
2024-01-19T13:14:30,49.88,53.67,698.4,False
2024-01-19T13:15:00,49.16,54.19,639.9,False
2024-01-19T13:15:30,54.2,59.1,720.7,False
2024-01-19T13:16:00,52.53,59.83,715.7,False
2024-01-19T13:16:30,50.39,54.02,678.0,False
2024-01-19T13:17:00,47.25,54.37,662.8,False
2024-01-19T13:17:30,47.09,53.02,630.5,False
2024-01-19T13:18:00,55.5,57.22,772.6,False
2024-01-19T13:18:30,46.57,53.5,737.7,False
2024-01-19T13:19:00,49.96,51.48,795.0,False
2024-01-19T13:19:30,50.72,54.94,715.7,False
2024-01-19T13:20:00,48.72,54.94,682.9,False
2024-01-19T13:20:30,46.67,51.29,671.9,False
2024-01-19T13:21:00,47.34,54.26,733.1,False
2024-01-19T13:21:30,48.07,50.26,738.3,False
2024-01-19T13:22:00,47.6,53.67,671.2,False
2024-01-19T13:22:30,53.73,59.23,778.0,False
2024-01-19T13:23:00,49.74,54.11,704.4,False
2024-01-19T13:23:30,48.21,51.83,656.3,False
2024-01-19T13:24:00,50.12,51.9,694.8,False
2024-01-19T13:24:30,51.82,56.38,782.7,False
2024-01-19T13:25:00,48.8,55.95,719.3,False
2024-01-19T13:25:30,52.56,55.86,700.2,False
2024-01-19T13:26:00,46.06,51.79,705.9,False
2024-01-19T13:26:30,53.4,52.53,755.8,False
2024-01-19T13:27:00,49.88,54.88,686.6,False
2024-01-19T13:27:30,49.78,53.21,668.4,False
2024-01-19T13:28:00,47.86,52.36,638.4,False
2024-01-19T13:28:30,46.27,56.07,604.4,False
2024-01-19T13:29:00,44.97,48.58,633.6,False
2024-01-19T13:29:30,47.7,50.22,674.5,False
2024-01-19T13:30:00,51.77,56.05,764.6,False
2024-01-19T13:30:30,47.14,52.5,710.1,False
2024-01-19T13:31:00,45.39,51.37,671.0,False
2024-01-19T13:31:30,47.33,53.92,603.7,False
2024-01-19T13:32:00,48.92,54.68,703.2,False
2024-01-19T13:32:30,49.05,52.29,626.6,False
2024-01-19T13:33:00,49.72,53.39,732.7,False
2024-01-19T13:33:30,53.22,56.42,761.8,False
2024-01-19T13:34:00,53.89,56.99,733.1,False
2024-01-19T13:34:30,56.17,58.77,782.0,False
2024-01-19T13:35:00,45.29,51.2,702.9,False
2024-01-19T13:35:30,47.62,54.22,685.3,False
2024-01-19T13:36:00,52.3,57.77,712.6,False
2024-01-19T13:36:30,48.85,54.24,637.7,False
2024-01-19T13:37:00,52.81,55.93,708.3,False
2024-01-19T13:37:30,50.87,54.69,667.1,False
2024-01-19T13:38:00,55.0,55.99,699.7,False
2024-01-19T13:38:30,53.41,54.56,697.9,False
2024-01-19T13:39:00,53.48,55.87,649.3,False
2024-01-19T13:39:30,49.07,55.17,731.8,False
2024-01-19T13:40:00,50.03,52.97,709.0,False
2024-01-19T13:40:30,49.42,54.3,741.8,False
2024-01-19T13:41:00,45.83,52.27,698.8,False
2024-01-19T13:41:30,54.78,60.69,758.2,False
2024-01-19T13:42:00,52.62,57.49,752.7,False
2024-01-19T13:42:30,49.36,55.84,700.9,False
2024-01-19T13:43:00,54.32,58.75,786.8,False
2024-01-19T13:43:30,48.53,52.92,667.9,False
2024-01-19T13:44:00,44.92,54.96,658.6,False
2024-01-19T13:44:30,53.48,56.8,716.6,False
2024-01-19T13:45:00,46.63,52.98,753.7,False
2024-01-19T13:45:30,49.89,52.27,673.9,False
2024-01-19T13:46:00,51.11,54.51,760.4,False
2024-01-19T13:46:30,51.67,52.05,658.8,False
2024-01-19T13:47:00,53.07,55.79,728.6,False
2024-01-19T13:47:30,52.28,54.74,711.0,False
2024-01-19T13:48:00,52.2,55.06,676.8,False
2024-01-19T13:48:30,48.19,51.08,659.0,False
2024-01-19T13:49:00,51.46,56.9,731.8,False
2024-01-19T13:49:30,46.07,53.98,655.1,False
2024-01-19T13:50:00,55.29,60.79,703.7,False
2024-01-19T13:50:30,46.41,56.29,707.2,False
2024-01-19T13:51:00,49.59,54.87,695.9,False
2024-01-19T13:51:30,46.69,55.16,686.7,False
2024-01-19T13:52:00,48.46,54.52,731.4,False
2024-01-19T13:52:30,50.71,54.27,767.5,False
2024-01-19T13:53:00,49.09,53.76,601.3,False
2024-01-19T13:53:30,54.13,58.12,728.7,False
2024-01-19T13:54:00,51.39,63.64,644.0,False
2024-01-19T13:54:30,49.33,56.78,803.7,False
2024-01-19T13:55:00,50.33,55.44,708.7,False
2024-01-19T13:55:30,54.4,57.95,774.1,False
2024-01-19T13:56:00,53.48,57.47,702.8,False
2024-01-19T13:56:30,59.37,59.29,1060.8,False
2024-01-19T13:57:00,71.4,67.0,1215.2,False
2024-01-19T13:57:30,83.42,71.19,1288.0,False
2024-01-19T13:58:00,83.46,69.5,1334.8,False
2024-01-19T13:58:30,83.49,72.5,1234.6,False
2024-01-19T13:59:00,83.1,72.57,1256.1,False
2024-01-19T13:59:30,82.54,70.77,1280.8,False
2024-01-19T14:00:00,82.5,71.66,1286.6,False
2024-01-19T14:00:30,81.76,72.6,1270.9,False
2024-01-19T14:01:00,84.61,72.0,1223.9,False
2024-01-19T14:01:30,83.89,70.85,1233.4,False
2024-01-19T14:02:00,83.51,70.13,1281.7,False
2024-01-19T14:02:30,83.72,71.15,1208.0,False
2024-01-19T14:03:00,83.76,74.75,1234.7,False
2024-01-19T14:03:30,82.69,70.75,1263.0,False
2024-01-19T14:04:00,83.1,72.07,1233.8,False
2024-01-19T14:04:30,82.95,70.63,1272.8,False
2024-01-19T14:05:00,72.89,65.43,1179.5,False
2024-01-19T14:05:30,62.0,59.05,1064.4,False
2024-01-19T14:06:00,51.79,55.91,983.7,False
2024-01-19T14:06:30,39.3,47.71,665.5,True
2024-01-19T14:07:00,41.24,52.26,645.3,True
2024-01-19T14:07:30,46.9,52.33,685.1,True
2024-01-19T14:08:00,43.63,50.82,651.3,True
2024-01-19T14:08:30,40.13,48.8,584.7,True
2024-01-19T14:09:00,39.57,49.63,594.0,True
2024-01-19T14:09:30,33.97,49.07,475.7,True
2024-01-19T14:10:00,43.41,48.73,621.8,True
2024-01-19T14:10:30,42.74,51.03,617.1,True
2024-01-19T14:11:00,39.55,45.74,638.4,True
2024-01-19T14:11:30,46.79,54.95,650.2,False
2024-01-19T14:12:00,47.63,52.7,712.4,False
2024-01-19T14:12:30,52.43,52.34,709.1,False
2024-01-19T14:13:00,50.84,51.98,712.7,False
2024-01-19T14:13:30,53.19,57.34,724.3,False
2024-01-19T14:14:00,51.39,51.48,739.1,False
2024-01-19T14:14:30,54.04,56.69,780.5,False
2024-01-19T14:15:00,52.25,54.39,678.5,False
2024-01-19T14:15:30,53.64,55.55,799.5,False
2024-01-19T14:16:00,44.89,50.22,624.9,False
2024-01-19T14:16:30,47.47,50.95,672.4,False
2024-01-19T14:17:00,50.08,53.19,679.5,False
2024-01-19T14:17:30,54.42,57.48,795.7,False
2024-01-19T14:18:00,56.84,56.96,712.3,False
2024-01-19T14:18:30,50.71,55.32,734.4,False
2024-01-19T14:19:00,49.38,53.33,606.7,False
2024-01-19T14:19:30,45.35,53.03,695.4,False
2024-01-19T14:20:00,53.82,56.87,722.9,False
2024-01-19T14:20:30,49.58,52.84,681.7,False
2024-01-19T14:21:00,60.12,57.29,753.3,False
2024-01-19T14:21:30,49.03,55.56,689.6,False
2024-01-19T14:22:00,57.57,56.3,746.4,False
2024-01-19T14:22:30,53.51,56.89,668.4,False
2024-01-19T14:23:00,48.18,53.3,654.1,False
2024-01-19T14:23:30,51.97,54.2,747.7,False
2024-01-19T14:24:00,53.6,56.8,712.7,False
2024-01-19T14:24:30,50.61,57.19,673.3,False
2024-01-19T14:25:00,53.81,57.3,732.3,False
2024-01-19T14:25:30,53.75,56.28,749.5,False
2024-01-19T14:26:00,53.1,58.94,750.8,False
2024-01-19T14:26:30,51.27,51.44,723.6,False
2024-01-19T14:27:00,47.8,50.83,730.7,False
2024-01-19T14:27:30,51.1,53.77,710.7,False
2024-01-19T14:28:00,51.86,57.93,705.5,False
2024-01-19T14:28:30,45.71,53.9,700.6,False
2024-01-19T14:29:00,51.85,51.65,686.5,False
2024-01-19T14:29:30,51.06,53.82,692.3,False
2024-01-19T14:30:00,47.47,50.25,616.0,False
2024-01-19T14:30:30,50.36,54.26,775.5,False
2024-01-19T14:31:00,50.43,56.19,786.9,False
2024-01-19T14:31:30,57.16,59.7,750.3,False
2024-01-19T14:32:00,52.04,55.72,746.9,False
2024-01-19T14:32:30,54.49,55.57,763.9,False
2024-01-19T14:33:00,51.04,54.5,715.9,False
2024-01-19T14:33:30,45.77,53.43,714.8,False
2024-01-19T14:34:00,53.42,60.58,676.7,False
2024-01-19T14:34:30,49.43,51.52,688.1,False
2024-01-19T14:35:00,50.4,57.56,619.8,False
2024-01-19T14:35:30,48.26,53.79,645.6,False
2024-01-19T14:36:00,51.64,56.64,648.1,False
2024-01-19T14:36:30,54.62,56.86,663.4,False
2024-01-19T14:37:00,54.23,59.1,714.0,False
2024-01-19T14:37:30,56.19,57.94,764.1,False
2024-01-19T14:38:00,56.62,56.2,726.4,False
2024-01-19T14:38:30,45.3,52.74,640.6,False
2024-01-19T14:39:00,47.86,55.37,653.5,False
2024-01-19T14:39:30,46.02,52.2,673.8,False
2024-01-19T14:40:00,53.35,51.72,702.6,False
2024-01-19T14:40:30,49.38,53.65,654.8,False
2024-01-19T14:41:00,49.99,54.39,737.2,False
2024-01-19T14:41:30,50.81,54.51,671.6,False
2024-01-19T14:42:00,52.61,54.51,670.0,False
2024-01-19T14:42:30,47.01,55.35,705.7,False
2024-01-19T14:43:00,47.7,48.3,614.2,False
2024-01-19T14:43:30,51.48,55.13,761.0,False
2024-01-19T14:44:00,55.08,56.96,699.6,False
2024-01-19T14:44:30,51.41,59.1,714.5,False
2024-01-19T14:45:00,49.11,53.73,653.1,False
2024-01-19T14:45:30,45.04,52.62,660.9,False
2024-01-19T14:46:00,54.35,56.63,714.0,False
2024-01-19T14:46:30,49.29,54.04,655.0,False
2024-01-19T14:47:00,48.05,56.77,620.3,False
2024-01-19T14:47:30,46.35,50.17,649.2,False
2024-01-19T14:48:00,47.18,51.47,696.5,False
2024-01-19T14:48:30,48.62,55.04,715.9,False
2024-01-19T14:49:00,50.79,55.13,677.6,False
2024-01-19T14:49:30,47.88,52.59,654.4,False
2024-01-19T14:50:00,52.07,55.11,709.6,False
2024-01-19T14:50:30,50.77,56.44,706.2,False
2024-01-19T14:51:00,58.18,59.28,765.3,False
2024-01-19T14:51:30,46.4,51.0,653.9,False
2024-01-19T14:52:00,52.0,55.7,701.4,False
2024-01-19T14:52:30,52.04,55.15,704.8,False
2024-01-19T14:53:00,48.43,54.39,590.8,False
2024-01-19T14:53:30,51.81,54.49,698.2,False
2024-01-19T14:54:00,53.83,53.73,761.9,False
2024-01-19T14:54:30,51.81,56.49,770.2,False
2024-01-19T14:55:00,55.68,58.17,792.5,False
2024-01-19T14:55:30,44.99,54.57,663.5,False
2024-01-19T14:56:00,49.0,51.11,644.4,False
2024-01-19T14:56:30,55.95,57.08,725.7,False
2024-01-19T14:57:00,54.26,55.91,703.6,False
2024-01-19T14:57:30,53.15,55.03,668.8,False
2024-01-19T14:58:00,55.23,53.78,704.1,False
2024-01-19T14:58:30,45.78,50.0,637.1,False
2024-01-19T14:59:00,53.92,56.75,675.5,False
2024-01-19T14:59:30,54.72,55.61,775.1,False
2024-01-19T15:00:00,49.55,52.38,720.8,False
2024-01-19T15:00:30,59.42,61.82,773.4,False
2024-01-19T15:01:00,52.12,60.06,732.2,False
2024-01-19T15:01:30,44.95,51.62,671.8,False
2024-01-19T15:02:00,52.67,52.59,692.0,False
2024-01-19T15:02:30,49.37,54.74,766.9,False
2024-01-19T15:03:00,55.02,52.6,709.4,False
2024-01-19T15:03:30,53.17,53.15,658.6,False
2024-01-19T15:04:00,49.73,54.96,704.3,False
2024-01-19T15:04:30,56.03,54.51,770.8,False
2024-01-19T15:05:00,54.34,55.85,722.7,False
2024-01-19T15:05:30,49.04,50.82,742.1,False
2024-01-19T15:06:00,51.07,54.92,715.8,False
2024-01-19T15:06:30,53.07,58.05,691.7,False
2024-01-19T15:07:00,50.43,53.26,679.7,False
2024-01-19T15:07:30,50.52,54.49,710.1,False
2024-01-19T15:08:00,51.63,53.46,716.2,False
2024-01-19T15:08:30,48.32,51.94,735.1,False
2024-01-19T15:09:00,44.82,50.02,691.9,False
2024-01-19T15:09:30,52.23,56.97,655.1,False
2024-01-19T15:10:00,45.54,49.23,657.6,False
2024-01-19T15:10:30,48.53,52.88,638.5,False
2024-01-19T15:11:00,46.19,53.2,727.9,False
2024-01-19T15:11:30,46.56,54.39,633.5,False
2024-01-19T15:12:00,52.78,56.56,730.3,False
2024-01-19T15:12:30,50.83,54.56,678.7,False
2024-01-19T15:13:00,50.72,53.51,626.6,False
2024-01-19T15:13:30,47.55,54.92,630.2,False
2024-01-19T15:14:00,49.52,52.32,686.2,False
2024-01-19T15:14:30,52.62,53.9,743.7,False
2024-01-19T15:15:00,51.33,57.67,731.9,False
2024-01-19T15:15:30,53.95,56.99,678.4,False
2024-01-19T15:16:00,54.38,57.28,747.5,False
2024-01-19T15:16:30,50.72,55.86,743.8,False
2024-01-19T15:17:00,45.92,52.07,687.8,False
2024-01-19T15:17:30,49.2,51.03,679.1,False
2024-01-19T15:18:00,51.17,55.4,711.3,False
2024-01-19T15:18:30,49.13,53.84,699.2,False
2024-01-19T15:19:00,48.3,51.74,742.3,False
2024-01-19T15:19:30,51.67,52.97,781.4,False
2024-01-19T15:20:00,58.74,58.59,795.7,False
2024-01-19T15:20:30,49.98,51.59,702.0,False
2024-01-19T15:21:00,51.44,54.75,710.3,False
2024-01-19T15:21:30,47.5,52.54,682.9,False
2024-01-19T15:22:00,55.17,56.66,749.6,False
2024-01-19T15:22:30,54.06,57.15,711.8,False
2024-01-19T15:23:00,53.85,57.49,809.5,False
2024-01-19T15:23:30,55.5,55.65,712.3,False
2024-01-19T15:24:00,50.14,56.13,752.9,False
2024-01-19T15:24:30,50.51,54.14,616.1,False
2024-01-19T15:25:00,56.54,61.1,741.3,False
2024-01-19T15:25:30,53.3,54.81,712.9,False
2024-01-19T15:26:00,44.74,48.48,667.1,False
2024-01-19T15:26:30,52.76,57.38,707.5,False
2024-01-19T15:27:00,49.65,55.01,752.6,False
2024-01-19T15:27:30,54.08,58.78,722.9,False
2024-01-19T15:28:00,52.6,56.26,679.7,False
2024-01-19T15:28:30,46.15,57.09,630.6,False
2024-01-19T15:29:00,52.18,55.05,698.5,False
2024-01-19T15:29:30,52.0,57.43,744.9,False
2024-01-19T15:30:00,52.45,54.52,755.8,False
2024-01-19T15:30:30,53.08,56.87,676.5,False
2024-01-19T15:31:00,55.83,58.62,714.7,False
2024-01-19T15:31:30,52.58,57.3,678.0,False
2024-01-19T15:32:00,51.4,56.6,699.8,False
2024-01-19T15:32:30,54.77,50.26,776.7,False
2024-01-19T15:33:00,58.05,58.24,771.3,False
2024-01-19T15:33:30,54.06,55.23,754.5,False
2024-01-19T15:34:00,51.93,54.56,745.3,False
2024-01-19T15:34:30,52.6,55.09,697.3,False
2024-01-19T15:35:00,52.06,57.34,665.3,False
2024-01-19T15:35:30,51.35,55.44,687.3,False
2024-01-19T15:36:00,57.78,57.23,795.1,False
2024-01-19T15:36:30,49.03,50.94,716.3,False
2024-01-19T15:37:00,54.73,59.8,741.0,False
2024-01-19T15:37:30,50.88,53.51,745.0,False
2024-01-19T15:38:00,46.81,52.51,680.3,False
2024-01-19T15:38:30,50.68,58.99,692.2,False
2024-01-19T15:39:00,49.6,52.93,634.0,False
2024-01-19T15:39:30,52.97,55.3,774.6,False
2024-01-19T15:40:00,51.5,55.59,708.1,False
2024-01-19T15:40:30,48.15,50.24,667.2,False
2024-01-19T15:41:00,55.62,53.74,740.9,False
2024-01-19T15:41:30,54.47,55.65,795.7,False
2024-01-19T15:42:00,55.95,56.46,787.3,False
2024-01-19T15:42:30,51.9,55.6,700.8,False
2024-01-19T15:43:00,51.07,52.96,727.4,False
2024-01-19T15:43:30,53.28,56.89,775.3,False
2024-01-19T15:44:00,49.43,49.79,709.3,False
2024-01-19T15:44:30,51.54,55.02,717.2,False
2024-01-19T15:45:00,50.62,55.42,621.3,False
2024-01-19T15:45:30,46.75,53.42,723.9,False
2024-01-19T15:46:00,51.51,54.82,670.9,False
2024-01-19T15:46:30,49.8,52.97,623.5,False
2024-01-19T15:47:00,50.38,54.2,630.9,False
2024-01-19T15:47:30,52.19,57.96,683.3,False
2024-01-19T15:48:00,54.91,55.65,758.7,False
2024-01-19T15:48:30,48.54,55.62,734.7,False
2024-01-19T15:49:00,50.06,56.71,714.2,False
2024-01-19T15:49:30,48.77,50.31,759.6,False
2024-01-19T15:50:00,48.56,53.43,672.4,False
2024-01-19T15:50:30,49.26,52.08,684.8,False
2024-01-19T15:51:00,50.45,51.62,628.9,False
2024-01-19T15:51:30,52.78,57.38,699.2,False
2024-01-19T15:52:00,51.98,56.34,634.1,False
2024-01-19T15:52:30,47.84,53.85,629.0,False
2024-01-19T15:53:00,54.88,54.68,764.2,False
2024-01-19T15:53:30,53.82,56.74,663.1,False
2024-01-19T15:54:00,48.27,50.93,622.7,False
2024-01-19T15:54:30,54.64,56.89,666.8,False
2024-01-19T15:55:00,51.94,54.06,746.5,False
2024-01-19T15:55:30,50.48,56.76,769.4,False
2024-01-19T15:56:00,52.01,54.7,713.1,False
2024-01-19T15:56:30,50.85,55.31,744.5,False
2024-01-19T15:57:00,52.55,56.16,673.8,False
2024-01-19T15:57:30,51.46,55.01,760.9,False
2024-01-19T15:58:00,49.88,54.58,670.4,False
2024-01-19T15:58:30,44.8,52.44,685.1,False
2024-01-19T15:59:00,52.45,53.86,718.5,False
2024-01-19T15:59:30,49.74,55.11,621.2,False
2024-01-19T16:00:00,53.18,57.75,690.0,False
2024-01-19T16:00:30,52.28,56.37,725.1,False
2024-01-19T16:01:00,49.78,53.62,624.3,False
2024-01-19T16:01:30,53.88,56.73,742.9,False
2024-01-19T16:02:00,51.42,54.42,654.7,False
2024-01-19T16:02:30,51.28,54.84,731.9,False
2024-01-19T16:03:00,50.36,52.25,648.5,False
2024-01-19T16:03:30,55.82,60.11,764.3,False
2024-01-19T16:04:00,48.61,57.62,721.6,False
2024-01-19T16:04:30,49.77,52.92,691.5,False
2024-01-19T16:05:00,47.02,54.53,672.9,False
2024-01-19T16:05:30,52.9,58.81,782.6,False
2024-01-19T16:06:00,48.96,52.01,660.3,False
2024-01-19T16:06:30,49.28,49.78,672.9,False
2024-01-19T16:07:00,49.13,57.05,718.7,False
2024-01-19T16:07:30,50.86,54.86,723.7,False
2024-01-19T16:08:00,46.9,51.87,665.5,False
2024-01-19T16:08:30,43.91,51.51,602.7,False
2024-01-19T16:09:00,52.0,54.72,755.0,False
2024-01-19T16:09:30,44.28,57.52,604.7,False
2024-01-19T16:10:00,53.17,54.98,816.5,False
2024-01-19T16:10:30,55.27,57.75,694.3,False
2024-01-19T16:11:00,50.08,57.09,656.5,False
2024-01-19T16:11:30,54.46,59.27,749.4,False
2024-01-19T16:12:00,50.48,56.9,725.8,False
2024-01-19T16:12:30,55.33,56.29,703.7,False
2024-01-19T16:13:00,49.15,53.74,760.9,False
2024-01-19T16:13:30,43.41,46.83,660.5,False
2024-01-19T16:14:00,50.26,54.45,692.1,False
2024-01-19T16:14:30,55.61,57.34,760.3,False
2024-01-19T16:15:00,52.07,57.0,765.0,False
2024-01-19T16:15:30,48.91,57.52,755.6,False
2024-01-19T16:16:00,51.43,56.62,719.1,False
2024-01-19T16:16:30,53.34,58.29,675.7,False
2024-01-19T16:17:00,50.15,54.52,650.9,False
2024-01-19T16:17:30,58.28,61.19,709.6,False
2024-01-19T16:18:00,48.83,53.92,664.9,False
2024-01-19T16:18:30,53.37,58.46,728.5,False
2024-01-19T16:19:00,52.64,57.42,729.7,False
2024-01-19T16:19:30,48.24,54.4,731.0,False
2024-01-19T16:20:00,49.05,50.94,609.5,False
2024-01-19T16:20:30,53.36,58.36,726.5,False
2024-01-19T16:21:00,50.73,55.61,724.2,False
2024-01-19T16:21:30,51.29,56.55,598.0,False
2024-01-19T16:22:00,45.35,52.8,681.0,False
2024-01-19T16:22:30,52.22,56.58,826.9,False
2024-01-19T16:23:00,51.09,57.65,739.7,False
2024-01-19T16:23:30,50.02,53.57,712.5,False
2024-01-19T16:24:00,51.28,56.08,699.3,False
2024-01-19T16:24:30,48.96,52.43,701.0,False
2024-01-19T16:25:00,48.39,54.86,748.6,False
2024-01-19T16:25:30,49.43,54.72,681.6,False
2024-01-19T16:26:00,48.74,52.62,737.7,False
2024-01-19T16:26:30,56.66,58.03,771.9,False
2024-01-19T16:27:00,52.84,54.8,787.8,False
2024-01-19T16:27:30,47.18,52.35,721.0,False
2024-01-19T16:28:00,56.18,58.32,757.0,False
2024-01-19T16:28:30,48.76,54.43,695.1,False
2024-01-19T16:29:00,50.13,50.74,688.5,False
2024-01-19T16:29:30,52.72,56.62,760.8,False
2024-01-19T16:30:00,44.1,50.96,629.2,False
2024-01-19T16:30:30,49.28,53.33,698.8,False
2024-01-19T16:31:00,48.25,51.4,678.3,False
2024-01-19T16:31:30,50.57,54.72,650.9,False
2024-01-19T16:32:00,51.05,54.01,717.2,False
2024-01-19T16:32:30,49.69,56.92,636.5,False
2024-01-19T16:33:00,49.53,50.8,678.3,False
2024-01-19T16:33:30,53.08,54.15,751.3,False
2024-01-19T16:34:00,50.77,52.86,713.0,False
2024-01-19T16:34:30,49.98,55.04,705.9,False
2024-01-19T16:35:00,50.28,57.02,667.6,False
2024-01-19T16:35:30,55.33,58.21,784.6,False
2024-01-19T16:36:00,50.32,52.51,667.1,False
2024-01-19T16:36:30,48.24,52.8,714.2,False
2024-01-19T16:37:00,44.04,49.94,704.3,False
2024-01-19T16:37:30,45.44,53.28,602.3,False
2024-01-19T16:38:00,48.33,52.81,670.4,False
2024-01-19T16:38:30,49.38,51.41,675.1,False
2024-01-19T16:39:00,48.02,54.73,695.1,False
2024-01-19T16:39:30,50.73,57.44,668.1,False
2024-01-19T16:40:00,47.95,53.17,637.0,False
2024-01-19T16:40:30,46.89,53.24,673.0,False
2024-01-19T16:41:00,51.46,52.27,689.2,False
2024-01-19T16:41:30,53.71,52.29,723.8,False
2024-01-19T16:42:00,46.26,48.99,705.8,False
2024-01-19T16:42:30,50.29,54.62,637.6,False
2024-01-19T16:43:00,43.83,50.86,646.1,False
2024-01-19T16:43:30,45.1,53.21,637.2,False
2024-01-19T16:44:00,47.74,53.04,682.9,False
2024-01-19T16:44:30,52.89,57.99,699.6,False
2024-01-19T16:45:00,47.13,54.88,629.8,False
2024-01-19T16:45:30,47.0,52.42,691.7,False
2024-01-19T16:46:00,49.54,52.33,807.1,False
2024-01-19T16:46:30,49.52,50.5,692.1,False
2024-01-19T16:47:00,47.03,55.96,647.2,False
2024-01-19T16:47:30,55.33,55.35,713.5,False
2024-01-19T16:48:00,48.55,50.86,725.8,False
2024-01-19T16:48:30,49.67,54.67,662.3,False
2024-01-19T16:49:00,48.1,50.66,736.8,False
2024-01-19T16:49:30,50.61,55.14,639.4,False
2024-01-19T16:50:00,52.97,55.4,731.5,False
2024-01-19T16:50:30,54.24,58.55,760.5,False
2024-01-19T16:51:00,46.94,54.73,706.0,False
2024-01-19T16:51:30,52.51,58.05,747.8,False
2024-01-19T16:52:00,50.84,55.42,717.3,False
2024-01-19T16:52:30,52.09,53.92,762.9,False
2024-01-19T16:53:00,48.87,51.95,651.3,False
2024-01-19T16:53:30,48.56,52.81,662.8,False
2024-01-19T16:54:00,51.91,59.54,699.2,False
2024-01-19T16:54:30,51.95,55.07,774.9,False
2024-01-19T16:55:00,53.76,56.8,748.7,False
2024-01-19T16:55:30,49.64,57.45,724.4,False
2024-01-19T16:56:00,48.7,54.46,682.4,False
2024-01-19T16:56:30,41.62,48.91,665.6,False
2024-01-19T16:57:00,44.15,53.14,591.1,False
2024-01-19T16:57:30,47.77,52.63,665.8,False
2024-01-19T16:58:00,45.63,53.0,656.4,False
2024-01-19T16:58:30,51.36,56.31,691.9,False
2024-01-19T16:59:00,44.96,51.1,646.9,False
2024-01-19T16:59:30,47.37,53.67,700.8,False
2024-01-19T17:00:00,47.46,56.54,689.2,False
2024-01-19T17:00:30,52.44,54.58,767.3,False
2024-01-19T17:01:00,46.98,55.74,592.4,False
2024-01-19T17:01:30,50.14,53.51,760.7,False
2024-01-19T17:02:00,49.35,57.9,668.8,False
2024-01-19T17:02:30,51.45,53.63,764.2,False
2024-01-19T17:03:00,51.27,54.47,693.4,False
2024-01-19T17:03:30,48.59,56.94,703.5,False
2024-01-19T17:04:00,43.58,54.52,605.6,False
2024-01-19T17:04:30,47.95,55.24,635.0,False
2024-01-19T17:05:00,48.57,51.75,711.8,False
2024-01-19T17:05:30,49.46,54.52,589.1,False
2024-01-19T17:06:00,46.37,52.82,622.3,False
2024-01-19T17:06:30,51.98,53.91,746.5,False
2024-01-19T17:07:00,48.58,55.32,672.0,False
2024-01-19T17:07:30,45.75,50.96,630.7,False
2024-01-19T17:08:00,47.12,50.61,737.8,False
2024-01-19T17:08:30,54.25,53.52,809.0,False
2024-01-19T17:09:00,50.44,58.28,703.5,False
2024-01-19T17:09:30,51.57,54.4,763.5,False
2024-01-19T17:10:00,45.27,51.3,722.9,False
2024-01-19T17:10:30,46.31,50.74,669.8,False
2024-01-19T17:11:00,46.31,55.53,650.0,False
2024-01-19T17:11:30,48.88,51.33,694.6,False
2024-01-19T17:12:00,47.78,51.13,624.1,False
2024-01-19T17:12:30,46.81,52.41,697.2,False
2024-01-19T17:13:00,47.16,53.19,664.1,False
2024-01-19T17:13:30,45.85,53.89,669.0,False
2024-01-19T17:14:00,47.67,52.14,683.0,False
2024-01-19T17:14:30,51.52,58.51,678.3,False
2024-01-19T17:15:00,43.62,50.13,647.5,False
2024-01-19T17:15:30,49.17,52.23,639.0,False
2024-01-19T17:16:00,52.25,53.58,698.7,False
2024-01-19T17:16:30,47.54,51.88,635.8,False
2024-01-19T17:17:00,46.47,50.56,636.7,False
2024-01-19T17:17:30,50.81,56.57,616.2,False
2024-01-19T17:18:00,45.06,50.19,643.3,False
2024-01-19T17:18:30,47.92,53.36,702.8,False
2024-01-19T17:19:00,44.84,50.03,665.9,False
2024-01-19T17:19:30,42.33,48.48,682.0,False
2024-01-19T17:20:00,47.46,55.61,641.5,False
2024-01-19T17:20:30,44.1,54.93,633.6,False
2024-01-19T17:21:00,47.83,56.13,719.3,False
2024-01-19T17:21:30,51.18,52.32,706.0,False
2024-01-19T17:22:00,53.37,53.7,734.4,False
2024-01-19T17:22:30,48.07,57.67,769.1,False
2024-01-19T17:23:00,50.82,54.58,696.4,False
2024-01-19T17:23:30,48.93,51.4,672.1,False
2024-01-19T17:24:00,46.56,55.13,632.8,False
2024-01-19T17:24:30,41.91,50.77,623.7,False
2024-01-19T17:25:00,52.54,57.09,761.2,False
2024-01-19T17:25:30,44.48,47.46,678.8,False
2024-01-19T17:26:00,51.75,54.91,771.3,False
2024-01-19T17:26:30,49.19,56.18,708.0,False
2024-01-19T17:27:00,44.63,50.73,567.4,False
2024-01-19T17:27:30,48.46,56.4,712.9,False
2024-01-19T17:28:00,53.9,54.01,735.4,False
2024-01-19T17:28:30,52.08,55.51,716.7,False
2024-01-19T17:29:00,45.91,55.94,716.0,False
2024-01-19T17:29:30,45.29,50.04,651.3,False
2024-01-19T17:30:00,47.7,54.09,704.8,False
2024-01-19T17:30:30,46.87,54.31,631.9,False
2024-01-19T17:31:00,50.94,55.36,646.8,False
2024-01-19T17:31:30,49.53,53.97,672.3,False
2024-01-19T17:32:00,42.21,49.06,625.2,False
2024-01-19T17:32:30,48.64,54.42,711.0,False
2024-01-19T17:33:00,46.7,52.85,629.7,False
2024-01-19T17:33:30,47.32,50.5,738.8,False
2024-01-19T17:34:00,47.93,55.88,644.8,False
2024-01-19T17:34:30,50.75,53.27,702.5,False
2024-01-19T17:35:00,50.06,51.93,700.9,False
2024-01-19T17:35:30,44.85,50.95,670.8,False
2024-01-19T17:36:00,46.9,51.38,693.2,False
2024-01-19T17:36:30,45.7,52.05,756.1,False
2024-01-19T17:37:00,41.97,48.22,611.7,False
2024-01-19T17:37:30,46.66,53.95,685.8,False
2024-01-19T17:38:00,52.5,58.74,716.6,False
2024-01-19T17:38:30,41.8,50.84,673.7,False
2024-01-19T17:39:00,46.83,50.26,692.6,False
2024-01-19T17:39:30,46.71,51.26,682.5,False
2024-01-19T17:40:00,47.71,54.03,622.0,False
2024-01-19T17:40:30,43.93,47.77,633.3,False
2024-01-19T17:41:00,42.52,48.53,601.1,False
2024-01-19T17:41:30,42.63,47.76,623.1,False
2024-01-19T17:42:00,50.73,55.33,672.8,False
2024-01-19T17:42:30,43.76,55.94,629.4,False
2024-01-19T17:43:00,45.18,49.81,645.0,False
2024-01-19T17:43:30,52.97,57.86,708.0,False
2024-01-19T17:44:00,44.42,50.83,643.6,False
2024-01-19T17:44:30,47.62,50.92,643.9,False
2024-01-19T17:45:00,49.76,57.75,699.5,False
2024-01-19T17:45:30,49.58,58.86,660.6,False
2024-01-19T17:46:00,42.51,51.83,616.2,False
2024-01-19T17:46:30,44.34,52.65,652.7,False
2024-01-19T17:47:00,47.36,53.56,575.6,False
2024-01-19T17:47:30,52.21,55.56,817.3,False
2024-01-19T17:48:00,44.11,52.49,673.8,False
2024-01-19T17:48:30,44.88,53.55,671.8,False
2024-01-19T17:49:00,47.59,56.88,659.9,False
2024-01-19T17:49:30,48.16,52.8,689.1,False
2024-01-19T17:50:00,48.32,54.17,638.1,False
2024-01-19T17:50:30,43.71,51.44,669.3,False
2024-01-19T17:51:00,44.62,54.12,589.6,False
2024-01-19T17:51:30,46.83,57.98,623.9,False
2024-01-19T17:52:00,49.94,56.86,671.1,False
2024-01-19T17:52:30,45.41,54.07,723.7,False
2024-01-19T17:53:00,46.03,54.6,624.2,False
2024-01-19T17:53:30,42.99,53.8,657.3,False
2024-01-19T17:54:00,51.63,60.42,630.5,False
2024-01-19T17:54:30,46.47,49.64,672.7,False
2024-01-19T17:55:00,49.21,55.58,763.1,False
2024-01-19T17:55:30,46.04,47.63,688.3,False
2024-01-19T17:56:00,46.17,54.77,586.4,False
2024-01-19T17:56:30,41.38,51.58,632.8,False
2024-01-19T17:57:00,39.4,48.39,596.7,False
2024-01-19T17:57:30,49.58,49.23,745.7,False
2024-01-19T17:58:00,46.03,52.77,664.2,False
2024-01-19T17:58:30,46.38,53.42,613.5,False
2024-01-19T17:59:00,41.99,50.66,630.4,False
2024-01-19T17:59:30,42.99,50.04,616.1,False
2024-01-19T18:00:00,48.86,52.43,604.5,False
2024-01-19T18:00:30,50.86,55.12,699.9,False
2024-01-19T18:01:00,43.75,50.06,650.1,False
2024-01-19T18:01:30,47.59,55.21,696.0,False
2024-01-19T18:02:00,46.12,52.7,709.6,False
2024-01-19T18:02:30,45.15,48.93,650.0,False
2024-01-19T18:03:00,51.04,55.67,648.3,False
2024-01-19T18:03:30,44.09,52.68,619.3,False
2024-01-19T18:04:00,49.14,57.61,692.4,False
2024-01-19T18:04:30,46.53,54.93,720.9,False
2024-01-19T18:05:00,45.31,50.66,662.6,False
2024-01-19T18:05:30,49.44,57.38,690.3,False
2024-01-19T18:06:00,46.17,50.12,659.9,False
2024-01-19T18:06:30,44.98,52.36,659.5,False
2024-01-19T18:07:00,49.37,56.01,771.4,False
2024-01-19T18:07:30,48.95,57.21,688.2,False
2024-01-19T18:08:00,48.77,57.98,679.7,False
2024-01-19T18:08:30,33.47,49.1,569.3,False
2024-01-19T18:09:00,46.43,52.76,644.4,False
2024-01-19T18:09:30,45.71,53.83,603.2,False
2024-01-19T18:10:00,44.94,52.74,589.9,False
2024-01-19T18:10:30,46.84,51.82,645.6,False
2024-01-19T18:11:00,45.76,52.47,713.3,False
2024-01-19T18:11:30,46.98,56.91,722.5,False
2024-01-19T18:12:00,44.11,53.17,608.2,False
2024-01-19T18:12:30,49.37,58.64,688.7,False
2024-01-19T18:13:00,47.18,51.26,682.7,False
2024-01-19T18:13:30,46.44,52.29,642.5,False
2024-01-19T18:14:00,46.26,53.8,722.4,False
2024-01-19T18:14:30,48.22,55.43,716.2,False
2024-01-19T18:15:00,47.78,53.49,696.7,False
2024-01-19T18:15:30,44.34,53.61,657.5,False
2024-01-19T18:16:00,47.62,55.24,618.4,False
2024-01-19T18:16:30,45.14,49.64,715.4,False
2024-01-19T18:17:00,50.33,56.52,725.9,False
2024-01-19T18:17:30,47.84,55.91,699.1,False
2024-01-19T18:18:00,42.64,51.76,611.6,False
2024-01-19T18:18:30,51.48,51.91,685.8,False
2024-01-19T18:19:00,38.15,48.37,624.9,False
2024-01-19T18:19:30,46.33,53.89,714.7,False
2024-01-19T18:20:00,42.3,49.27,707.4,False
2024-01-19T18:20:30,50.0,56.69,670.6,False
2024-01-19T18:21:00,45.08,53.85,654.3,False
2024-01-19T18:21:30,41.9,51.08,551.4,False
2024-01-19T18:22:00,43.45,51.62,549.2,False
2024-01-19T18:22:30,42.08,51.28,657.6,False
2024-01-19T18:23:00,43.27,51.49,612.0,False
2024-01-19T18:23:30,43.16,48.87,566.4,False
2024-01-19T18:24:00,41.86,49.93,588.4,False
2024-01-19T18:24:30,44.89,52.46,672.8,False
2024-01-19T18:25:00,45.22,55.31,677.1,False
2024-01-19T18:25:30,41.02,51.76,562.7,False
2024-01-19T18:26:00,39.0,52.32,661.5,False
2024-01-19T18:26:30,44.88,49.5,631.2,False
2024-01-19T18:27:00,45.51,51.91,675.0,False
2024-01-19T18:27:30,46.07,57.06,670.0,False
2024-01-19T18:28:00,45.5,51.14,663.5,False
2024-01-19T18:28:30,48.53,52.61,650.7,False
2024-01-19T18:29:00,46.76,52.72,673.1,False
2024-01-19T18:29:30,51.78,59.81,725.0,False
2024-01-19T18:30:00,53.01,55.04,716.1,False
2024-01-19T18:30:30,38.4,50.2,611.2,False
2024-01-19T18:31:00,37.04,49.19,640.4,False
2024-01-19T18:31:30,43.58,47.82,629.8,False
2024-01-19T18:32:00,45.08,52.4,686.8,False
2024-01-19T18:32:30,43.3,50.43,638.0,False
2024-01-19T18:33:00,45.61,54.05,721.8,False
2024-01-19T18:33:30,42.65,54.7,585.0,False
2024-01-19T18:34:00,41.34,49.88,682.9,False
2024-01-19T18:34:30,41.76,50.09,612.8,False
2024-01-19T18:35:00,42.75,56.31,726.5,False
2024-01-19T18:35:30,45.85,51.4,684.2,False
2024-01-19T18:36:00,41.82,48.13,668.6,False
2024-01-19T18:36:30,42.38,53.85,632.6,False
2024-01-19T18:37:00,44.92,52.26,686.6,False
2024-01-19T18:37:30,42.58,51.76,667.9,False
2024-01-19T18:38:00,46.49,57.62,666.2,False
2024-01-19T18:38:30,40.35,47.28,653.4,False
2024-01-19T18:39:00,39.66,49.35,482.9,False
2024-01-19T18:39:30,43.95,49.41,625.8,False
2024-01-19T18:40:00,44.21,52.69,654.6,False
2024-01-19T18:40:30,40.37,48.99,643.0,False
2024-01-19T18:41:00,46.96,51.05,714.6,False
2024-01-19T18:41:30,48.67,55.71,679.2,False
2024-01-19T18:42:00,40.97,50.43,612.2,False
2024-01-19T18:42:30,47.28,51.06,713.1,False
2024-01-19T18:43:00,35.64,45.36,631.2,False
2024-01-19T18:43:30,45.98,53.33,697.4,False
2024-01-19T18:44:00,40.14,46.65,615.0,False
2024-01-19T18:44:30,45.6,53.18,766.8,False
2024-01-19T18:45:00,39.76,52.48,621.2,False
2024-01-19T18:45:30,42.4,52.46,647.8,False
2024-01-19T18:46:00,40.14,48.75,686.4,False
2024-01-19T18:46:30,41.89,51.42,696.2,False
2024-01-19T18:47:00,47.98,51.42,712.2,False
2024-01-19T18:47:30,42.13,51.27,601.0,False
2024-01-19T18:48:00,48.75,53.66,694.5,False
2024-01-19T18:48:30,41.23,48.47,650.5,False
2024-01-19T18:49:00,46.82,54.6,752.7,False
2024-01-19T18:49:30,37.43,44.7,717.5,False
2024-01-19T18:50:00,41.42,48.28,607.4,False
2024-01-19T18:50:30,40.63,48.13,659.1,False
2024-01-19T18:51:00,46.81,52.34,641.9,False
2024-01-19T18:51:30,42.72,53.91,636.8,False
2024-01-19T18:52:00,35.86,49.39,552.2,False
2024-01-19T18:52:30,38.16,49.24,672.0,False
2024-01-19T18:53:00,39.02,49.57,621.6,False
2024-01-19T18:53:30,44.82,52.34,670.3,False
2024-01-19T18:54:00,44.39,54.89,657.1,False
2024-01-19T18:54:30,41.04,46.84,643.4,False
2024-01-19T18:55:00,40.26,51.63,638.5,False
2024-01-19T18:55:30,44.02,50.95,624.7,False
2024-01-19T18:56:00,38.44,50.19,540.0,False
2024-01-19T18:56:30,43.17,52.56,592.2,False
2024-01-19T18:57:00,42.87,52.87,578.6,False
2024-01-19T18:57:30,40.89,53.58,634.9,False
2024-01-19T18:58:00,42.87,48.66,610.3,False
2024-01-19T18:58:30,41.95,52.95,674.8,False
2024-01-19T18:59:00,43.1,51.39,654.4,False
2024-01-19T18:59:30,37.56,47.83,527.1,False
2024-01-19T19:00:00,43.37,55.73,630.6,False
2024-01-19T19:00:30,44.57,53.66,571.7,False
2024-01-19T19:01:00,42.42,50.35,593.6,False
2024-01-19T19:01:30,43.22,53.5,626.1,False
2024-01-19T19:02:00,41.05,50.41,590.6,False
2024-01-19T19:02:30,44.01,51.12,727.5,False
2024-01-19T19:03:00,41.5,49.52,661.9,False
2024-01-19T19:03:30,37.82,49.5,589.4,False
2024-01-19T19:04:00,43.69,50.6,706.6,False
2024-01-19T19:04:30,36.28,48.44,551.3,False
2024-01-19T19:05:00,42.0,52.76,622.7,False
2024-01-19T19:05:30,39.96,50.19,653.8,False
2024-01-19T19:06:00,39.73,53.81,573.2,False
2024-01-19T19:06:30,41.55,50.79,659.8,False
2024-01-19T19:07:00,38.87,52.12,622.7,False
2024-01-19T19:07:30,42.49,53.19,663.5,False
2024-01-19T19:08:00,41.09,53.59,700.6,False
2024-01-19T19:08:30,39.03,53.46,630.4,False
2024-01-19T19:09:00,44.86,48.9,663.9,False
2024-01-19T19:09:30,41.42,51.24,571.4,False
2024-01-19T19:10:00,42.66,51.11,649.7,False
2024-01-19T19:10:30,44.97,52.71,640.6,False
2024-01-19T19:11:00,44.89,51.65,654.2,False
2024-01-19T19:11:30,42.39,50.11,620.2,False
2024-01-19T19:12:00,39.7,47.66,637.3,False
2024-01-19T19:12:30,36.28,48.34,550.6,False
2024-01-19T19:13:00,41.15,52.45,637.7,False
2024-01-19T19:13:30,43.78,50.91,608.5,False
2024-01-19T19:14:00,41.52,50.11,560.2,False
2024-01-19T19:14:30,30.08,43.66,527.0,False
2024-01-19T19:15:00,42.98,49.52,662.4,False
2024-01-19T19:15:30,43.13,51.11,614.0,False
2024-01-19T19:16:00,39.39,50.4,620.6,False
2024-01-19T19:16:30,43.22,54.15,631.3,False
2024-01-19T19:17:00,42.1,48.69,595.4,False
2024-01-19T19:17:30,38.12,49.02,627.3,False
2024-01-19T19:18:00,43.95,54.36,625.6,False
2024-01-19T19:18:30,36.3,45.82,605.4,False
2024-01-19T19:19:00,39.89,52.51,560.7,False
2024-01-19T19:19:30,39.55,48.93,621.9,False
2024-01-19T19:20:00,37.5,50.21,625.0,False
2024-01-19T19:20:30,40.85,50.02,640.9,False
2024-01-19T19:21:00,43.83,52.87,686.4,False
2024-01-19T19:21:30,43.61,55.06,674.7,False
2024-01-19T19:22:00,41.99,50.79,647.9,False
2024-01-19T19:22:30,34.7,49.38,611.4,False
2024-01-19T19:23:00,35.74,48.46,570.9,False
2024-01-19T19:23:30,40.2,48.57,642.5,False
2024-01-19T19:24:00,39.56,49.53,617.4,False
2024-01-19T19:24:30,38.13,48.69,679.1,False
2024-01-19T19:25:00,45.3,49.87,673.3,False
2024-01-19T19:25:30,39.86,50.9,567.5,False
2024-01-19T19:26:00,41.13,51.93,639.2,False
2024-01-19T19:26:30,42.43,52.89,601.4,False
2024-01-19T19:27:00,39.59,52.71,645.8,False
2024-01-19T19:27:30,47.16,55.54,707.1,False
2024-01-19T19:28:00,36.52,47.11,567.8,False
2024-01-19T19:28:30,37.49,48.02,558.4,False
2024-01-19T19:29:00,36.43,49.95,596.8,False
2024-01-19T19:29:30,43.91,52.8,615.1,False
2024-01-19T19:30:00,41.59,50.82,599.2,False
2024-01-19T19:30:30,37.51,47.07,579.8,False
2024-01-19T19:31:00,36.51,47.26,617.1,False
2024-01-19T19:31:30,43.22,52.84,586.4,False
2024-01-19T19:32:00,40.11,46.22,590.7,False
2024-01-19T19:32:30,43.21,47.0,741.6,False
2024-01-19T19:33:00,38.76,50.84,688.2,False
2024-01-19T19:33:30,40.43,49.22,671.9,False
2024-01-19T19:34:00,39.76,50.89,619.8,False
2024-01-19T19:34:30,36.95,51.7,625.6,False
2024-01-19T19:35:00,38.35,47.22,591.4,False
2024-01-19T19:35:30,35.18,44.33,473.3,False
2024-01-19T19:36:00,40.18,49.62,598.6,False
2024-01-19T19:36:30,54.64,56.03,1018.1,False
2024-01-19T19:37:00,68.34,64.2,1147.8,False
2024-01-19T19:37:30,82.04,72.18,1275.6,False
2024-01-19T19:38:00,84.55,73.01,1342.4,False
2024-01-19T19:38:30,83.06,71.71,1265.7,False
2024-01-19T19:39:00,82.2,73.31,1217.5,False
2024-01-19T19:39:30,83.4,73.13,1259.4,False
2024-01-19T19:40:00,83.28,71.37,1292.0,False
2024-01-19T19:40:30,80.66,71.69,1240.8,False
2024-01-19T19:41:00,81.81,67.91,1222.4,False
2024-01-19T19:41:30,82.02,73.23,1277.1,False
2024-01-19T19:42:00,82.65,71.47,1215.5,False
2024-01-19T19:42:30,81.81,68.6,1219.4,False
2024-01-19T19:43:00,81.94,70.24,1272.1,False
2024-01-19T19:43:30,81.58,72.97,1221.2,False
2024-01-19T19:44:00,83.09,70.11,1250.6,False
2024-01-19T19:44:30,80.59,71.22,1245.4,False
2024-01-19T19:45:00,67.49,65.61,1138.3,False
2024-01-19T19:45:30,52.43,56.37,980.7,False
2024-01-19T19:46:00,41.42,49.09,944.5,False
2024-01-19T19:46:30,35.1,46.77,544.1,True
2024-01-19T19:47:00,31.33,42.19,616.7,True
2024-01-19T19:47:30,28.53,42.63,512.2,True
2024-01-19T19:48:00,31.72,42.99,578.1,True
2024-01-19T19:48:30,30.16,44.34,570.6,True
2024-01-19T19:49:00,29.52,41.58,522.0,True
2024-01-19T19:49:30,28.0,43.52,485.3,True
2024-01-19T19:50:00,28.92,46.08,560.5,True
2024-01-19T19:50:30,29.57,46.54,479.7,True
2024-01-19T19:51:00,31.9,42.82,504.4,True
2024-01-19T19:51:30,38.95,47.5,635.9,False
2024-01-19T19:52:00,42.85,52.49,634.8,False
2024-01-19T19:52:30,39.36,50.45,586.6,False
2024-01-19T19:53:00,38.57,47.42,588.6,False
2024-01-19T19:53:30,36.33,46.56,558.8,False
2024-01-19T19:54:00,34.1,46.58,660.0,False
2024-01-19T19:54:30,35.46,43.43,624.4,False
2024-01-19T19:55:00,35.03,47.93,547.2,False
2024-01-19T19:55:30,29.4,46.24,522.7,False
2024-01-19T19:56:00,34.02,45.6,596.0,False
2024-01-19T19:56:30,41.81,47.44,595.4,False
2024-01-19T19:57:00,38.06,51.23,582.2,False
2024-01-19T19:57:30,35.79,47.71,574.4,False
2024-01-19T19:58:00,38.07,49.83,569.3,False
2024-01-19T19:58:30,30.97,42.22,591.6,False
2024-01-19T19:59:00,37.64,45.57,572.5,False
2024-01-19T19:59:30,40.58,50.5,620.0,False
2024-01-19T20:00:00,36.34,49.61,595.4,False
2024-01-19T20:00:30,31.35,42.8,614.2,False
2024-01-19T20:01:00,35.38,46.87,579.6,False
2024-01-19T20:01:30,40.42,46.42,708.8,False
2024-01-19T20:02:00,37.31,46.64,584.0,False
2024-01-19T20:02:30,32.24,45.0,549.1,False
2024-01-19T20:03:00,43.55,52.15,685.9,False
2024-01-19T20:03:30,32.65,41.51,638.0,False
2024-01-19T20:04:00,35.64,49.86,574.5,False
2024-01-19T20:04:30,33.21,45.66,615.1,False
2024-01-19T20:05:00,33.17,48.58,599.3,False
2024-01-19T20:05:30,34.88,48.24,548.6,False
2024-01-19T20:06:00,38.11,50.16,604.1,False
2024-01-19T20:06:30,40.03,53.46,618.6,False
2024-01-19T20:07:00,34.95,45.32,538.4,False
2024-01-19T20:07:30,33.04,46.2,570.9,False
2024-01-19T20:08:00,37.46,46.16,602.9,False
2024-01-19T20:08:30,37.51,47.96,615.1,False
2024-01-19T20:09:00,36.66,49.18,596.1,False
2024-01-19T20:09:30,36.73,50.03,567.1,False
2024-01-19T20:10:00,35.52,46.41,682.0,False
2024-01-19T20:10:30,36.11,45.06,597.6,False
2024-01-19T20:11:00,35.23,47.18,633.8,False
2024-01-19T20:11:30,38.94,47.19,629.0,False
2024-01-19T20:12:00,42.37,49.45,699.3,False
2024-01-19T20:12:30,36.18,48.86,558.4,False
2024-01-19T20:13:00,35.58,48.19,581.1,False
2024-01-19T20:13:30,36.33,49.26,572.7,False
2024-01-19T20:14:00,33.54,45.52,545.5,False
2024-01-19T20:14:30,37.77,50.33,612.8,False
2024-01-19T20:15:00,36.75,47.84,584.2,False
2024-01-19T20:15:30,34.13,45.93,515.9,False
2024-01-19T20:16:00,38.05,46.26,592.3,False
2024-01-19T20:16:30,35.36,42.93,567.4,False
2024-01-19T20:17:00,32.35,42.48,594.0,False
2024-01-19T20:17:30,36.27,48.0,532.3,False
2024-01-19T20:18:00,35.88,45.57,566.6,False
2024-01-19T20:18:30,38.01,45.16,574.1,False
2024-01-19T20:19:00,37.58,47.39,630.5,False
2024-01-19T20:19:30,34.72,47.36,555.9,False
2024-01-19T20:20:00,33.59,47.07,610.5,False
2024-01-19T20:20:30,34.96,46.87,577.8,False
2024-01-19T20:21:00,36.01,47.33,607.6,False
2024-01-19T20:21:30,36.32,46.54,634.8,False
2024-01-19T20:22:00,35.73,48.59,537.8,False
2024-01-19T20:22:30,34.51,46.36,566.2,False
2024-01-19T20:23:00,37.73,48.17,618.7,False
2024-01-19T20:23:30,32.68,47.87,569.3,False
2024-01-19T20:24:00,42.1,52.09,584.9,False
2024-01-19T20:24:30,36.9,47.54,623.1,False
2024-01-19T20:25:00,31.19,44.4,551.4,False
2024-01-19T20:25:30,35.08,46.33,585.8,False
2024-01-19T20:26:00,36.8,43.82,585.6,False
2024-01-19T20:26:30,33.39,48.36,439.9,False
2024-01-19T20:27:00,29.91,43.05,561.1,False
2024-01-19T20:27:30,31.24,46.8,573.4,False
2024-01-19T20:28:00,35.94,47.52,570.7,False
2024-01-19T20:28:30,29.01,46.76,472.7,False
2024-01-19T20:29:00,29.88,45.47,517.6,False
2024-01-19T20:29:30,35.79,49.19,626.1,False
2024-01-19T20:30:00,33.47,45.03,551.5,False
2024-01-19T20:30:30,32.01,42.91,557.0,False
2024-01-19T20:31:00,32.57,46.06,547.2,False
2024-01-19T20:31:30,29.6,40.44,549.4,False
2024-01-19T20:32:00,35.42,46.26,530.7,False
2024-01-19T20:32:30,31.5,42.86,543.9,False
2024-01-19T20:33:00,32.27,43.94,602.0,False
2024-01-19T20:33:30,34.88,48.12,542.3,False
2024-01-19T20:34:00,33.02,47.06,553.2,False
2024-01-19T20:34:30,31.64,44.98,595.2,False
2024-01-19T20:35:00,27.74,44.0,551.8,False
2024-01-19T20:35:30,34.77,45.79,596.2,False
2024-01-19T20:36:00,33.86,51.27,586.4,False
2024-01-19T20:36:30,32.02,46.11,571.1,False
2024-01-19T20:37:00,30.42,43.53,534.1,False
2024-01-19T20:37:30,33.53,48.01,612.3,False
2024-01-19T20:38:00,34.89,49.42,560.4,False
2024-01-19T20:38:30,33.7,44.8,529.8,False
2024-01-19T20:39:00,38.27,45.8,550.8,False
2024-01-19T20:39:30,35.43,44.78,558.8,False
2024-01-19T20:40:00,32.95,44.64,538.4,False
2024-01-19T20:40:30,35.44,47.12,555.1,False
2024-01-19T20:41:00,33.33,42.92,519.6,False
2024-01-19T20:41:30,33.28,45.31,581.2,False
2024-01-19T20:42:00,36.99,47.59,558.0,False
2024-01-19T20:42:30,30.36,45.34,564.8,False
2024-01-19T20:43:00,33.08,47.28,593.5,False
2024-01-19T20:43:30,36.54,48.59,695.2,False
2024-01-19T20:44:00,33.85,50.03,552.6,False
2024-01-19T20:44:30,31.77,47.59,547.8,False
2024-01-19T20:45:00,27.72,43.82,491.9,False
2024-01-19T20:45:30,25.98,40.57,461.0,False
2024-01-19T20:46:00,38.98,47.66,595.0,False
2024-01-19T20:46:30,33.63,43.48,538.0,False
2024-01-19T20:47:00,30.91,45.29,499.9,False
2024-01-19T20:47:30,33.67,47.02,578.8,False
2024-01-19T20:48:00,29.73,46.18,495.0,False
2024-01-19T20:48:30,31.54,45.83,574.9,False
2024-01-19T20:49:00,29.67,46.47,571.6,False
2024-01-19T20:49:30,28.21,45.79,491.1,False
2024-01-19T20:50:00,26.09,40.52,564.6,False
2024-01-19T20:50:30,27.56,42.28,536.6,False
2024-01-19T20:51:00,35.38,47.21,580.1,False
2024-01-19T20:51:30,29.31,42.78,463.3,False
2024-01-19T20:52:00,33.83,45.97,502.1,False
2024-01-19T20:52:30,35.05,47.67,643.3,False
2024-01-19T20:53:00,32.19,45.39,610.3,False
2024-01-19T20:53:30,31.2,45.15,613.6,False
2024-01-19T20:54:00,32.45,43.89,633.9,False
2024-01-19T20:54:30,30.76,45.94,601.1,False
2024-01-19T20:55:00,35.58,48.21,594.2,False
2024-01-19T20:55:30,37.55,46.8,622.8,False
2024-01-19T20:56:00,36.23,45.08,562.4,False
2024-01-19T20:56:30,25.38,44.71,512.6,False
2024-01-19T20:57:00,30.48,48.29,573.7,False
2024-01-19T20:57:30,31.76,45.91,584.7,False
2024-01-19T20:58:00,33.09,45.38,559.7,False
2024-01-19T20:58:30,26.48,44.89,430.6,False
2024-01-19T20:59:00,26.39,43.7,450.6,False
2024-01-19T20:59:30,35.49,46.89,603.0,False
2024-01-19T21:00:00,29.85,46.43,518.6,False
2024-01-19T21:00:30,27.02,41.46,342.8,False
2024-01-19T21:01:00,28.13,42.25,276.4,False
2024-01-19T21:01:30,32.57,46.58,415.0,False
2024-01-19T21:02:00,28.89,44.24,293.6,False
2024-01-19T21:02:30,32.04,46.87,415.3,False
2024-01-19T21:03:00,28.33,46.13,264.6,False
2024-01-19T21:03:30,25.99,39.47,332.1,False
2024-01-19T21:04:00,35.45,47.38,346.4,False
2024-01-19T21:04:30,32.33,49.55,358.3,False
2024-01-19T21:05:00,30.09,43.43,383.8,False
2024-01-19T21:05:30,29.48,42.89,372.0,False
2024-01-19T21:06:00,35.4,42.8,350.3,False
2024-01-19T21:06:30,32.74,46.16,337.4,False
2024-01-19T21:07:00,34.36,47.93,312.0,False
2024-01-19T21:07:30,29.12,45.31,261.3,False
2024-01-19T21:08:00,30.98,43.01,314.5,False
2024-01-19T21:08:30,31.99,45.57,321.8,False
2024-01-19T21:09:00,29.09,44.58,272.5,False
2024-01-19T21:09:30,30.41,44.9,335.1,False
2024-01-19T21:10:00,28.91,41.86,329.9,False
2024-01-19T21:10:30,31.81,45.66,353.9,False
2024-01-19T21:11:00,26.61,41.27,280.9,False
2024-01-19T21:11:30,32.24,41.98,334.8,False
2024-01-19T21:12:00,31.41,46.67,338.6,False
2024-01-19T21:12:30,29.83,44.8,371.3,False
2024-01-19T21:13:00,31.74,46.66,326.9,False
2024-01-19T21:13:30,29.26,43.17,266.9,False
2024-01-19T21:14:00,28.3,45.01,313.5,False
2024-01-19T21:14:30,31.9,47.6,337.7,False
2024-01-19T21:15:00,31.98,49.11,291.3,False
2024-01-19T21:15:30,28.66,45.57,313.3,False
2024-01-19T21:16:00,28.35,44.56,291.4,False
2024-01-19T21:16:30,29.54,41.63,333.2,False
2024-01-19T21:17:00,28.39,43.6,343.9,False
2024-01-19T21:17:30,34.58,44.06,355.2,False
2024-01-19T21:18:00,30.91,43.44,367.7,False
2024-01-19T21:18:30,29.96,48.51,327.4,False
2024-01-19T21:19:00,27.07,41.11,306.0,False
2024-01-19T21:19:30,32.05,40.96,344.0,False
2024-01-19T21:20:00,27.95,45.23,315.9,False
2024-01-19T21:20:30,27.78,42.17,267.2,False
2024-01-19T21:21:00,32.02,47.17,283.0,False
2024-01-19T21:21:30,30.82,42.7,391.3,False
2024-01-19T21:22:00,22.1,39.83,285.3,False
2024-01-19T21:22:30,29.1,46.57,311.1,False
2024-01-19T21:23:00,29.9,41.94,381.7,False
2024-01-19T21:23:30,28.46,43.53,442.3,False
2024-01-19T21:24:00,29.92,45.18,279.4,False
2024-01-19T21:24:30,23.97,40.18,290.2,False
2024-01-19T21:25:00,20.86,40.55,293.6,False
2024-01-19T21:25:30,26.38,42.86,245.8,False
2024-01-19T21:26:00,30.11,45.77,279.8,False
2024-01-19T21:26:30,19.55,43.1,294.5,False
2024-01-19T21:27:00,26.65,48.32,311.0,False
2024-01-19T21:27:30,23.37,42.26,259.2,False
2024-01-19T21:28:00,28.36,43.61,261.3,False
2024-01-19T21:28:30,34.92,47.99,392.4,False
2024-01-19T21:29:00,28.35,43.36,270.8,False
2024-01-19T21:29:30,28.64,40.8,288.4,False
2024-01-19T21:30:00,31.44,45.28,313.3,False
2024-01-19T21:30:30,28.94,46.29,318.0,False
2024-01-19T21:31:00,28.19,40.82,281.5,False
2024-01-19T21:31:30,31.57,43.47,314.6,False
2024-01-19T21:32:00,30.16,43.58,379.1,False
2024-01-19T21:32:30,29.57,45.19,343.3,False
2024-01-19T21:33:00,28.24,48.54,326.6,False
2024-01-19T21:33:30,27.58,41.84,338.1,False
2024-01-19T21:34:00,31.32,45.51,308.2,False
2024-01-19T21:34:30,27.52,43.44,334.7,False
2024-01-19T21:35:00,32.18,45.16,374.5,False
2024-01-19T21:35:30,25.3,42.23,261.5,False
2024-01-19T21:36:00,32.7,45.09,385.5,False
2024-01-19T21:36:30,29.77,50.05,347.6,False
2024-01-19T21:37:00,25.41,43.88,313.8,False
2024-01-19T21:37:30,29.8,43.66,405.0,False
2024-01-19T21:38:00,26.28,45.18,315.1,False
2024-01-19T21:38:30,28.29,44.34,289.3,False
2024-01-19T21:39:00,26.68,43.14,318.7,False
2024-01-19T21:39:30,27.7,43.17,322.1,False
2024-01-19T21:40:00,30.88,44.63,302.7,False
2024-01-19T21:40:30,29.57,42.03,255.6,False
2024-01-19T21:41:00,24.59,38.64,294.1,False
2024-01-19T21:41:30,24.72,42.79,335.5,False
2024-01-19T21:42:00,28.7,43.66,367.7,False
2024-01-19T21:42:30,28.87,45.88,342.3,False
2024-01-19T21:43:00,25.78,40.8,369.0,False
2024-01-19T21:43:30,32.53,43.76,367.2,False
2024-01-19T21:44:00,30.15,46.33,333.3,False
2024-01-19T21:44:30,25.79,42.0,314.5,False
2024-01-19T21:45:00,25.46,44.14,274.4,False
2024-01-19T21:45:30,26.9,43.22,264.5,False
2024-01-19T21:46:00,26.55,46.73,273.2,False
2024-01-19T21:46:30,31.27,46.85,331.0,False
2024-01-19T21:47:00,30.41,45.73,377.9,False
2024-01-19T21:47:30,27.52,45.07,262.3,False
2024-01-19T21:48:00,29.4,43.87,296.3,False
2024-01-19T21:48:30,29.8,41.32,370.6,False
2024-01-19T21:49:00,27.46,44.16,305.4,False
2024-01-19T21:49:30,28.45,47.82,319.6,False
2024-01-19T21:50:00,28.98,39.63,316.9,False
2024-01-19T21:50:30,28.62,44.97,406.3,False
2024-01-19T21:51:00,24.78,39.04,320.6,False
2024-01-19T21:51:30,25.04,42.19,310.4,False
2024-01-19T21:52:00,26.16,42.96,317.2,False
2024-01-19T21:52:30,24.87,43.65,315.3,False
2024-01-19T21:53:00,22.53,41.41,354.1,False
2024-01-19T21:53:30,28.93,46.94,316.5,False
2024-01-19T21:54:00,27.9,46.01,329.9,False
2024-01-19T21:54:30,22.8,40.74,283.6,False
2024-01-19T21:55:00,26.05,44.95,344.6,False
2024-01-19T21:55:30,26.18,42.2,377.6,False
2024-01-19T21:56:00,27.24,42.38,294.4,False
2024-01-19T21:56:30,23.4,39.03,305.3,False
2024-01-19T21:57:00,22.54,43.63,287.4,False
2024-01-19T21:57:30,28.12,43.2,269.3,False
2024-01-19T21:58:00,21.92,35.86,314.2,False
2024-01-19T21:58:30,25.78,43.72,368.8,False
2024-01-19T21:59:00,25.46,41.6,336.5,False
2024-01-19T21:59:30,26.02,42.16,282.9,False
2024-01-19T22:00:00,27.11,42.83,262.6,False
2024-01-19T22:00:30,31.11,44.63,374.5,False
2024-01-19T22:01:00,21.47,45.94,228.6,False
2024-01-19T22:01:30,28.86,47.5,291.7,False
2024-01-19T22:02:00,18.65,40.47,257.6,False
2024-01-19T22:02:30,30.32,45.4,372.0,False
2024-01-19T22:03:00,19.97,42.0,246.3,False
2024-01-19T22:03:30,33.37,46.93,358.7,False
2024-01-19T22:04:00,24.85,43.81,294.3,False
2024-01-19T22:04:30,29.85,45.8,302.1,False
2024-01-19T22:05:00,29.18,44.61,318.3,False
2024-01-19T22:05:30,24.58,43.93,231.9,False
2024-01-19T22:06:00,24.77,41.31,327.6,False
2024-01-19T22:06:30,23.3,41.53,397.9,False
2024-01-19T22:07:00,28.13,41.87,327.4,False
2024-01-19T22:07:30,24.45,40.27,343.3,False
2024-01-19T22:08:00,23.22,36.32,275.3,False
2024-01-19T22:08:30,27.25,44.31,264.2,False
2024-01-19T22:09:00,22.91,42.69,373.3,False
2024-01-19T22:09:30,24.57,44.23,262.7,False
2024-01-19T22:10:00,25.84,40.49,344.6,False
2024-01-19T22:10:30,23.55,42.43,297.0,False
2024-01-19T22:11:00,23.96,41.76,339.1,False
2024-01-19T22:11:30,30.0,46.25,337.3,False
2024-01-19T22:12:00,24.74,40.85,251.3,False
2024-01-19T22:12:30,24.23,41.22,267.2,False
2024-01-19T22:13:00,24.74,39.05,392.0,False
2024-01-19T22:13:30,26.59,41.65,325.5,False
2024-01-19T22:14:00,22.08,40.83,363.7,False
2024-01-19T22:14:30,26.42,43.35,296.7,False
2024-01-19T22:15:00,25.87,39.35,335.5,False
2024-01-19T22:15:30,19.69,38.62,206.2,False
2024-01-19T22:16:00,30.4,45.31,344.4,False
2024-01-19T22:16:30,29.36,47.29,423.8,False
2024-01-19T22:17:00,22.53,39.37,248.9,False
2024-01-19T22:17:30,21.53,41.54,244.6,False
2024-01-19T22:18:00,25.54,41.44,337.4,False
2024-01-19T22:18:30,20.53,39.18,268.9,False
2024-01-19T22:19:00,28.86,42.48,406.8,False
2024-01-19T22:19:30,23.32,39.38,277.0,False
2024-01-19T22:20:00,29.55,43.63,339.2,False
2024-01-19T22:20:30,22.17,42.99,290.1,False
2024-01-19T22:21:00,24.27,40.43,251.1,False
2024-01-19T22:21:30,28.37,42.17,275.0,False
2024-01-19T22:22:00,23.56,42.01,232.8,False
2024-01-19T22:22:30,25.3,42.47,170.1,False
2024-01-19T22:23:00,27.72,43.54,318.4,False
2024-01-19T22:23:30,22.73,41.69,229.8,False
2024-01-19T22:24:00,20.58,38.09,243.1,False
2024-01-19T22:24:30,19.94,37.99,300.4,False
2024-01-19T22:25:00,26.03,44.81,270.4,False
2024-01-19T22:25:30,25.41,42.23,330.8,False
2024-01-19T22:26:00,27.38,44.71,255.9,False
2024-01-19T22:26:30,23.34,43.94,259.3,False
2024-01-19T22:27:00,19.83,41.43,328.2,False
2024-01-19T22:27:30,17.02,35.6,219.0,False
2024-01-19T22:28:00,32.64,45.92,412.6,False
2024-01-19T22:28:30,25.58,44.7,398.8,False
2024-01-19T22:29:00,24.37,43.06,278.2,False
2024-01-19T22:29:30,24.75,42.58,271.4,False
2024-01-19T22:30:00,19.58,36.35,170.2,False
2024-01-19T22:30:30,21.45,39.33,283.3,False
2024-01-19T22:31:00,29.02,44.49,347.4,False
2024-01-19T22:31:30,25.73,39.85,336.7,False
2024-01-19T22:32:00,21.42,42.14,327.0,False
2024-01-19T22:32:30,19.99,39.6,218.9,False
2024-01-19T22:33:00,22.09,36.93,351.5,False
2024-01-19T22:33:30,22.65,40.04,269.9,False
2024-01-19T22:34:00,29.7,44.13,352.2,False
2024-01-19T22:34:30,22.95,41.06,280.9,False
2024-01-19T22:35:00,19.91,42.64,228.4,False
2024-01-19T22:35:30,23.26,42.64,238.1,False
2024-01-19T22:36:00,24.19,39.22,301.9,False
2024-01-19T22:36:30,19.51,36.63,217.5,False
2024-01-19T22:37:00,24.52,41.58,287.4,False
2024-01-19T22:37:30,26.9,43.56,298.7,False
2024-01-19T22:38:00,23.65,43.67,274.7,False
2024-01-19T22:38:30,20.8,43.72,194.5,False
2024-01-19T22:39:00,21.57,44.22,145.9,False
2024-01-19T22:39:30,18.14,38.05,278.7,False
2024-01-19T22:40:00,22.68,43.07,326.4,False
2024-01-19T22:40:30,23.97,42.7,189.3,False
2024-01-19T22:41:00,20.31,37.84,279.2,False
2024-01-19T22:41:30,28.78,40.48,338.9,False
2024-01-19T22:42:00,25.3,42.81,249.4,False
2024-01-19T22:42:30,17.5,35.63,275.9,False
2024-01-19T22:43:00,17.52,36.93,285.7,False
2024-01-19T22:43:30,19.85,38.43,301.2,False
2024-01-19T22:44:00,27.48,44.06,389.6,False
2024-01-19T22:44:30,25.4,45.14,343.2,False
2024-01-19T22:45:00,27.55,43.68,287.2,False
2024-01-19T22:45:30,22.67,40.14,282.1,False
2024-01-19T22:46:00,21.98,36.73,291.2,False
2024-01-19T22:46:30,18.82,40.21,311.3,False
2024-01-19T22:47:00,44.9,52.39,749.2,False
2024-01-19T22:47:30,66.23,61.9,904.5,False
2024-01-19T22:48:00,87.55,76.0,1034.3,False
2024-01-19T22:48:30,87.13,71.07,1131.9,False
2024-01-19T22:49:00,85.71,71.38,1094.1,False
2024-01-19T22:49:30,86.53,72.67,1057.5,False
2024-01-19T22:50:00,87.87,72.71,1133.8,False
2024-01-19T22:50:30,87.89,74.94,1089.5,False
2024-01-19T22:51:00,87.24,74.45,1044.9,False
2024-01-19T22:51:30,88.68,76.34,1162.7,False
2024-01-19T22:52:00,88.91,75.36,1028.7,False
2024-01-19T22:52:30,87.49,73.41,1105.6,False
2024-01-19T22:53:00,87.81,73.13,1098.0,False
2024-01-19T22:53:30,87.1,74.37,1031.3,False
2024-01-19T22:54:00,88.18,73.62,1118.5,False
2024-01-19T22:54:30,86.36,73.18,1063.1,False
2024-01-19T22:55:00,89.35,75.61,1182.1,False
2024-01-19T22:55:30,65.54,62.96,964.5,False
2024-01-19T22:56:00,46.53,53.79,781.1,False
2024-01-19T22:56:30,23.9,40.28,491.6,False
2024-01-19T22:57:00,17.24,40.5,215.7,True
2024-01-19T22:57:30,18.83,36.38,225.3,True
2024-01-19T22:58:00,12.43,36.28,247.9,True
2024-01-19T22:58:30,15.84,36.13,233.8,True
2024-01-19T22:59:00,17.97,40.34,256.5,True
2024-01-19T22:59:30,19.93,40.92,300.1,True
2024-01-19T23:00:00,17.7,38.04,306.8,True
2024-01-19T23:00:30,20.69,42.65,323.9,True
2024-01-19T23:01:00,19.25,38.44,275.8,True
2024-01-19T23:01:30,15.96,38.94,216.8,True
2024-01-19T23:02:00,20.96,38.22,285.1,False
2024-01-19T23:02:30,22.57,41.29,279.2,False
2024-01-19T23:03:00,19.96,37.31,291.1,False
2024-01-19T23:03:30,25.86,42.17,284.2,False
2024-01-19T23:04:00,17.9,38.05,279.4,False
2024-01-19T23:04:30,22.14,42.03,279.0,False
2024-01-19T23:05:00,23.36,39.54,302.3,False
2024-01-19T23:05:30,20.18,45.44,213.6,False
2024-01-19T23:06:00,19.46,36.17,244.8,False
2024-01-19T23:06:30,20.81,40.08,284.4,False
2024-01-19T23:07:00,23.44,41.5,280.2,False
2024-01-19T23:07:30,19.47,40.02,161.9,False
2024-01-19T23:08:00,17.72,37.04,192.4,False
2024-01-19T23:08:30,24.35,41.87,308.4,False
2024-01-19T23:09:00,22.05,39.11,336.6,False
2024-01-19T23:09:30,23.84,44.88,281.4,False
2024-01-19T23:10:00,23.06,39.48,264.9,False
2024-01-19T23:10:30,27.29,42.57,360.4,False
2024-01-19T23:11:00,24.05,39.92,292.9,False
2024-01-19T23:11:30,18.5,36.87,277.7,False
2024-01-19T23:12:00,22.05,37.45,264.5,False
2024-01-19T23:12:30,18.93,40.03,235.2,False
2024-01-19T23:13:00,19.2,37.48,286.5,False
2024-01-19T23:13:30,16.29,35.78,257.2,False
2024-01-19T23:14:00,19.63,37.12,244.2,False
2024-01-19T23:14:30,22.09,40.88,231.7,False
2024-01-19T23:15:00,20.22,39.39,195.0,False
2024-01-19T23:15:30,17.08,37.83,175.2,False
2024-01-19T23:16:00,15.78,35.6,200.9,False
2024-01-19T23:16:30,26.64,43.43,325.8,False
2024-01-19T23:17:00,21.25,38.54,203.4,False
2024-01-19T23:17:30,17.76,38.26,178.1,False
2024-01-19T23:18:00,21.59,39.76,287.8,False
2024-01-19T23:18:30,26.73,39.23,376.6,False
2024-01-19T23:19:00,21.99,44.3,319.5,False
2024-01-19T23:19:30,11.73,36.26,120.2,False
2024-01-19T23:20:00,28.01,43.62,339.8,False
2024-01-19T23:20:30,14.47,37.16,254.0,False
2024-01-19T23:21:00,19.37,43.04,235.1,False
2024-01-19T23:21:30,16.55,39.8,222.9,False
2024-01-19T23:22:00,17.69,38.8,254.9,False
2024-01-19T23:22:30,20.73,38.21,285.4,False
2024-01-19T23:23:00,13.63,34.97,224.1,False
2024-01-19T23:23:30,19.54,35.42,285.3,False
2024-01-19T23:24:00,23.22,40.13,294.3,False
2024-01-19T23:24:30,17.21,39.19,212.6,False
2024-01-19T23:25:00,15.53,38.3,206.4,False
2024-01-19T23:25:30,19.25,40.12,222.8,False
2024-01-19T23:26:00,18.62,37.54,230.5,False
2024-01-19T23:26:30,17.81,39.28,265.0,False
2024-01-19T23:27:00,16.0,38.92,197.1,False
2024-01-19T23:27:30,21.09,35.36,311.5,False
2024-01-19T23:28:00,21.28,40.52,230.7,False
2024-01-19T23:28:30,16.26,41.57,238.2,False
2024-01-19T23:29:00,16.64,37.01,266.6,False
2024-01-19T23:29:30,19.8,34.13,276.3,False
2024-01-19T23:30:00,16.46,35.88,157.8,False
2024-01-19T23:30:30,19.86,35.58,264.2,False
2024-01-19T23:31:00,23.69,39.86,260.0,False
2024-01-19T23:31:30,19.07,36.37,199.7,False
2024-01-19T23:32:00,15.57,38.93,233.5,False
2024-01-19T23:32:30,20.36,41.02,212.9,False
2024-01-19T23:33:00,18.61,39.28,258.7,False
2024-01-19T23:33:30,18.66,41.07,307.5,False
2024-01-19T23:34:00,20.5,38.41,276.1,False
2024-01-19T23:34:30,21.12,40.0,259.6,False
2024-01-19T23:35:00,19.12,43.24,246.5,False
2024-01-19T23:35:30,18.79,39.86,286.9,False
2024-01-19T23:36:00,25.13,43.03,288.8,False
2024-01-19T23:36:30,22.51,39.02,261.5,False
2024-01-19T23:37:00,21.38,39.15,233.8,False
2024-01-19T23:37:30,19.23,36.91,218.1,False
2024-01-19T23:38:00,15.79,40.56,262.1,False
2024-01-19T23:38:30,22.16,37.26,257.8,False
2024-01-19T23:39:00,19.17,40.72,275.6,False
2024-01-19T23:39:30,16.98,38.96,261.2,False
2024-01-19T23:40:00,17.94,35.07,205.3,False
2024-01-19T23:40:30,15.74,39.46,194.1,False
2024-01-19T23:41:00,21.78,39.68,297.3,False
2024-01-19T23:41:30,20.62,36.98,270.6,False
2024-01-19T23:42:00,19.08,39.59,245.5,False
2024-01-19T23:42:30,18.38,36.86,265.5,False
2024-01-19T23:43:00,16.43,37.12,272.0,False
2024-01-19T23:43:30,12.05,34.33,194.8,False
2024-01-19T23:44:00,14.17,34.65,190.6,False
2024-01-19T23:44:30,16.15,35.02,233.9,False
2024-01-19T23:45:00,15.66,38.75,193.1,False
2024-01-19T23:45:30,19.18,39.56,259.1,False
2024-01-19T23:46:00,20.71,40.2,265.8,False
2024-01-19T23:46:30,17.86,37.53,210.2,False
2024-01-19T23:47:00,22.44,40.65,263.3,False
2024-01-19T23:47:30,15.83,35.77,213.7,False
2024-01-19T23:48:00,17.74,36.7,271.2,False
2024-01-19T23:48:30,17.96,41.73,208.7,False
2024-01-19T23:49:00,21.36,41.78,238.5,False
2024-01-19T23:49:30,18.37,37.4,232.0,False
2024-01-19T23:50:00,18.42,35.55,269.9,False
2024-01-19T23:50:30,13.02,32.45,233.3,False
2024-01-19T23:51:00,15.25,35.7,232.5,False
2024-01-19T23:51:30,21.21,40.16,298.3,False
2024-01-19T23:52:00,11.66,35.41,239.8,False
2024-01-19T23:52:30,21.89,40.58,281.4,False
2024-01-19T23:53:00,19.32,39.68,222.5,False
2024-01-19T23:53:30,15.55,35.05,221.3,False
2024-01-19T23:54:00,15.27,40.0,167.7,False
2024-01-19T23:54:30,23.42,40.67,303.1,False
2024-01-19T23:55:00,21.93,40.91,255.8,False
2024-01-19T23:55:30,17.31,36.7,243.0,False
2024-01-19T23:56:00,18.04,39.0,240.9,False
2024-01-19T23:56:30,15.67,41.34,210.0,False
2024-01-19T23:57:00,17.98,36.37,252.8,False
2024-01-19T23:57:30,15.52,34.89,219.2,False
2024-01-19T23:58:00,17.28,36.27,213.0,False
2024-01-19T23:58:30,22.91,40.15,239.4,False
2024-01-19T23:59:00,17.16,36.9,251.5,False
2024-01-19T23:59:30,14.27,34.42,165.9,False
2024-01-20T00:00:00,8.96,33.75,243.5,False
2024-01-20T00:00:30,13.41,39.2,258.8,False
2024-01-20T00:01:00,10.71,34.43,122.1,False
2024-01-20T00:01:30,13.71,36.03,234.7,False
2024-01-20T00:02:00,8.08,34.1,210.1,False
2024-01-20T00:02:30,14.98,38.16,196.4,False
2024-01-20T00:03:00,9.69,36.97,191.6,False
2024-01-20T00:03:30,12.98,36.35,198.9,False
2024-01-20T00:04:00,11.8,35.27,221.7,False
2024-01-20T00:04:30,17.94,36.37,225.7,False
2024-01-20T00:05:00,13.27,37.5,246.7,False
2024-01-20T00:05:30,18.56,36.98,242.7,False
2024-01-20T00:06:00,14.38,34.82,202.3,False
2024-01-20T00:06:30,16.94,38.24,261.5,False
2024-01-20T00:07:00,12.01,38.48,232.1,False
2024-01-20T00:07:30,13.64,37.66,115.7,False
2024-01-20T00:08:00,16.23,37.43,113.7,False
2024-01-20T00:08:30,15.26,35.06,235.7,False
2024-01-20T00:09:00,14.11,39.49,186.4,False
2024-01-20T00:09:30,11.5,35.03,139.2,False
2024-01-20T00:10:00,11.98,34.81,180.9,False
2024-01-20T00:10:30,15.84,38.43,343.2,False
2024-01-20T00:11:00,16.43,36.72,178.3,False
2024-01-20T00:11:30,10.59,33.19,220.1,False
2024-01-20T00:12:00,10.11,33.14,150.4,False
2024-01-20T00:12:30,9.6,32.88,118.7,False
2024-01-20T00:13:00,14.77,34.54,193.7,False
2024-01-20T00:13:30,9.46,31.66,118.8,False
2024-01-20T00:14:00,14.67,38.69,154.7,False
2024-01-20T00:14:30,13.83,37.66,181.6,False
2024-01-20T00:15:00,10.53,33.03,140.6,False
2024-01-20T00:15:30,16.83,39.6,228.8,False
2024-01-20T00:16:00,7.72,33.89,168.5,False
2024-01-20T00:16:30,17.06,37.3,204.9,False
2024-01-20T00:17:00,13.01,33.47,229.2,False
2024-01-20T00:17:30,5.8,33.0,119.8,False
2024-01-20T00:18:00,16.77,41.54,228.0,False
2024-01-20T00:18:30,14.88,36.89,132.3,False
2024-01-20T00:19:00,10.65,36.75,188.5,False
2024-01-20T00:19:30,9.01,33.51,262.2,False
2024-01-20T00:20:00,7.17,34.86,189.2,False
2024-01-20T00:20:30,19.1,38.68,245.9,False
2024-01-20T00:21:00,9.05,29.15,126.1,False
2024-01-20T00:21:30,8.01,31.99,229.3,False
2024-01-20T00:22:00,12.57,35.98,194.1,False
2024-01-20T00:22:30,6.83,35.01,127.7,False
2024-01-20T00:23:00,8.77,33.51,144.2,False
2024-01-20T00:23:30,14.67,36.83,300.3,False
2024-01-20T00:24:00,13.05,34.79,199.7,False
2024-01-20T00:24:30,10.47,37.8,201.8,False
2024-01-20T00:25:00,11.66,38.27,185.1,False
2024-01-20T00:25:30,10.25,33.22,179.4,False
2024-01-20T00:26:00,11.36,32.09,173.9,False
2024-01-20T00:26:30,9.24,30.45,230.8,False
2024-01-20T00:27:00,9.75,35.53,179.8,False
2024-01-20T00:27:30,9.64,34.54,120.8,False
2024-01-20T00:28:00,9.26,32.52,189.9,False
2024-01-20T00:28:30,14.55,37.27,211.8,False
2024-01-20T00:29:00,13.7,33.84,224.8,False
2024-01-20T00:29:30,8.56,35.33,155.2,False
2024-01-20T00:30:00,7.75,32.57,140.4,False
2024-01-20T00:30:30,10.84,32.71,222.4,False
2024-01-20T00:31:00,17.75,37.6,316.3,False
2024-01-20T00:31:30,8.17,32.74,91.0,False
2024-01-20T00:32:00,10.74,35.57,189.2,False
2024-01-20T00:32:30,11.47,37.53,170.1,False
2024-01-20T00:33:00,10.85,37.12,150.3,False
2024-01-20T00:33:30,9.77,34.67,91.9,False
2024-01-20T00:34:00,14.59,36.39,231.1,False
2024-01-20T00:34:30,12.46,34.56,180.3,False
2024-01-20T00:35:00,13.61,32.74,187.2,False
2024-01-20T00:35:30,12.81,35.84,250.6,False
2024-01-20T00:36:00,13.7,34.62,192.0,False
2024-01-20T00:36:30,15.75,39.79,206.7,False
2024-01-20T00:37:00,14.96,36.56,166.3,False
2024-01-20T00:37:30,17.92,39.93,207.0,False
2024-01-20T00:38:00,14.57,35.8,275.2,False
2024-01-20T00:38:30,8.88,32.57,195.5,False
2024-01-20T00:39:00,13.41,37.4,258.8,False
2024-01-20T00:39:30,12.97,36.53,170.2,False
2024-01-20T00:40:00,16.58,38.42,247.1,False
2024-01-20T00:40:30,7.89,33.25,205.0,False
2024-01-20T00:41:00,12.44,37.29,222.7,False
2024-01-20T00:41:30,8.7,35.13,232.8,False
2024-01-20T00:42:00,12.26,31.27,214.1,False
2024-01-20T00:42:30,10.05,34.0,180.3,False
2024-01-20T00:43:00,12.11,37.58,102.7,False
2024-01-20T00:43:30,6.41,30.67,168.0,False
2024-01-20T00:44:00,13.0,32.61,227.9,False
2024-01-20T00:44:30,11.21,34.83,235.6,False
2024-01-20T00:45:00,11.03,36.06,156.4,False
2024-01-20T00:45:30,16.4,36.78,229.8,False
2024-01-20T00:46:00,9.38,36.78,111.4,False
2024-01-20T00:46:30,11.53,38.96,127.7,False
2024-01-20T00:47:00,10.78,31.05,206.7,False
2024-01-20T00:47:30,11.05,34.26,239.0,False
2024-01-20T00:48:00,17.09,33.49,288.8,False
2024-01-20T00:48:30,10.59,36.13,202.3,False
2024-01-20T00:49:00,8.68,32.49,251.3,False
2024-01-20T00:49:30,15.97,36.55,212.1,False
2024-01-20T00:50:00,9.41,36.52,211.2,False
2024-01-20T00:50:30,5.49,29.61,91.2,False
2024-01-20T00:51:00,8.06,30.39,38.8,False
2024-01-20T00:51:30,6.52,28.23,132.9,False
2024-01-20T00:52:00,5.0,34.56,135.2,False
2024-01-20T00:52:30,9.13,36.17,182.4,False
2024-01-20T00:53:00,9.98,33.93,172.4,False
2024-01-20T00:53:30,13.71,33.83,224.2,False
2024-01-20T00:54:00,12.04,37.22,265.9,False
2024-01-20T00:54:30,11.88,40.98,224.5,False
2024-01-20T00:55:00,7.42,32.77,128.8,False
2024-01-20T00:55:30,12.73,33.5,101.4,False
2024-01-20T00:56:00,14.23,39.13,170.8,False
2024-01-20T00:56:30,11.22,32.88,243.5,False
2024-01-20T00:57:00,11.28,34.45,170.1,False
2024-01-20T00:57:30,6.2,27.36,176.7,False
2024-01-20T00:58:00,13.13,35.5,230.7,False
2024-01-20T00:58:30,15.29,34.63,220.1,False
2024-01-20T00:59:00,10.89,37.51,183.7,False
2024-01-20T00:59:30,8.12,31.65,138.4,False
2024-01-20T01:00:00,9.39,35.8,264.2,False
2024-01-20T01:00:30,8.6,33.64,130.5,False
2024-01-20T01:01:00,8.76,34.18,214.9,False
2024-01-20T01:01:30,11.76,36.48,227.3,False
2024-01-20T01:02:00,10.63,34.76,209.7,False
2024-01-20T01:02:30,12.78,34.65,197.5,False
2024-01-20T01:03:00,10.86,33.36,127.7,False
2024-01-20T01:03:30,7.14,34.14,111.2,False
2024-01-20T01:04:00,8.21,29.86,134.7,False
2024-01-20T01:04:30,8.0,36.92,178.8,False
2024-01-20T01:05:00,9.11,34.38,208.5,False
2024-01-20T01:05:30,15.03,36.4,232.8,False
2024-01-20T01:06:00,15.49,37.84,234.3,False
2024-01-20T01:06:30,12.11,34.44,238.6,False
2024-01-20T01:07:00,9.94,34.18,95.9,False
2024-01-20T01:07:30,5.48,30.05,55.5,False
2024-01-20T01:08:00,10.2,35.42,119.7,False
2024-01-20T01:08:30,7.15,32.99,194.2,False
2024-01-20T01:09:00,14.39,37.15,134.8,False
2024-01-20T01:09:30,5.0,35.04,139.6,False
2024-01-20T01:10:00,10.61,33.28,148.5,False
2024-01-20T01:10:30,6.82,32.73,160.7,False
2024-01-20T01:11:00,9.39,30.97,169.5,False
2024-01-20T01:11:30,11.4,36.38,201.2,False
2024-01-20T01:12:00,12.45,35.77,183.6,False
2024-01-20T01:12:30,9.18,34.21,201.7,False
2024-01-20T01:13:00,11.62,35.08,251.5,False
2024-01-20T01:13:30,7.33,32.1,209.3,False
2024-01-20T01:14:00,10.04,39.6,165.8,False
2024-01-20T01:14:30,12.29,35.81,163.7,False
2024-01-20T01:15:00,10.26,35.32,189.9,False
2024-01-20T01:15:30,7.66,31.14,240.3,False
2024-01-20T01:16:00,8.39,35.56,165.0,False
2024-01-20T01:16:30,12.25,35.48,231.6,False
2024-01-20T01:17:00,5.91,33.45,178.6,False
2024-01-20T01:17:30,6.33,34.57,181.6,False
2024-01-20T01:18:00,10.95,34.87,238.5,False
2024-01-20T01:18:30,7.81,32.16,109.8,False
2024-01-20T01:19:00,5.0,27.45,101.5,False
2024-01-20T01:19:30,13.15,35.4,207.1,False
2024-01-20T01:20:00,5.78,31.13,195.4,False
2024-01-20T01:20:30,8.46,31.55,216.8,False
2024-01-20T01:21:00,7.18,36.11,155.6,False
2024-01-20T01:21:30,8.13,35.64,204.9,False
2024-01-20T01:22:00,6.35,29.13,133.9,False
2024-01-20T01:22:30,11.13,35.49,156.0,False
2024-01-20T01:23:00,9.3,32.63,121.2,False
2024-01-20T01:23:30,11.9,36.3,189.7,False
2024-01-20T01:24:00,7.1,31.57,143.0,False
2024-01-20T01:24:30,15.31,36.2,262.6,False
2024-01-20T01:25:00,5.0,34.05,162.5,False
2024-01-20T01:25:30,5.0,33.76,142.2,False
2024-01-20T01:26:00,14.12,39.7,215.3,False
2024-01-20T01:26:30,10.26,34.33,165.3,False
2024-01-20T01:27:00,9.85,31.64,107.6,False
2024-01-20T01:27:30,10.1,36.52,133.5,False
2024-01-20T01:28:00,10.5,36.74,215.5,False
2024-01-20T01:28:30,9.67,35.73,171.8,False
2024-01-20T01:29:00,5.86,31.08,94.4,False
2024-01-20T01:29:30,11.19,33.09,244.2,False
2024-01-20T01:30:00,10.71,36.06,253.6,False
2024-01-20T01:30:30,12.99,34.36,252.1,False
2024-01-20T01:31:00,13.98,36.02,228.8,False
2024-01-20T01:31:30,9.66,40.29,188.8,False
2024-01-20T01:32:00,5.0,36.4,139.0,False
2024-01-20T01:32:30,13.96,38.21,218.2,False
2024-01-20T01:33:00,5.57,31.11,169.7,False
2024-01-20T01:33:30,9.62,33.01,205.3,False
2024-01-20T01:34:00,7.82,34.99,180.7,False
2024-01-20T01:34:30,7.28,36.29,27.2,False
2024-01-20T01:35:00,10.85,34.06,232.9,False
2024-01-20T01:35:30,9.28,33.38,182.2,False
2024-01-20T01:36:00,10.07,34.87,126.3,False
2024-01-20T01:36:30,6.07,29.91,156.5,False
2024-01-20T01:37:00,7.98,30.93,175.9,False
2024-01-20T01:37:30,6.17,30.4,86.6,False
2024-01-20T01:38:00,7.87,34.69,137.3,False
2024-01-20T01:38:30,8.1,34.26,120.5,False
2024-01-20T01:39:00,13.97,38.92,172.8,False
2024-01-20T01:39:30,7.64,30.01,184.0,False
2024-01-20T01:40:00,5.0,29.13,115.1,False
2024-01-20T01:40:30,12.58,36.87,204.3,False
2024-01-20T01:41:00,9.72,32.79,207.3,False
2024-01-20T01:41:30,7.97,32.06,146.4,False
2024-01-20T01:42:00,7.04,35.22,187.4,False
2024-01-20T01:42:30,5.49,31.32,198.1,False
2024-01-20T01:43:00,14.13,35.87,246.9,False
2024-01-20T01:43:30,8.46,33.41,191.7,False
2024-01-20T01:44:00,5.0,31.8,174.2,False
2024-01-20T01:44:30,9.26,35.68,189.9,False
2024-01-20T01:45:00,11.88,33.2,229.0,False
2024-01-20T01:45:30,8.72,33.67,122.8,False
2024-01-20T01:46:00,5.53,34.78,141.3,False
2024-01-20T01:46:30,5.25,36.58,157.7,False
2024-01-20T01:47:00,5.45,29.7,140.6,False
2024-01-20T01:47:30,12.76,36.73,302.2,False
2024-01-20T01:48:00,7.96,33.29,156.1,False
2024-01-20T01:48:30,5.0,32.0,68.7,False
2024-01-20T01:49:00,9.31,32.77,176.6,False
2024-01-20T01:49:30,8.56,35.49,201.6,False
2024-01-20T01:50:00,6.78,34.5,119.3,False
2024-01-20T01:50:30,5.05,37.27,138.9,False
2024-01-20T01:51:00,5.0,29.56,137.1,False
2024-01-20T01:51:30,11.35,31.88,188.4,False
2024-01-20T01:52:00,8.82,38.22,146.6,False
2024-01-20T01:52:30,9.5,34.35,219.9,False
2024-01-20T01:53:00,8.78,33.18,257.0,False
2024-01-20T01:53:30,9.02,34.59,138.6,False
2024-01-20T01:54:00,6.62,30.23,100.7,False
2024-01-20T01:54:30,7.39,34.16,141.7,False
2024-01-20T01:55:00,11.49,35.3,248.2,False
2024-01-20T01:55:30,12.23,37.98,187.5,False
2024-01-20T01:56:00,5.0,33.93,154.6,False
2024-01-20T01:56:30,7.34,35.27,122.2,False
2024-01-20T01:57:00,10.47,35.34,255.1,False
2024-01-20T01:57:30,13.59,39.72,196.9,False
2024-01-20T01:58:00,13.27,37.51,216.2,False
2024-01-20T01:58:30,5.53,31.42,112.4,False
2024-01-20T01:59:00,11.73,33.97,158.2,False
2024-01-20T01:59:30,8.07,32.37,164.4,False
2024-01-20T02:00:00,11.02,36.41,192.3,False
2024-01-20T02:00:30,10.24,32.18,216.4,False
2024-01-20T02:01:00,5.0,32.54,72.5,False
2024-01-20T02:01:30,9.5,32.82,137.9,False
2024-01-20T02:02:00,10.85,32.65,159.3,False
2024-01-20T02:02:30,7.77,31.44,166.9,False
2024-01-20T02:03:00,7.08,33.23,111.4,False
2024-01-20T02:03:30,5.0,33.77,136.2,False
2024-01-20T02:04:00,9.85,33.31,153.0,False
2024-01-20T02:04:30,8.41,29.79,161.9,False
2024-01-20T02:05:00,5.01,38.56,109.1,False
2024-01-20T02:05:30,6.79,35.37,113.8,False
2024-01-20T02:06:00,8.22,35.72,177.1,False
2024-01-20T02:06:30,6.07,36.04,193.1,False
2024-01-20T02:07:00,7.74,33.8,194.5,False
2024-01-20T02:07:30,5.0,31.98,184.5,False
2024-01-20T02:08:00,11.76,38.34,243.3,False
2024-01-20T02:08:30,7.75,36.33,155.6,False
2024-01-20T02:09:00,5.0,33.49,214.8,False
2024-01-20T02:09:30,5.0,34.02,170.2,False
2024-01-20T02:10:00,10.76,32.66,148.1,False
2024-01-20T02:10:30,9.34,33.91,148.0,False
2024-01-20T02:11:00,8.29,37.31,172.3,False
2024-01-20T02:11:30,10.24,36.49,217.1,False
2024-01-20T02:12:00,10.22,31.95,172.6,False
2024-01-20T02:12:30,8.21,32.81,126.9,False
2024-01-20T02:13:00,6.86,36.28,186.5,False
2024-01-20T02:13:30,6.36,33.86,106.2,False
2024-01-20T02:14:00,8.86,34.57,183.1,False
2024-01-20T02:14:30,11.78,36.09,196.0,False
2024-01-20T02:15:00,7.28,33.24,104.5,False
2024-01-20T02:15:30,12.01,34.73,267.1,False
2024-01-20T02:16:00,8.69,32.45,170.2,False
2024-01-20T02:16:30,8.7,36.15,122.2,False
2024-01-20T02:17:00,14.77,37.64,220.1,False
2024-01-20T02:17:30,12.5,37.45,130.8,False
2024-01-20T02:18:00,12.57,37.16,215.0,False
2024-01-20T02:18:30,5.13,35.17,175.5,False
2024-01-20T02:19:00,14.1,37.74,320.8,False
2024-01-20T02:19:30,7.27,35.07,162.0,False
2024-01-20T02:20:00,6.82,33.53,128.2,False
2024-01-20T02:20:30,5.0,30.39,148.3,False
2024-01-20T02:21:00,8.47,33.57,225.4,False
2024-01-20T02:21:30,5.0,33.47,160.0,False
2024-01-20T02:22:00,8.7,35.5,202.9,False
2024-01-20T02:22:30,5.0,35.2,170.4,False
2024-01-20T02:23:00,12.85,35.3,223.1,False
2024-01-20T02:23:30,9.11,34.8,116.8,False
2024-01-20T02:24:00,14.29,36.68,156.0,False
2024-01-20T02:24:30,5.0,35.55,76.8,False
2024-01-20T02:25:00,12.08,36.6,148.7,False
2024-01-20T02:25:30,5.0,33.1,96.7,False
2024-01-20T02:26:00,8.04,33.76,238.7,False
2024-01-20T02:26:30,5.52,32.12,115.9,False
2024-01-20T02:27:00,6.06,29.94,152.5,False
2024-01-20T02:27:30,5.85,30.21,137.1,False
2024-01-20T02:28:00,5.0,32.67,147.7,False
2024-01-20T02:28:30,5.0,32.42,142.8,False
2024-01-20T02:29:00,6.06,33.21,98.2,False
2024-01-20T02:29:30,7.73,35.56,185.7,False
2024-01-20T02:30:00,10.86,35.44,159.7,False
2024-01-20T02:30:30,8.25,33.25,137.5,False
2024-01-20T02:31:00,10.86,34.83,174.6,False
2024-01-20T02:31:30,5.0,32.81,172.4,False
2024-01-20T02:32:00,6.05,32.09,123.4,False
2024-01-20T02:32:30,9.48,36.69,179.5,False
2024-01-20T02:33:00,8.37,33.99,183.1,False
2024-01-20T02:33:30,5.0,32.83,150.3,False
2024-01-20T02:34:00,10.13,33.26,189.1,False
2024-01-20T02:34:30,5.73,34.83,89.7,False
2024-01-20T02:35:00,29.98,47.7,644.9,False
2024-01-20T02:35:30,54.97,54.59,803.1,False
2024-01-20T02:36:00,79.96,70.62,969.3,False
2024-01-20T02:36:30,81.1,70.17,1030.3,False
2024-01-20T02:37:00,78.76,69.79,1009.3,False
2024-01-20T02:37:30,79.17,70.33,1151.7,False
2024-01-20T02:38:00,80.38,65.56,1082.1,False
2024-01-20T02:38:30,79.62,71.17,1068.3,False
2024-01-20T02:39:00,80.5,72.32,1027.7,False
2024-01-20T02:39:30,79.6,72.09,1029.4,False
2024-01-20T02:40:00,81.48,68.7,1154.7,False
2024-01-20T02:40:30,79.96,69.77,1014.3,False
2024-01-20T02:41:00,82.38,69.96,1069.2,False
2024-01-20T02:41:30,80.56,66.3,1118.1,False
2024-01-20T02:42:00,78.61,67.92,999.9,False
2024-01-20T02:42:30,82.04,68.71,1062.3,False
2024-01-20T02:43:00,81.06,71.05,1047.7,False
2024-01-20T02:43:30,56.69,54.94,818.0,False
2024-01-20T02:44:00,35.91,45.86,718.3,False
2024-01-20T02:44:30,5.0,31.32,395.4,False
2024-01-20T02:45:00,9.63,35.49,208.1,True
2024-01-20T02:45:30,9.61,39.5,194.1,True
2024-01-20T02:46:00,5.23,32.36,177.8,True
2024-01-20T02:46:30,6.92,30.54,147.6,True
2024-01-20T02:47:00,8.76,32.16,185.7,True
2024-01-20T02:47:30,5.64,33.28,186.2,True
2024-01-20T02:48:00,5.46,29.18,87.3,True
2024-01-20T02:48:30,5.0,33.84,91.7,True
2024-01-20T02:49:00,5.0,32.19,163.3,True
2024-01-20T02:49:30,5.95,31.87,180.5,True
2024-01-20T02:50:00,5.09,28.32,146.1,False
2024-01-20T02:50:30,5.0,33.49,176.8,False
2024-01-20T02:51:00,8.48,31.87,153.4,False
2024-01-20T02:51:30,5.0,31.96,190.7,False
2024-01-20T02:52:00,9.63,33.66,174.1,False
2024-01-20T02:52:30,8.66,30.32,138.1,False
2024-01-20T02:53:00,6.01,31.7,205.1,False
2024-01-20T02:53:30,7.02,30.25,189.2,False
2024-01-20T02:54:00,5.0,30.36,122.0,False
2024-01-20T02:54:30,9.46,34.76,158.4,False
2024-01-20T02:55:00,7.77,34.45,186.2,False
2024-01-20T02:55:30,7.99,33.12,123.9,False
2024-01-20T02:56:00,8.71,31.75,182.5,False
2024-01-20T02:56:30,5.28,30.51,135.5,False
2024-01-20T02:57:00,5.0,30.34,148.6,False
2024-01-20T02:57:30,10.07,29.93,99.7,False
2024-01-20T02:58:00,9.27,33.95,137.9,False
2024-01-20T02:58:30,5.59,28.64,154.9,False
2024-01-20T02:59:00,8.43,33.54,209.5,False
2024-01-20T02:59:30,10.97,31.75,182.6,False
2024-01-20T03:00:00,10.62,32.07,213.8,False
2024-01-20T03:00:30,5.51,33.27,84.8,False
2024-01-20T03:01:00,5.0,31.73,122.1,False
2024-01-20T03:01:30,5.0,27.91,151.2,False
2024-01-20T03:02:00,6.27,31.2,147.6,False
2024-01-20T03:02:30,11.59,35.5,223.2,False
2024-01-20T03:03:00,5.02,30.46,129.9,False
2024-01-20T03:03:30,5.41,31.21,133.4,False
2024-01-20T03:04:00,5.35,32.35,169.0,False
2024-01-20T03:04:30,5.61,32.09,123.4,False
2024-01-20T03:05:00,7.17,30.79,121.1,False
2024-01-20T03:05:30,5.0,31.74,158.6,False
2024-01-20T03:06:00,10.46,33.85,145.1,False
2024-01-20T03:06:30,6.77,36.03,210.9,False
2024-01-20T03:07:00,14.65,36.32,143.5,False
2024-01-20T03:07:30,5.0,31.97,128.1,False
2024-01-20T03:08:00,11.98,35.71,260.9,False
2024-01-20T03:08:30,11.39,34.25,270.1,False
2024-01-20T03:09:00,5.98,30.76,144.2,False
2024-01-20T03:09:30,6.03,33.14,192.4,False
2024-01-20T03:10:00,5.0,32.64,171.0,False
2024-01-20T03:10:30,5.0,35.88,120.3,False
2024-01-20T03:11:00,7.22,34.31,176.5,False
2024-01-20T03:11:30,7.29,34.38,123.8,False
2024-01-20T03:12:00,5.0,33.15,77.5,False
2024-01-20T03:12:30,14.11,34.89,233.1,False
2024-01-20T03:13:00,6.45,29.93,174.2,False
2024-01-20T03:13:30,7.43,30.93,112.0,False
2024-01-20T03:14:00,5.36,33.28,137.2,False
2024-01-20T03:14:30,6.44,35.28,104.1,False
2024-01-20T03:15:00,6.17,33.78,130.9,False
2024-01-20T03:15:30,7.24,32.51,140.4,False
2024-01-20T03:16:00,7.21,36.18,187.3,False
2024-01-20T03:16:30,9.67,33.17,157.3,False
2024-01-20T03:17:00,7.94,30.9,113.0,False
2024-01-20T03:17:30,9.37,34.42,243.6,False
2024-01-20T03:18:00,7.23,35.43,177.7,False
2024-01-20T03:18:30,7.96,31.53,199.5,False
2024-01-20T03:19:00,6.55,29.1,176.7,False
2024-01-20T03:19:30,10.28,34.45,219.9,False
2024-01-20T03:20:00,8.24,34.9,183.4,False
2024-01-20T03:20:30,6.81,26.71,173.1,False
2024-01-20T03:21:00,6.72,34.56,158.9,False
2024-01-20T03:21:30,6.96,29.99,138.1,False
2024-01-20T03:22:00,7.38,34.39,194.5,False
2024-01-20T03:22:30,7.13,28.82,146.4,False
2024-01-20T03:23:00,5.62,29.11,149.7,False
2024-01-20T03:23:30,9.6,35.29,191.6,False
2024-01-20T03:24:00,9.79,36.58,196.5,False
2024-01-20T03:24:30,12.67,35.57,160.8,False
2024-01-20T03:25:00,5.51,36.8,152.1,False
2024-01-20T03:25:30,9.32,31.87,133.8,False
2024-01-20T03:26:00,5.0,29.69,147.1,False
2024-01-20T03:26:30,9.82,33.56,209.8,False
2024-01-20T03:27:00,5.0,31.06,212.0,False
2024-01-20T03:27:30,5.0,32.33,163.1,False
2024-01-20T03:28:00,8.35,31.95,201.3,False
2024-01-20T03:28:30,5.49,33.14,100.4,False
2024-01-20T03:29:00,5.09,32.9,162.2,False
2024-01-20T03:29:30,5.91,35.45,102.7,False
2024-01-20T03:30:00,9.56,33.07,224.6,False
2024-01-20T03:30:30,5.0,32.44,97.4,False
2024-01-20T03:31:00,7.22,34.09,118.7,False
2024-01-20T03:31:30,6.25,32.39,180.2,False
2024-01-20T03:32:00,9.85,33.78,246.0,False
2024-01-20T03:32:30,9.95,30.12,221.9,False
2024-01-20T03:33:00,5.0,31.94,125.8,False
2024-01-20T03:33:30,10.55,35.74,144.8,False
2024-01-20T03:34:00,5.59,31.96,127.6,False
2024-01-20T03:34:30,8.14,31.79,170.1,False
2024-01-20T03:35:00,5.0,28.42,136.9,False
2024-01-20T03:35:30,8.55,34.47,127.3,False
2024-01-20T03:36:00,15.1,36.9,272.3,False
2024-01-20T03:36:30,7.84,35.99,215.0,False
2024-01-20T03:37:00,6.08,29.43,224.0,False
2024-01-20T03:37:30,6.77,31.74,87.8,False
2024-01-20T03:38:00,5.0,29.15,107.7,False
2024-01-20T03:38:30,11.83,37.26,204.7,False
2024-01-20T03:39:00,8.43,35.99,167.6,False
2024-01-20T03:39:30,5.0,35.64,122.0,False
2024-01-20T03:40:00,5.0,32.84,105.8,False
2024-01-20T03:40:30,7.56,34.66,120.6,False
2024-01-20T03:41:00,10.32,35.33,263.6,False
2024-01-20T03:41:30,5.0,32.95,82.9,False
2024-01-20T03:42:00,10.88,34.84,124.7,False
2024-01-20T03:42:30,7.27,34.18,110.6,False
2024-01-20T03:43:00,5.0,36.09,147.7,False
2024-01-20T03:43:30,6.16,32.82,138.3,False
2024-01-20T03:44:00,12.81,35.77,219.1,False
2024-01-20T03:44:30,5.0,32.21,111.7,False
2024-01-20T03:45:00,5.39,31.71,146.6,False
2024-01-20T03:45:30,10.45,35.03,187.0,False
2024-01-20T03:46:00,8.25,33.08,229.0,False
2024-01-20T03:46:30,5.24,34.22,213.1,False
2024-01-20T03:47:00,10.51,36.66,178.1,False
2024-01-20T03:47:30,10.67,38.99,219.5,False
2024-01-20T03:48:00,8.63,33.59,175.5,False
2024-01-20T03:48:30,5.81,32.81,177.3,False
2024-01-20T03:49:00,6.28,32.96,165.6,False
2024-01-20T03:49:30,8.52,33.99,197.6,False
2024-01-20T03:50:00,5.0,34.09,174.1,False
2024-01-20T03:50:30,11.67,31.91,210.3,False
2024-01-20T03:51:00,12.79,36.65,207.8,False
2024-01-20T03:51:30,7.0,36.82,197.7,False
2024-01-20T03:52:00,8.78,36.45,164.9,False
2024-01-20T03:52:30,11.28,37.47,167.2,False
2024-01-20T03:53:00,13.6,37.82,146.6,False
2024-01-20T03:53:30,12.41,34.35,216.3,False
2024-01-20T03:54:00,5.0,30.34,167.7,False
2024-01-20T03:54:30,6.82,31.27,85.6,False
2024-01-20T03:55:00,9.28,31.7,149.7,False
2024-01-20T03:55:30,6.3,34.39,180.5,False
2024-01-20T03:56:00,13.14,38.85,199.4,False
2024-01-20T03:56:30,12.69,36.56,203.8,False
2024-01-20T03:57:00,5.37,33.64,179.5,False
2024-01-20T03:57:30,7.34,33.61,154.4,False
2024-01-20T03:58:00,5.59,33.28,160.1,False
2024-01-20T03:58:30,7.26,28.75,114.9,False
2024-01-20T03:59:00,7.18,33.58,171.5,False
2024-01-20T03:59:30,10.73,33.87,132.3,False
2024-01-20T04:00:00,5.22,31.89,89.9,False
2024-01-20T04:00:30,5.0,32.31,119.9,False
2024-01-20T04:01:00,5.0,30.43,162.0,False
2024-01-20T04:01:30,5.0,29.71,142.1,False
2024-01-20T04:02:00,5.96,30.85,116.1,False
2024-01-20T04:02:30,8.5,30.72,203.1,False
2024-01-20T04:03:00,5.0,29.56,152.8,False
2024-01-20T04:03:30,5.0,29.83,181.8,False
2024-01-20T04:04:00,5.19,29.09,105.9,False
2024-01-20T04:04:30,5.0,32.93,197.4,False
2024-01-20T04:05:00,6.34,30.74,214.0,False
2024-01-20T04:05:30,6.22,28.76,186.2,False
2024-01-20T04:06:00,10.09,33.62,200.2,False
2024-01-20T04:06:30,5.07,29.69,160.4,False
2024-01-20T04:07:00,6.98,35.79,169.0,False
2024-01-20T04:07:30,6.43,32.86,96.5,False
2024-01-20T04:08:00,10.5,31.69,160.1,False
2024-01-20T04:08:30,7.62,34.33,156.8,False
2024-01-20T04:09:00,11.25,35.18,148.8,False
2024-01-20T04:09:30,5.0,31.41,197.4,False
2024-01-20T04:10:00,7.98,36.53,183.8,False
2024-01-20T04:10:30,6.41,30.64,222.6,False
2024-01-20T04:11:00,5.0,33.96,171.6,False
2024-01-20T04:11:30,7.96,32.56,107.8,False
2024-01-20T04:12:00,13.38,36.05,259.3,False
2024-01-20T04:12:30,5.63,30.71,127.0,False
2024-01-20T04:13:00,7.82,31.94,217.2,False
2024-01-20T04:13:30,5.0,31.03,200.3,False
2024-01-20T04:14:00,5.0,28.1,194.1,False
2024-01-20T04:14:30,5.89,33.04,190.0,False
2024-01-20T04:15:00,6.91,33.09,172.6,False
2024-01-20T04:15:30,7.06,29.94,156.1,False
2024-01-20T04:16:00,7.61,34.53,236.3,False
2024-01-20T04:16:30,5.0,34.82,150.9,False
2024-01-20T04:17:00,6.44,31.3,136.1,False
2024-01-20T04:17:30,9.84,32.76,196.4,False
2024-01-20T04:18:00,5.0,34.14,186.0,False
2024-01-20T04:18:30,7.3,33.87,202.9,False
2024-01-20T04:19:00,9.26,33.77,130.6,False
2024-01-20T04:19:30,6.05,34.07,191.6,False
2024-01-20T04:20:00,9.43,34.68,203.0,False
2024-01-20T04:20:30,5.0,34.78,126.2,False
2024-01-20T04:21:00,11.1,34.94,155.8,False
2024-01-20T04:21:30,9.55,35.05,233.6,False
2024-01-20T04:22:00,8.63,35.94,230.2,False
2024-01-20T04:22:30,11.86,30.46,257.6,False
2024-01-20T04:23:00,7.51,35.45,107.8,False
2024-01-20T04:23:30,6.66,31.75,144.9,False
2024-01-20T04:24:00,12.65,36.75,203.5,False
2024-01-20T04:24:30,14.07,39.79,272.6,False
2024-01-20T04:25:00,6.48,32.06,184.1,False
2024-01-20T04:25:30,8.24,32.64,156.9,False
2024-01-20T04:26:00,11.73,35.19,200.3,False
2024-01-20T04:26:30,8.37,30.72,195.5,False
2024-01-20T04:27:00,10.41,39.04,213.2,False
2024-01-20T04:27:30,10.98,34.85,255.1,False
2024-01-20T04:28:00,6.97,36.22,214.0,False
2024-01-20T04:28:30,9.93,33.74,229.3,False
2024-01-20T04:29:00,8.67,33.85,138.8,False
2024-01-20T04:29:30,5.06,33.86,112.3,False
2024-01-20T04:30:00,5.75,30.12,106.4,False
2024-01-20T04:30:30,6.78,32.64,171.2,False
2024-01-20T04:31:00,11.54,37.04,173.6,False
2024-01-20T04:31:30,11.66,34.86,217.1,False
2024-01-20T04:32:00,11.04,34.01,217.9,False
2024-01-20T04:32:30,10.13,36.75,190.9,False
2024-01-20T04:33:00,10.06,37.29,216.8,False
2024-01-20T04:33:30,9.67,37.42,152.8,False
2024-01-20T04:34:00,10.08,33.15,122.7,False
2024-01-20T04:34:30,10.3,33.45,155.4,False
2024-01-20T04:35:00,5.0,31.02,174.7,False
2024-01-20T04:35:30,6.54,34.17,227.2,False
2024-01-20T04:36:00,5.84,29.99,207.2,False
2024-01-20T04:36:30,12.27,33.32,191.5,False
2024-01-20T04:37:00,13.93,35.0,251.2,False
2024-01-20T04:37:30,5.0,30.09,85.9,False
2024-01-20T04:38:00,13.7,38.09,272.9,False
2024-01-20T04:38:30,9.28,35.75,196.8,False
2024-01-20T04:39:00,12.08,34.55,229.8,False
2024-01-20T04:39:30,10.58,34.38,109.7,False
2024-01-20T04:40:00,13.4,31.1,227.4,False
2024-01-20T04:40:30,9.72,33.43,253.3,False
2024-01-20T04:41:00,5.02,34.48,153.8,False
2024-01-20T04:41:30,8.81,32.87,168.7,False
2024-01-20T04:42:00,10.7,32.65,177.2,False
2024-01-20T04:42:30,8.52,36.5,141.3,False
2024-01-20T04:43:00,11.16,32.84,194.8,False
2024-01-20T04:43:30,9.01,37.09,125.4,False
2024-01-20T04:44:00,7.44,38.99,179.5,False
2024-01-20T04:44:30,5.99,32.27,194.3,False
2024-01-20T04:45:00,8.09,36.02,149.5,False
2024-01-20T04:45:30,9.9,31.11,196.5,False
2024-01-20T04:46:00,5.0,28.57,139.4,False
2024-01-20T04:46:30,6.98,31.4,173.6,False
2024-01-20T04:47:00,5.0,33.64,178.4,False
2024-01-20T04:47:30,7.51,33.26,178.7,False
2024-01-20T04:48:00,12.97,35.62,240.2,False
2024-01-20T04:48:30,5.84,29.84,169.6,False
2024-01-20T04:49:00,11.53,35.02,228.8,False
2024-01-20T04:49:30,17.99,37.21,258.5,False
2024-01-20T04:50:00,13.82,34.57,225.8,False
2024-01-20T04:50:30,9.88,32.44,208.7,False
2024-01-20T04:51:00,12.08,35.93,195.7,False
2024-01-20T04:51:30,5.41,30.78,163.3,False
2024-01-20T04:52:00,5.0,32.0,106.3,False
2024-01-20T04:52:30,9.65,30.8,106.7,False
2024-01-20T04:53:00,10.78,35.91,191.9,False
2024-01-20T04:53:30,12.89,36.44,173.1,False
2024-01-20T04:54:00,7.92,33.02,242.5,False
2024-01-20T04:54:30,10.23,34.96,151.7,False
2024-01-20T04:55:00,10.14,36.46,213.6,False
2024-01-20T04:55:30,9.29,31.27,147.8,False
2024-01-20T04:56:00,9.49,34.41,176.8,False
2024-01-20T04:56:30,7.17,30.5,114.4,False
2024-01-20T04:57:00,10.59,35.0,138.1,False
2024-01-20T04:57:30,10.36,34.19,196.1,False
2024-01-20T04:58:00,8.47,33.72,153.7,False
2024-01-20T04:58:30,11.81,37.14,225.9,False
2024-01-20T04:59:00,12.92,37.63,255.0,False
2024-01-20T04:59:30,11.89,37.66,133.1,False
2024-01-20T05:00:00,6.75,32.12,197.7,False
2024-01-20T05:00:30,10.2,36.05,143.2,False
2024-01-20T05:01:00,7.19,34.15,144.2,False
2024-01-20T05:01:30,10.24,33.92,125.8,False
2024-01-20T05:02:00,7.25,33.4,103.1,False
2024-01-20T05:02:30,13.82,36.19,132.8,False
2024-01-20T05:03:00,12.36,38.52,182.7,False
2024-01-20T05:03:30,13.49,37.92,210.4,False
2024-01-20T05:04:00,13.21,35.48,190.8,False
2024-01-20T05:04:30,9.27,33.37,102.5,False
2024-01-20T05:05:00,8.83,35.88,92.3,False
2024-01-20T05:05:30,15.35,39.91,223.2,False
2024-01-20T05:06:00,9.65,35.01,208.8,False
2024-01-20T05:06:30,6.11,33.93,158.8,False
2024-01-20T05:07:00,13.22,38.77,280.4,False
2024-01-20T05:07:30,10.65,34.54,183.7,False
2024-01-20T05:08:00,14.76,37.11,230.7,False
2024-01-20T05:08:30,10.99,36.03,187.1,False
2024-01-20T05:09:00,10.23,33.82,150.5,False
2024-01-20T05:09:30,14.89,40.41,212.5,False
2024-01-20T05:10:00,5.72,31.55,179.3,False
2024-01-20T05:10:30,8.6,33.99,203.9,False
2024-01-20T05:11:00,7.72,37.26,176.0,False
2024-01-20T05:11:30,5.0,28.35,203.3,False
2024-01-20T05:12:00,13.05,36.53,222.7,False
2024-01-20T05:12:30,8.78,32.64,183.3,False
2024-01-20T05:13:00,13.19,36.17,265.6,False
2024-01-20T05:13:30,11.67,33.0,164.7,False
2024-01-20T05:14:00,12.34,35.01,255.9,False
2024-01-20T05:14:30,9.18,34.22,134.5,False
2024-01-20T05:15:00,8.28,34.2,155.6,False
2024-01-20T05:15:30,10.86,36.81,113.5,False
2024-01-20T05:16:00,13.38,31.63,217.1,False
2024-01-20T05:16:30,10.49,34.58,237.0,False
2024-01-20T05:17:00,8.56,33.52,131.0,False
2024-01-20T05:17:30,7.1,33.01,145.5,False
2024-01-20T05:18:00,11.33,35.32,181.8,False
2024-01-20T05:18:30,9.08,32.47,164.0,False
2024-01-20T05:19:00,10.55,31.78,142.5,False
2024-01-20T05:19:30,10.08,35.07,182.1,False
2024-01-20T05:20:00,9.48,32.35,238.7,False
2024-01-20T05:20:30,11.72,36.27,173.8,False
2024-01-20T05:21:00,12.53,33.99,209.5,False
2024-01-20T05:21:30,16.79,39.38,243.2,False
2024-01-20T05:22:00,13.19,36.09,189.7,False
2024-01-20T05:22:30,15.72,37.5,236.9,False
2024-01-20T05:23:00,8.51,33.37,152.9,False
2024-01-20T05:23:30,6.19,31.89,166.2,False
2024-01-20T05:24:00,10.98,34.63,185.0,False
2024-01-20T05:24:30,13.62,38.79,152.7,False
2024-01-20T05:25:00,13.18,33.13,133.4,False
2024-01-20T05:25:30,14.73,35.68,132.3,False
2024-01-20T05:26:00,5.0,34.23,123.6,False
2024-01-20T05:26:30,14.91,38.71,252.5,False
2024-01-20T05:27:00,12.18,38.4,168.3,False
2024-01-20T05:27:30,6.57,32.79,142.7,False
2024-01-20T05:28:00,13.4,33.69,181.0,False
2024-01-20T05:28:30,11.76,33.29,160.7,False
2024-01-20T05:29:00,12.42,35.24,287.5,False
2024-01-20T05:29:30,14.3,38.3,182.5,False
2024-01-20T05:30:00,12.62,35.43,146.9,False
2024-01-20T05:30:30,6.94,32.44,119.7,False
2024-01-20T05:31:00,10.96,35.9,190.7,False
2024-01-20T05:31:30,6.56,32.97,129.5,False
2024-01-20T05:32:00,13.39,35.45,218.5,False
2024-01-20T05:32:30,15.66,35.46,196.1,False
2024-01-20T05:33:00,7.77,35.42,138.6,False
2024-01-20T05:33:30,9.51,36.49,147.8,False
2024-01-20T05:34:00,8.9,31.98,167.6,False
2024-01-20T05:34:30,10.21,33.94,210.3,False
2024-01-20T05:35:00,12.84,37.4,235.5,False
2024-01-20T05:35:30,10.3,32.52,238.7,False
2024-01-20T05:36:00,13.62,37.18,156.4,False
2024-01-20T05:36:30,14.88,36.44,177.5,False
2024-01-20T05:37:00,15.02,34.72,183.4,False
2024-01-20T05:37:30,8.39,37.4,167.0,False
2024-01-20T05:38:00,15.93,36.93,184.3,False
2024-01-20T05:38:30,16.19,38.8,202.0,False
2024-01-20T05:39:00,16.48,35.65,259.2,False
2024-01-20T05:39:30,11.38,38.45,233.8,False
2024-01-20T05:40:00,9.62,38.37,204.7,False
2024-01-20T05:40:30,8.96,31.13,184.5,False
2024-01-20T05:41:00,8.63,33.65,142.5,False
2024-01-20T05:41:30,12.0,38.32,196.8,False
2024-01-20T05:42:00,14.54,36.0,261.9,False
2024-01-20T05:42:30,15.94,38.45,254.0,False
2024-01-20T05:43:00,10.59,31.6,220.1,False
2024-01-20T05:43:30,11.96,34.07,233.7,False
2024-01-20T05:44:00,11.79,36.18,181.2,False
2024-01-20T05:44:30,10.23,33.61,207.2,False
2024-01-20T05:45:00,14.37,36.14,199.8,False
2024-01-20T05:45:30,13.28,33.28,230.1,False
2024-01-20T05:46:00,12.65,37.31,250.2,False
2024-01-20T05:46:30,13.33,33.66,268.8,False
2024-01-20T05:47:00,14.13,39.82,236.8,False
2024-01-20T05:47:30,14.12,35.38,228.8,False
2024-01-20T05:48:00,9.82,36.19,234.1,False
2024-01-20T05:48:30,15.06,38.62,185.9,False
2024-01-20T05:49:00,13.16,34.3,263.1,False
2024-01-20T05:49:30,11.12,34.1,194.2,False
2024-01-20T05:50:00,13.16,35.35,210.8,False
2024-01-20T05:50:30,13.52,35.67,190.1,False
2024-01-20T05:51:00,15.76,34.98,179.1,False
2024-01-20T05:51:30,9.41,35.46,234.1,False
2024-01-20T05:52:00,16.55,36.59,248.5,False
2024-01-20T05:52:30,12.67,35.8,186.6,False
2024-01-20T05:53:00,11.11,37.27,202.9,False
2024-01-20T05:53:30,11.05,36.37,175.0,False
2024-01-20T05:54:00,9.69,33.3,109.3,False
2024-01-20T05:54:30,7.5,35.53,152.9,False
2024-01-20T05:55:00,14.79,38.43,162.0,False
2024-01-20T05:55:30,18.73,37.66,259.3,False
2024-01-20T05:56:00,7.96,32.66,227.1,False
2024-01-20T05:56:30,9.99,36.71,154.3,False
2024-01-20T05:57:00,15.13,38.83,252.7,False
2024-01-20T05:57:30,12.77,33.09,176.5,False
2024-01-20T05:58:00,15.44,35.42,222.7,False
2024-01-20T05:58:30,12.66,37.44,166.2,False
2024-01-20T05:59:00,11.25,32.99,214.8,False
2024-01-20T05:59:30,12.35,37.5,252.7,False
2024-01-20T06:00:00,5.91,36.55,155.0,False
2024-01-20T06:00:30,9.66,35.3,198.7,False
2024-01-20T06:01:00,15.97,35.86,249.1,False
2024-01-20T06:01:30,16.73,38.44,223.9,False
2024-01-20T06:02:00,17.4,40.49,291.5,False
2024-01-20T06:02:30,14.54,37.19,195.6,False
2024-01-20T06:03:00,6.48,33.93,88.9,False
2024-01-20T06:03:30,11.37,33.82,154.1,False
2024-01-20T06:04:00,17.28,36.92,262.9,False
2024-01-20T06:04:30,18.21,40.65,230.2,False
2024-01-20T06:05:00,17.46,37.04,243.4,False
2024-01-20T06:05:30,12.69,30.91,192.0,False
2024-01-20T06:06:00,9.51,33.88,183.3,False
2024-01-20T06:06:30,13.34,37.04,250.5,False
2024-01-20T06:07:00,13.54,38.63,269.4,False
2024-01-20T06:07:30,18.23,42.15,207.0,False
2024-01-20T06:08:00,14.24,37.03,251.2,False
2024-01-20T06:08:30,13.64,37.88,217.0,False
2024-01-20T06:09:00,13.85,36.91,161.8,False
2024-01-20T06:09:30,14.86,37.88,238.6,False
2024-01-20T06:10:00,15.57,37.16,298.5,False
2024-01-20T06:10:30,11.55,36.3,162.9,False
2024-01-20T06:11:00,10.58,33.58,175.5,False
2024-01-20T06:11:30,17.9,42.66,178.9,False
2024-01-20T06:12:00,8.89,29.42,166.5,False
2024-01-20T06:12:30,18.76,40.28,256.5,False
2024-01-20T06:13:00,8.15,34.47,244.2,False
2024-01-20T06:13:30,12.16,36.58,159.9,False
2024-01-20T06:14:00,16.86,35.83,273.5,False
2024-01-20T06:14:30,13.98,33.4,223.9,False
2024-01-20T06:15:00,10.06,36.01,269.9,False
2024-01-20T06:15:30,15.33,40.11,229.6,False
2024-01-20T06:16:00,14.28,37.35,212.2,False
2024-01-20T06:16:30,13.46,38.11,241.6,False
2024-01-20T06:17:00,12.27,34.99,217.7,False
2024-01-20T06:17:30,14.07,37.47,250.0,False
2024-01-20T06:18:00,12.47,38.46,222.2,False
2024-01-20T06:18:30,21.55,39.92,213.4,False
2024-01-20T06:19:00,13.56,38.93,229.3,False
2024-01-20T06:19:30,13.19,33.1,225.5,False
2024-01-20T06:20:00,12.72,34.91,172.2,False
2024-01-20T06:20:30,19.71,40.73,269.3,False
2024-01-20T06:21:00,9.49,38.33,102.5,False
2024-01-20T06:21:30,15.52,37.57,234.4,False
2024-01-20T06:22:00,13.76,34.6,237.5,False
2024-01-20T06:22:30,10.24,38.67,220.3,False
2024-01-20T06:23:00,12.09,35.58,224.7,False
2024-01-20T06:23:30,15.53,38.88,188.8,False
2024-01-20T06:24:00,12.02,35.13,137.6,False
2024-01-20T06:24:30,15.43,37.79,261.1,False
2024-01-20T06:25:00,19.87,38.6,275.2,False
2024-01-20T06:25:30,15.23,41.92,241.6,False
2024-01-20T06:26:00,10.39,37.37,250.4,False
2024-01-20T06:26:30,12.24,39.46,133.7,False
2024-01-20T06:27:00,13.96,35.2,283.8,False
2024-01-20T06:27:30,13.8,33.05,187.9,False
2024-01-20T06:28:00,15.34,36.89,255.7,False
2024-01-20T06:28:30,15.86,42.77,226.3,False
2024-01-20T06:29:00,20.15,39.24,247.4,False
2024-01-20T06:29:30,14.98,39.4,159.5,False
2024-01-20T06:30:00,11.57,33.54,165.7,False
2024-01-20T06:30:30,18.52,37.41,266.9,False
2024-01-20T06:31:00,18.88,39.09,265.3,False
2024-01-20T06:31:30,15.83,41.95,264.7,False
2024-01-20T06:32:00,14.43,39.23,187.7,False
2024-01-20T06:32:30,17.07,34.24,266.4,False
2024-01-20T06:33:00,14.6,38.45,219.5,False
2024-01-20T06:33:30,9.1,32.07,198.1,False
2024-01-20T06:34:00,16.99,36.95,256.5,False
2024-01-20T06:34:30,18.02,39.85,225.3,False
2024-01-20T06:35:00,19.7,42.47,267.7,False
2024-01-20T06:35:30,13.22,39.13,224.2,False
2024-01-20T06:36:00,16.12,38.55,260.4,False
2024-01-20T06:36:30,16.22,38.63,290.0,False
2024-01-20T06:37:00,15.77,40.41,200.8,False
2024-01-20T06:37:30,15.9,34.63,180.5,False
2024-01-20T06:38:00,15.7,41.34,277.0,False
2024-01-20T06:38:30,16.26,36.49,178.6,False
2024-01-20T06:39:00,17.88,39.3,284.4,False
2024-01-20T06:39:30,19.35,38.52,218.5,False
2024-01-20T06:40:00,13.46,34.26,182.5,False
2024-01-20T06:40:30,15.25,38.39,218.8,False
2024-01-20T06:41:00,14.53,37.58,158.2,False
2024-01-20T06:41:30,14.14,36.7,174.3,False
2024-01-20T06:42:00,11.02,35.05,121.3,False
2024-01-20T06:42:30,15.98,40.89,254.6,False
2024-01-20T06:43:00,17.38,42.92,238.6,False
2024-01-20T06:43:30,15.52,40.11,224.7,False
2024-01-20T06:44:00,15.99,38.4,225.5,False
2024-01-20T06:44:30,17.31,35.23,237.8,False
2024-01-20T06:45:00,20.32,41.27,243.3,False
2024-01-20T06:45:30,14.87,38.63,257.2,False
2024-01-20T06:46:00,12.65,37.72,130.6,False
2024-01-20T06:46:30,37.55,46.35,642.7,False
2024-01-20T06:47:00,59.17,61.15,927.7,False
2024-01-20T06:47:30,80.8,73.38,1057.1,False
2024-01-20T06:48:00,81.18,68.49,968.4,False
2024-01-20T06:48:30,81.45,71.96,1064.3,False
2024-01-20T06:49:00,79.61,68.05,973.3,False
2024-01-20T06:49:30,78.99,69.16,1084.0,False
2024-01-20T06:50:00,80.76,68.35,1082.9,False
2024-01-20T06:50:30,82.18,70.26,1141.3,False
2024-01-20T06:51:00,81.19,69.78,1037.6,False
2024-01-20T06:51:30,82.51,71.95,1011.4,False
2024-01-20T06:52:00,82.12,72.72,1035.3,False
2024-01-20T06:52:30,80.82,72.72,1025.8,False
2024-01-20T06:53:00,81.98,69.56,1071.3,False
2024-01-20T06:53:30,82.32,71.76,985.3,False
2024-01-20T06:54:00,80.72,68.04,1045.5,False
2024-01-20T06:54:30,80.58,69.95,1004.1,False
2024-01-20T06:55:00,57.73,58.83,841.3,False
2024-01-20T06:55:30,40.59,48.33,780.0,False
2024-01-20T06:56:00,16.32,39.17,570.7,False
2024-01-20T06:56:30,12.62,35.15,230.1,True
2024-01-20T06:57:00,13.31,36.12,232.0,True
2024-01-20T06:57:30,14.11,38.66,202.3,True
2024-01-20T06:58:00,12.38,34.49,197.1,True
2024-01-20T06:58:30,14.88,38.3,156.2,True
2024-01-20T06:59:00,11.39,37.74,141.8,True
2024-01-20T06:59:30,13.01,38.43,209.1,True
2024-01-20T07:00:00,8.45,33.01,122.8,True
2024-01-20T07:00:30,16.6,35.52,260.4,True
2024-01-20T07:01:00,13.4,34.45,205.2,True
2024-01-20T07:01:30,19.32,35.66,242.7,False
2024-01-20T07:02:00,18.78,39.93,226.0,False
2024-01-20T07:02:30,19.04,40.19,270.3,False
2024-01-20T07:03:00,17.4,38.11,266.4,False
2024-01-20T07:03:30,18.63,35.74,213.8,False
2024-01-20T07:04:00,14.62,35.76,196.0,False
2024-01-20T07:04:30,14.03,38.95,204.7,False
2024-01-20T07:05:00,17.28,39.04,251.1,False
2024-01-20T07:05:30,15.58,38.54,237.0,False
2024-01-20T07:06:00,21.93,46.77,271.4,False
2024-01-20T07:06:30,18.82,39.25,278.9,False
2024-01-20T07:07:00,15.58,32.66,219.2,False
2024-01-20T07:07:30,16.96,35.46,179.8,False
2024-01-20T07:08:00,18.21,38.91,299.2,False
2024-01-20T07:08:30,17.65,38.05,280.4,False
2024-01-20T07:09:00,18.7,38.2,194.5,False
2024-01-20T07:09:30,18.13,37.95,252.2,False
2024-01-20T07:10:00,13.79,34.52,262.4,False
2024-01-20T07:10:30,11.55,35.72,180.2,False
2024-01-20T07:11:00,16.92,40.45,266.2,False
2024-01-20T07:11:30,19.76,42.55,302.5,False
2024-01-20T07:12:00,17.03,41.13,247.0,False
2024-01-20T07:12:30,21.87,38.23,360.7,False
2024-01-20T07:13:00,18.06,38.19,270.5,False
2024-01-20T07:13:30,22.31,39.73,282.6,False
2024-01-20T07:14:00,21.73,41.26,267.2,False
2024-01-20T07:14:30,21.47,39.78,269.9,False
2024-01-20T07:15:00,14.74,36.13,195.4,False
2024-01-20T07:15:30,18.45,41.34,203.0,False
2024-01-20T07:16:00,22.1,40.46,240.8,False
2024-01-20T07:16:30,19.29,39.11,248.6,False
2024-01-20T07:17:00,20.17,40.13,293.5,False
2024-01-20T07:17:30,14.39,37.76,228.2,False
2024-01-20T07:18:00,24.35,42.76,301.5,False
2024-01-20T07:18:30,16.26,40.45,314.9,False
2024-01-20T07:19:00,12.69,32.99,268.8,False
2024-01-20T07:19:30,17.66,38.7,204.7,False
2024-01-20T07:20:00,11.41,34.72,219.4,False
2024-01-20T07:20:30,15.53,36.39,176.8,False
2024-01-20T07:21:00,26.5,44.0,322.7,False
2024-01-20T07:21:30,17.73,40.69,186.9,False
2024-01-20T07:22:00,14.62,35.36,192.7,False
2024-01-20T07:22:30,19.02,42.12,277.1,False
2024-01-20T07:23:00,16.29,34.52,212.2,False
2024-01-20T07:23:30,21.62,41.23,229.8,False
2024-01-20T07:24:00,16.4,35.65,203.7,False
2024-01-20T07:24:30,19.92,37.91,221.6,False
2024-01-20T07:25:00,15.7,37.21,242.1,False
2024-01-20T07:25:30,26.98,41.94,364.0,False
2024-01-20T07:26:00,20.74,33.88,258.0,False
2024-01-20T07:26:30,18.83,39.88,291.8,False
2024-01-20T07:27:00,18.43,40.02,224.5,False
2024-01-20T07:27:30,17.69,37.77,237.4,False
2024-01-20T07:28:00,17.1,37.32,308.2,False
2024-01-20T07:28:30,17.06,37.04,229.4,False
2024-01-20T07:29:00,24.5,38.08,338.8,False
2024-01-20T07:29:30,17.85,34.54,214.0,False
2024-01-20T07:30:00,13.16,37.44,204.5,False
2024-01-20T07:30:30,16.09,39.43,194.4,False
2024-01-20T07:31:00,22.41,41.66,281.9,False
2024-01-20T07:31:30,18.91,39.47,260.9,False
2024-01-20T07:32:00,19.31,40.48,284.7,False
2024-01-20T07:32:30,23.26,42.32,262.9,False
2024-01-20T07:33:00,17.46,36.42,233.0,False
2024-01-20T07:33:30,21.73,40.57,321.4,False
2024-01-20T07:34:00,17.87,37.61,194.6,False
2024-01-20T07:34:30,21.64,39.52,174.1,False
2024-01-20T07:35:00,18.78,40.94,224.1,False
2024-01-20T07:35:30,19.27,42.05,278.5,False
2024-01-20T07:36:00,22.49,35.83,283.3,False
2024-01-20T07:36:30,22.32,39.92,240.3,False
2024-01-20T07:37:00,19.62,38.47,259.8,False
2024-01-20T07:37:30,18.74,40.97,235.3,False
2024-01-20T07:38:00,24.99,38.88,237.3,False
2024-01-20T07:38:30,22.01,34.3,262.4,False
2024-01-20T07:39:00,19.1,40.48,282.6,False
2024-01-20T07:39:30,18.36,40.39,235.8,False
2024-01-20T07:40:00,23.43,37.43,227.0,False
2024-01-20T07:40:30,20.75,39.41,335.0,False
2024-01-20T07:41:00,19.95,42.32,219.9,False
2024-01-20T07:41:30,20.83,37.55,281.5,False
2024-01-20T07:42:00,21.54,40.26,305.7,False
2024-01-20T07:42:30,20.4,40.51,280.0,False
2024-01-20T07:43:00,24.22,38.55,284.4,False
2024-01-20T07:43:30,24.43,40.38,222.8,False
2024-01-20T07:44:00,22.28,37.06,325.2,False
2024-01-20T07:44:30,24.85,41.4,252.2,False
2024-01-20T07:45:00,20.8,38.12,305.3,False
2024-01-20T07:45:30,22.88,41.16,327.5,False
2024-01-20T07:46:00,23.87,42.51,242.1,False
2024-01-20T07:46:30,23.95,44.06,242.2,False
2024-01-20T07:47:00,23.69,45.81,273.8,False
2024-01-20T07:47:30,22.87,41.16,319.8,False
2024-01-20T07:48:00,26.89,42.12,291.2,False
2024-01-20T07:48:30,19.44,38.28,259.3,False
2024-01-20T07:49:00,20.64,37.7,245.0,False
2024-01-20T07:49:30,20.5,40.46,295.4,False
2024-01-20T07:50:00,20.08,38.37,235.3,False
2024-01-20T07:50:30,15.26,37.98,193.3,False
2024-01-20T07:51:00,25.39,40.15,261.9,False
2024-01-20T07:51:30,18.23,37.5,203.3,False
2024-01-20T07:52:00,21.86,41.12,317.5,False
2024-01-20T07:52:30,17.13,37.64,222.7,False
2024-01-20T07:53:00,23.3,37.13,248.4,False
2024-01-20T07:53:30,19.12,38.86,186.1,False
2024-01-20T07:54:00,18.11,36.78,234.1,False
2024-01-20T07:54:30,22.15,42.76,244.3,False
2024-01-20T07:55:00,19.5,41.02,215.6,False
2024-01-20T07:55:30,19.92,34.73,228.4,False
2024-01-20T07:56:00,22.2,42.04,282.5,False
2024-01-20T07:56:30,24.13,42.18,246.6,False
2024-01-20T07:57:00,19.32,36.03,242.3,False
2024-01-20T07:57:30,18.84,40.51,286.1,False
2024-01-20T07:58:00,21.93,37.74,253.3,False
2024-01-20T07:58:30,23.52,43.39,245.6,False
2024-01-20T07:59:00,26.33,41.21,352.8,False
2024-01-20T07:59:30,18.77,35.69,246.6,False
2024-01-20T08:00:00,21.07,44.12,261.6,False
2024-01-20T08:00:30,25.59,39.05,325.6,False
2024-01-20T08:01:00,28.03,41.75,320.8,False
2024-01-20T08:01:30,19.17,37.72,256.2,False
2024-01-20T08:02:00,19.98,38.43,197.0,False
2024-01-20T08:02:30,23.38,42.44,253.4,False
2024-01-20T08:03:00,20.54,39.74,338.9,False
2024-01-20T08:03:30,20.04,41.39,218.7,False
2024-01-20T08:04:00,23.1,41.65,287.5,False
2024-01-20T08:04:30,27.05,39.54,386.1,False
2024-01-20T08:05:00,18.52,39.72,275.6,False
2024-01-20T08:05:30,26.98,43.32,327.5,False
2024-01-20T08:06:00,20.81,38.52,234.4,False
2024-01-20T08:06:30,23.61,45.32,264.0,False
2024-01-20T08:07:00,27.39,44.28,306.7,False
2024-01-20T08:07:30,23.64,43.07,302.6,False
2024-01-20T08:08:00,21.81,42.23,325.4,False
2024-01-20T08:08:30,24.9,40.98,303.9,False
2024-01-20T08:09:00,22.27,41.77,255.3,False
2024-01-20T08:09:30,24.39,42.2,291.3,False
2024-01-20T08:10:00,22.26,39.39,298.9,False
2024-01-20T08:10:30,25.5,39.68,317.5,False
2024-01-20T08:11:00,18.77,38.81,240.2,False
2024-01-20T08:11:30,19.96,40.53,214.9,False
2024-01-20T08:12:00,18.82,38.82,293.6,False
2024-01-20T08:12:30,22.92,40.48,272.9,False
2024-01-20T08:13:00,18.54,38.71,258.1,False
2024-01-20T08:13:30,21.09,39.36,241.7,False
2024-01-20T08:14:00,19.89,42.43,231.0,False
2024-01-20T08:14:30,27.7,43.78,341.5,False
2024-01-20T08:15:00,20.33,38.58,212.0,False
2024-01-20T08:15:30,19.48,35.52,209.3,False
2024-01-20T08:16:00,24.13,41.06,353.4,False
2024-01-20T08:16:30,28.49,42.48,360.9,False
2024-01-20T08:17:00,23.12,39.73,301.6,False
2024-01-20T08:17:30,23.4,42.98,244.3,False
2024-01-20T08:18:00,27.43,43.27,328.3,False
2024-01-20T08:18:30,26.23,39.15,306.9,False
2024-01-20T08:19:00,24.92,43.1,281.7,False
2024-01-20T08:19:30,21.94,37.21,271.9,False
2024-01-20T08:20:00,25.1,43.34,243.5,False
2024-01-20T08:20:30,19.69,38.3,174.7,False
2024-01-20T08:21:00,21.94,40.55,287.4,False
2024-01-20T08:21:30,28.15,43.44,331.7,False
2024-01-20T08:22:00,27.81,43.02,332.5,False
2024-01-20T08:22:30,25.26,42.46,332.8,False
2024-01-20T08:23:00,18.2,38.68,266.0,False
2024-01-20T08:23:30,20.4,43.36,322.6,False
2024-01-20T08:24:00,22.03,40.88,323.4,False
2024-01-20T08:24:30,23.6,41.71,291.1,False
2024-01-20T08:25:00,20.41,38.2,269.6,False
2024-01-20T08:25:30,23.46,41.91,296.7,False
2024-01-20T08:26:00,29.55,42.15,275.0,False
2024-01-20T08:26:30,25.49,44.47,340.7,False
2024-01-20T08:27:00,24.99,38.95,323.3,False
2024-01-20T08:27:30,21.32,38.4,204.3,False
2024-01-20T08:28:00,19.5,35.92,318.0,False
2024-01-20T08:28:30,20.78,40.66,249.1,False
2024-01-20T08:29:00,19.47,38.32,250.8,False
2024-01-20T08:29:30,24.77,43.19,292.4,False
2024-01-20T08:30:00,25.74,40.35,299.1,False
2024-01-20T08:30:30,21.74,41.37,369.7,False
2024-01-20T08:31:00,25.12,43.16,290.5,False
2024-01-20T08:31:30,29.13,44.43,320.0,False
2024-01-20T08:32:00,30.64,44.82,345.9,False
2024-01-20T08:32:30,27.12,43.28,283.0,False
2024-01-20T08:33:00,24.33,39.79,306.3,False
2024-01-20T08:33:30,27.11,40.85,284.0,False
2024-01-20T08:34:00,28.99,45.03,352.0,False
2024-01-20T08:34:30,18.96,38.19,209.9,False
2024-01-20T08:35:00,29.47,45.09,312.3,False
2024-01-20T08:35:30,23.43,44.27,247.3,False
2024-01-20T08:36:00,23.51,40.29,266.8,False
2024-01-20T08:36:30,24.09,40.3,221.2,False
2024-01-20T08:37:00,26.16,41.89,211.4,False
2024-01-20T08:37:30,21.91,40.49,262.4,False
2024-01-20T08:38:00,24.43,42.9,234.0,False
2024-01-20T08:38:30,26.9,42.86,384.6,False
2024-01-20T08:39:00,26.03,46.63,293.9,False
2024-01-20T08:39:30,26.56,43.58,340.8,False
2024-01-20T08:40:00,24.49,43.27,308.2,False
2024-01-20T08:40:30,27.58,43.18,278.1,False
2024-01-20T08:41:00,28.71,45.85,312.9,False
2024-01-20T08:41:30,28.58,43.35,358.2,False
2024-01-20T08:42:00,26.91,41.64,342.3,False
2024-01-20T08:42:30,28.49,45.53,362.6,False
2024-01-20T08:43:00,28.33,43.53,300.4,False
2024-01-20T08:43:30,33.79,46.86,393.7,False
2024-01-20T08:44:00,29.46,46.17,311.5,False
2024-01-20T08:44:30,25.58,42.55,345.1,False
2024-01-20T08:45:00,23.16,40.76,324.5,False
2024-01-20T08:45:30,25.15,40.99,246.3,False
2024-01-20T08:46:00,24.98,44.1,310.9,False
2024-01-20T08:46:30,27.56,42.58,276.6,False
2024-01-20T08:47:00,23.97,41.37,324.8,False
2024-01-20T08:47:30,29.69,44.9,292.4,False
2024-01-20T08:48:00,21.99,41.05,288.8,False
2024-01-20T08:48:30,21.3,42.17,299.9,False
2024-01-20T08:49:00,25.84,42.27,309.4,False
2024-01-20T08:49:30,23.76,44.12,324.5,False
2024-01-20T08:50:00,22.55,40.27,292.2,False
2024-01-20T08:50:30,24.46,42.47,358.3,False
2024-01-20T08:51:00,24.13,41.2,249.0,False
2024-01-20T08:51:30,26.49,46.93,296.6,False
2024-01-20T08:52:00,24.64,41.12,220.3,False
2024-01-20T08:52:30,24.93,41.45,287.6,False
2024-01-20T08:53:00,26.58,43.02,265.1,False
2024-01-20T08:53:30,29.68,43.81,281.9,False
2024-01-20T08:54:00,31.09,45.68,286.5,False
2024-01-20T08:54:30,27.16,45.55,298.4,False
2024-01-20T08:55:00,27.44,43.53,329.7,False
2024-01-20T08:55:30,26.26,43.01,329.2,False
2024-01-20T08:56:00,28.3,43.2,366.4,False
2024-01-20T08:56:30,28.07,42.54,362.3,False
2024-01-20T08:57:00,30.92,45.17,302.2,False
2024-01-20T08:57:30,21.32,40.19,240.8,False
2024-01-20T08:58:00,26.32,45.03,318.3,False
2024-01-20T08:58:30,28.09,41.65,333.0,False
2024-01-20T08:59:00,27.03,45.95,371.5,False
2024-01-20T08:59:30,24.34,41.4,283.2,False
2024-01-20T09:00:00,23.3,41.47,517.1,False
2024-01-20T09:00:30,29.66,42.23,531.6,False
2024-01-20T09:01:00,25.02,43.16,514.4,False
2024-01-20T09:01:30,22.07,38.64,492.1,False
2024-01-20T09:02:00,29.94,45.25,538.7,False
2024-01-20T09:02:30,28.8,44.48,491.3,False
2024-01-20T09:03:00,27.11,42.44,528.0,False
2024-01-20T09:03:30,24.76,37.79,523.8,False
2024-01-20T09:04:00,27.21,47.46,522.0,False
2024-01-20T09:04:30,31.24,43.05,439.4,False
2024-01-20T09:05:00,22.79,41.48,475.3,False
2024-01-20T09:05:30,22.99,39.58,511.0,False
2024-01-20T09:06:00,25.84,44.56,467.5,False
2024-01-20T09:06:30,27.69,42.63,564.1,False
2024-01-20T09:07:00,26.32,41.2,486.1,False
2024-01-20T09:07:30,29.78,45.63,525.5,False
2024-01-20T09:08:00,31.17,42.59,557.6,False
2024-01-20T09:08:30,28.78,43.11,493.4,False
2024-01-20T09:09:00,29.67,45.77,573.8,False
2024-01-20T09:09:30,28.85,46.99,581.3,False
2024-01-20T09:10:00,28.1,41.68,480.8,False
2024-01-20T09:10:30,24.24,40.45,486.5,False
2024-01-20T09:11:00,25.08,42.8,576.3,False
2024-01-20T09:11:30,24.15,37.64,537.2,False
2024-01-20T09:12:00,27.8,46.18,457.9,False
2024-01-20T09:12:30,28.99,42.06,578.6,False
2024-01-20T09:13:00,23.99,40.68,355.1,False
2024-01-20T09:13:30,28.6,44.39,553.4,False
2024-01-20T09:14:00,25.8,42.57,472.1,False
2024-01-20T09:14:30,25.26,40.27,520.5,False
2024-01-20T09:15:00,26.63,46.33,522.9,False
2024-01-20T09:15:30,25.19,37.02,506.9,False
2024-01-20T09:16:00,30.42,42.54,566.8,False
2024-01-20T09:16:30,28.14,42.37,505.2,False
2024-01-20T09:17:00,31.13,43.24,525.1,False
2024-01-20T09:17:30,27.4,45.71,556.4,False
2024-01-20T09:18:00,27.55,40.04,520.6,False
2024-01-20T09:18:30,34.43,49.91,552.7,False
2024-01-20T09:19:00,23.99,41.02,484.8,False
2024-01-20T09:19:30,32.75,43.24,551.4,False
2024-01-20T09:20:00,33.91,42.34,557.4,False
2024-01-20T09:20:30,31.28,44.8,568.0,False
2024-01-20T09:21:00,28.04,42.2,489.5,False
2024-01-20T09:21:30,33.35,46.74,627.7,False
2024-01-20T09:22:00,28.15,42.77,534.2,False
2024-01-20T09:22:30,27.04,45.03,442.9,False
2024-01-20T09:23:00,28.04,43.33,535.3,False
2024-01-20T09:23:30,27.54,42.52,483.1,False
2024-01-20T09:24:00,26.45,44.77,510.5,False
2024-01-20T09:24:30,32.66,46.39,555.2,False
2024-01-20T09:25:00,27.06,44.68,543.6,False
2024-01-20T09:25:30,29.33,46.57,561.3,False
2024-01-20T09:26:00,25.13,41.58,509.9,False
2024-01-20T09:26:30,29.6,44.48,613.2,False
2024-01-20T09:27:00,26.08,44.34,479.7,False
2024-01-20T09:27:30,26.05,37.73,563.1,False
2024-01-20T09:28:00,29.31,44.06,590.2,False
2024-01-20T09:28:30,32.85,45.59,576.3,False
2024-01-20T09:29:00,31.05,45.88,566.7,False
2024-01-20T09:29:30,31.3,43.66,588.4,False
2024-01-20T09:30:00,29.42,46.52,522.7,False
2024-01-20T09:30:30,28.85,42.56,510.5,False
2024-01-20T09:31:00,32.27,44.84,540.0,False
2024-01-20T09:31:30,28.25,42.42,537.7,False
2024-01-20T09:32:00,32.49,48.32,541.1,False
2024-01-20T09:32:30,33.74,42.32,541.0,False
2024-01-20T09:33:00,27.55,46.97,478.9,False
2024-01-20T09:33:30,28.03,46.59,484.9,False
2024-01-20T09:34:00,28.52,42.76,502.6,False
2024-01-20T09:34:30,25.8,44.58,481.7,False
2024-01-20T09:35:00,28.83,44.31,535.0,False
2024-01-20T09:35:30,34.19,50.03,542.5,False
2024-01-20T09:36:00,27.19,45.13,537.2,False
2024-01-20T09:36:30,34.35,51.19,653.5,False
2024-01-20T09:37:00,29.12,41.07,582.9,False
2024-01-20T09:37:30,36.8,48.42,552.0,False
2024-01-20T09:38:00,28.46,40.42,515.7,False
2024-01-20T09:38:30,30.11,43.66,490.1,False
2024-01-20T09:39:00,27.86,48.07,530.7,False
2024-01-20T09:39:30,28.57,44.86,538.7,False
2024-01-20T09:40:00,34.69,48.96,584.5,False
2024-01-20T09:40:30,32.14,46.74,515.1,False
2024-01-20T09:41:00,33.85,47.47,544.8,False
2024-01-20T09:41:30,26.86,42.03,553.1,False
2024-01-20T09:42:00,32.81,44.64,578.4,False
2024-01-20T09:42:30,27.97,42.54,489.1,False
2024-01-20T09:43:00,26.92,37.65,464.0,False
2024-01-20T09:43:30,31.69,45.34,550.6,False
2024-01-20T09:44:00,31.7,45.99,548.7,False
2024-01-20T09:44:30,31.22,44.03,498.3,False
2024-01-20T09:45:00,33.26,46.03,553.7,False
2024-01-20T09:45:30,33.77,47.59,550.7,False
2024-01-20T09:46:00,35.6,49.23,561.3,False
2024-01-20T09:46:30,27.66,41.1,504.2,False
2024-01-20T09:47:00,35.78,45.97,597.2,False
2024-01-20T09:47:30,36.96,49.66,599.3,False
2024-01-20T09:48:00,30.26,45.98,592.3,False
2024-01-20T09:48:30,26.4,45.56,519.1,False
2024-01-20T09:49:00,27.29,45.92,550.5,False
2024-01-20T09:49:30,30.1,49.55,487.9,False
2024-01-20T09:50:00,37.57,47.88,606.6,False
2024-01-20T09:50:30,31.62,48.65,538.1,False
2024-01-20T09:51:00,29.76,42.72,567.1,False
2024-01-20T09:51:30,29.6,49.27,547.0,False
2024-01-20T09:52:00,27.73,44.46,584.9,False
2024-01-20T09:52:30,34.37,47.95,537.7,False
2024-01-20T09:53:00,31.51,47.42,523.6,False
2024-01-20T09:53:30,38.13,46.04,618.7,False
2024-01-20T09:54:00,33.75,44.41,564.8,False
2024-01-20T09:54:30,34.4,47.12,537.5,False
2024-01-20T09:55:00,31.23,46.0,564.8,False
2024-01-20T09:55:30,28.72,48.22,510.0,False
2024-01-20T09:56:00,29.42,42.5,553.4,False
2024-01-20T09:56:30,27.97,46.76,455.8,False
2024-01-20T09:57:00,34.85,46.59,567.1,False
2024-01-20T09:57:30,31.01,44.64,554.4,False
2024-01-20T09:58:00,35.07,46.9,587.3,False
2024-01-20T09:58:30,32.66,45.42,589.2,False
2024-01-20T09:59:00,31.41,46.38,541.5,False
2024-01-20T09:59:30,28.83,43.33,548.5,False
2024-01-20T10:00:00,33.28,43.53,563.5,False
2024-01-20T10:00:30,31.76,45.05,583.4,False
2024-01-20T10:01:00,35.17,48.21,519.8,False
2024-01-20T10:01:30,30.36,42.08,438.7,False
2024-01-20T10:02:00,34.39,48.07,625.3,False
2024-01-20T10:02:30,37.51,50.83,577.3,False
2024-01-20T10:03:00,33.45,49.4,499.4,False
2024-01-20T10:03:30,35.03,47.9,573.8,False
2024-01-20T10:04:00,34.43,43.32,554.7,False
2024-01-20T10:04:30,38.45,50.24,622.4,False
2024-01-20T10:05:00,33.91,48.61,591.0,False
2024-01-20T10:05:30,34.94,45.8,562.8,False
2024-01-20T10:06:00,32.77,45.96,599.3,False
2024-01-20T10:06:30,30.6,45.99,496.4,False
2024-01-20T10:07:00,29.34,47.97,440.7,False
2024-01-20T10:07:30,36.81,47.62,600.4,False
2024-01-20T10:08:00,30.02,46.52,529.9,False
2024-01-20T10:08:30,49.59,55.16,920.9,False
2024-01-20T10:09:00,63.84,62.05,1135.1,False
2024-01-20T10:09:30,78.1,71.45,1156.9,False
2024-01-20T10:10:00,78.24,67.19,1221.4,False
2024-01-20T10:10:30,75.69,68.04,1236.2,False
2024-01-20T10:11:00,78.38,68.98,1237.3,False
2024-01-20T10:11:30,78.82,66.14,1238.6,False
2024-01-20T10:12:00,78.25,71.33,1207.0,False
2024-01-20T10:12:30,78.45,70.62,1234.3,False
2024-01-20T10:13:00,78.06,68.84,1244.8,False
2024-01-20T10:13:30,76.11,67.28,1183.1,False
2024-01-20T10:14:00,79.77,69.63,1192.9,False
2024-01-20T10:14:30,77.74,70.03,1253.4,False
2024-01-20T10:15:00,77.49,68.6,1294.0,False
2024-01-20T10:15:30,79.46,68.15,1295.5,False
2024-01-20T10:16:00,79.08,68.26,1127.6,False
2024-01-20T10:16:30,78.38,68.92,1277.1,False
2024-01-20T10:17:00,62.66,59.22,1075.9,False
2024-01-20T10:17:30,52.58,56.71,1092.6,False
2024-01-20T10:18:00,34.25,45.3,832.5,False
2024-01-20T10:18:30,25.43,39.86,458.3,True
2024-01-20T10:19:00,26.44,48.66,509.6,True
2024-01-20T10:19:30,27.42,46.64,503.3,True
2024-01-20T10:20:00,27.66,43.17,507.2,True
2024-01-20T10:20:30,28.32,44.91,564.3,True
2024-01-20T10:21:00,27.29,44.74,567.8,True
2024-01-20T10:21:30,24.03,40.92,454.5,True
2024-01-20T10:22:00,26.55,42.9,578.0,True
2024-01-20T10:22:30,28.85,42.96,481.6,True
2024-01-20T10:23:00,25.82,44.48,482.4,True
2024-01-20T10:23:30,36.35,49.77,692.1,False
2024-01-20T10:24:00,34.46,49.42,590.5,False
2024-01-20T10:24:30,33.76,46.47,543.8,False
2024-01-20T10:25:00,38.03,52.42,614.8,False
2024-01-20T10:25:30,29.28,43.55,562.4,False
2024-01-20T10:26:00,32.5,49.42,573.5,False
2024-01-20T10:26:30,38.27,47.28,657.4,False
2024-01-20T10:27:00,40.1,46.53,586.2,False
2024-01-20T10:27:30,41.51,53.88,605.9,False
2024-01-20T10:28:00,34.84,47.82,543.1,False
2024-01-20T10:28:30,36.11,48.17,555.6,False
2024-01-20T10:29:00,37.23,46.97,599.5,False
2024-01-20T10:29:30,38.64,46.71,566.6,False
2024-01-20T10:30:00,35.79,45.48,598.0,False
2024-01-20T10:30:30,37.67,48.2,626.7,False
2024-01-20T10:31:00,36.31,46.94,541.6,False
2024-01-20T10:31:30,36.54,43.48,567.1,False
2024-01-20T10:32:00,32.26,48.6,537.7,False
2024-01-20T10:32:30,34.07,45.28,563.8,False
2024-01-20T10:33:00,33.53,48.33,561.6,False
2024-01-20T10:33:30,31.57,43.46,588.8,False
2024-01-20T10:34:00,30.22,44.51,581.0,False
2024-01-20T10:34:30,33.94,48.01,539.2,False
2024-01-20T10:35:00,34.46,48.0,603.4,False
2024-01-20T10:35:30,35.61,46.37,639.9,False
2024-01-20T10:36:00,37.0,48.62,644.4,False
2024-01-20T10:36:30,35.94,48.42,595.7,False
2024-01-20T10:37:00,34.64,46.13,575.0,False
2024-01-20T10:37:30,32.71,43.23,505.5,False
2024-01-20T10:38:00,38.13,46.92,588.5,False
2024-01-20T10:38:30,35.23,45.96,522.1,False
2024-01-20T10:39:00,34.27,46.3,619.8,False
2024-01-20T10:39:30,35.05,49.82,569.9,False
2024-01-20T10:40:00,33.45,47.65,564.2,False
2024-01-20T10:40:30,34.1,44.53,548.1,False
2024-01-20T10:41:00,34.04,49.81,515.9,False
2024-01-20T10:41:30,34.91,46.41,607.8,False
2024-01-20T10:42:00,37.78,49.35,622.3,False
2024-01-20T10:42:30,37.07,45.78,633.9,False
2024-01-20T10:43:00,40.53,48.48,554.1,False
2024-01-20T10:43:30,39.56,50.98,669.3,False
2024-01-20T10:44:00,41.84,48.28,629.7,False
2024-01-20T10:44:30,37.68,48.08,632.6,False
2024-01-20T10:45:00,37.68,48.91,496.0,False
2024-01-20T10:45:30,34.62,44.39,593.4,False
2024-01-20T10:46:00,38.6,44.88,605.9,False
2024-01-20T10:46:30,34.2,48.04,564.7,False
2024-01-20T10:47:00,31.79,50.75,550.4,False
2024-01-20T10:47:30,40.82,50.46,602.7,False
2024-01-20T10:48:00,32.53,46.7,503.8,False
2024-01-20T10:48:30,37.64,46.19,550.5,False
2024-01-20T10:49:00,33.72,48.94,570.8,False
2024-01-20T10:49:30,39.78,48.27,670.7,False
2024-01-20T10:50:00,40.22,51.58,666.1,False
2024-01-20T10:50:30,38.06,49.39,613.7,False
2024-01-20T10:51:00,40.25,50.53,602.5,False
2024-01-20T10:51:30,36.57,48.62,675.1,False
2024-01-20T10:52:00,43.29,51.92,673.6,False
2024-01-20T10:52:30,38.87,49.15,634.7,False
2024-01-20T10:53:00,33.97,48.07,518.4,False
2024-01-20T10:53:30,36.91,46.16,605.5,False
2024-01-20T10:54:00,36.29,46.82,540.8,False
2024-01-20T10:54:30,36.03,50.11,671.5,False
2024-01-20T10:55:00,31.85,45.43,521.2,False
2024-01-20T10:55:30,38.02,47.52,579.9,False
2024-01-20T10:56:00,32.74,47.6,535.9,False
2024-01-20T10:56:30,29.36,45.51,520.1,False
2024-01-20T10:57:00,35.94,44.53,614.3,False
2024-01-20T10:57:30,34.74,48.0,578.1,False
2024-01-20T10:58:00,34.46,46.67,577.4,False
2024-01-20T10:58:30,27.78,44.48,551.0,False
2024-01-20T10:59:00,34.57,46.48,515.9,False
2024-01-20T10:59:30,36.64,48.42,623.1,False
2024-01-20T11:00:00,35.3,43.16,587.8,False
2024-01-20T11:00:30,38.4,46.58,579.1,False
2024-01-20T11:01:00,41.45,51.38,636.9,False
2024-01-20T11:01:30,38.86,53.85,615.4,False
2024-01-20T11:02:00,40.43,50.13,518.5,False
2024-01-20T11:02:30,40.72,48.15,680.7,False
2024-01-20T11:03:00,34.37,46.64,623.3,False
2024-01-20T11:03:30,38.78,46.79,558.0,False
2024-01-20T11:04:00,40.49,51.93,593.7,False
2024-01-20T11:04:30,36.23,47.4,644.0,False
2024-01-20T11:05:00,35.2,48.89,608.2,False
2024-01-20T11:05:30,39.2,48.48,629.2,False
2024-01-20T11:06:00,33.21,48.08,583.1,False
2024-01-20T11:06:30,34.42,43.16,590.3,False
2024-01-20T11:07:00,35.72,47.1,543.2,False
2024-01-20T11:07:30,39.11,49.83,590.3,False
2024-01-20T11:08:00,38.46,47.89,647.5,False
2024-01-20T11:08:30,40.93,50.38,653.7,False
2024-01-20T11:09:00,35.11,47.44,592.2,False
2024-01-20T11:09:30,34.98,48.79,553.9,False
2024-01-20T11:10:00,39.52,50.2,655.7,False
2024-01-20T11:10:30,35.59,47.78,546.0,False
2024-01-20T11:11:00,36.21,49.07,648.9,False
2024-01-20T11:11:30,32.49,42.74,530.9,False
2024-01-20T11:12:00,38.97,47.19,576.9,False
2024-01-20T11:12:30,42.75,47.81,643.2,False
2024-01-20T11:13:00,35.08,47.85,589.1,False
2024-01-20T11:13:30,41.27,50.67,634.0,False
2024-01-20T11:14:00,38.06,51.01,551.6,False
2024-01-20T11:14:30,32.98,46.41,580.7,False
2024-01-20T11:15:00,35.63,45.77,624.2,False
2024-01-20T11:15:30,35.48,47.23,580.6,False
2024-01-20T11:16:00,37.43,44.19,537.6,False
2024-01-20T11:16:30,39.68,48.24,609.0,False
2024-01-20T11:17:00,44.0,46.53,606.7,False
2024-01-20T11:17:30,34.2,46.98,496.3,False
2024-01-20T11:18:00,37.07,47.2,574.7,False
2024-01-20T11:18:30,35.88,46.9,652.0,False
2024-01-20T11:19:00,34.8,44.76,575.1,False
2024-01-20T11:19:30,38.92,47.35,600.5,False
2024-01-20T11:20:00,38.68,49.95,637.8,False
2024-01-20T11:20:30,33.27,42.99,590.6,False
2024-01-20T11:21:00,38.8,49.64,551.8,False
2024-01-20T11:21:30,35.16,45.19,656.1,False
2024-01-20T11:22:00,38.85,45.3,618.7,False
2024-01-20T11:22:30,42.66,53.02,677.5,False
2024-01-20T11:23:00,40.27,52.04,598.4,False
2024-01-20T11:23:30,39.45,47.89,537.4,False
2024-01-20T11:24:00,37.37,46.83,594.3,False
2024-01-20T11:24:30,39.19,48.34,569.4,False
2024-01-20T11:25:00,40.72,47.98,672.6,False
2024-01-20T11:25:30,40.45,48.21,567.0,False
2024-01-20T11:26:00,38.8,49.55,611.5,False
2024-01-20T11:26:30,39.78,53.29,642.2,False
2024-01-20T11:27:00,35.22,46.15,598.7,False
2024-01-20T11:27:30,37.0,49.8,576.0,False
2024-01-20T11:28:00,41.36,50.64,559.7,False
2024-01-20T11:28:30,41.8,46.81,574.1,False
2024-01-20T11:29:00,39.59,49.0,586.4,False
2024-01-20T11:29:30,43.78,50.85,593.8,False
2024-01-20T11:30:00,40.9,52.64,624.2,False
2024-01-20T11:30:30,38.71,51.63,579.2,False
2024-01-20T11:31:00,35.79,47.91,534.6,False
2024-01-20T11:31:30,43.8,53.59,593.5,False
2024-01-20T11:32:00,41.82,49.89,570.9,False
2024-01-20T11:32:30,44.94,53.98,657.3,False
2024-01-20T11:33:00,46.08,52.51,639.3,False
2024-01-20T11:33:30,35.76,49.34,587.1,False
2024-01-20T11:34:00,35.8,49.57,583.3,False
2024-01-20T11:34:30,31.1,46.26,540.6,False
2024-01-20T11:35:00,42.47,49.03,665.7,False
2024-01-20T11:35:30,41.72,49.3,574.8,False
2024-01-20T11:36:00,40.08,50.82,646.8,False
2024-01-20T11:36:30,36.14,49.14,604.8,False
2024-01-20T11:37:00,39.59,49.39,608.8,False
2024-01-20T11:37:30,40.44,48.88,591.2,False
2024-01-20T11:38:00,42.27,50.8,639.7,False
2024-01-20T11:38:30,40.77,49.12,644.1,False
2024-01-20T11:39:00,41.98,49.73,579.8,False
2024-01-20T11:39:30,39.65,53.03,641.6,False
2024-01-20T11:40:00,43.6,50.14,718.4,False
2024-01-20T11:40:30,41.98,51.3,633.3,False
2024-01-20T11:41:00,36.56,47.88,644.6,False
2024-01-20T11:41:30,44.32,49.0,673.6,False
2024-01-20T11:42:00,43.87,48.71,661.5,False
2024-01-20T11:42:30,41.62,49.95,604.9,False
2024-01-20T11:43:00,41.1,45.94,615.1,False
2024-01-20T11:43:30,45.26,55.59,622.9,False
2024-01-20T11:44:00,35.42,46.29,621.1,False
2024-01-20T11:44:30,44.08,50.46,622.8,False
2024-01-20T11:45:00,38.96,51.23,682.2,False
2024-01-20T11:45:30,43.71,50.88,667.2,False
2024-01-20T11:46:00,40.81,51.02,642.3,False
2024-01-20T11:46:30,36.76,46.54,541.1,False
2024-01-20T11:47:00,39.03,48.92,638.8,False
2024-01-20T11:47:30,43.62,53.06,640.1,False
2024-01-20T11:48:00,39.95,47.57,597.1,False
2024-01-20T11:48:30,38.75,49.75,583.8,False
2024-01-20T11:49:00,38.76,43.87,560.5,False
2024-01-20T11:49:30,42.61,53.15,641.3,False
2024-01-20T11:50:00,45.96,51.19,661.0,False
2024-01-20T11:50:30,34.32,46.31,522.0,False
2024-01-20T11:51:00,49.18,53.72,714.0,False
2024-01-20T11:51:30,41.42,48.09,716.5,False
2024-01-20T11:52:00,42.58,48.51,583.7,False
2024-01-20T11:52:30,39.56,50.15,612.0,False
2024-01-20T11:53:00,40.89,50.91,693.5,False
2024-01-20T11:53:30,41.51,48.32,601.0,False
2024-01-20T11:54:00,37.82,49.33,620.2,False
2024-01-20T11:54:30,38.58,49.74,624.4,False
2024-01-20T11:55:00,44.58,50.87,683.0,False
2024-01-20T11:55:30,36.41,44.95,664.5,False
2024-01-20T11:56:00,42.42,50.47,567.7,False
2024-01-20T11:56:30,40.01,50.08,627.7,False
2024-01-20T11:57:00,38.27,48.36,586.2,False
2024-01-20T11:57:30,47.1,51.71,675.2,False
2024-01-20T11:58:00,38.36,49.46,608.6,False
2024-01-20T11:58:30,37.86,50.81,591.1,False
2024-01-20T11:59:00,40.72,48.17,582.3,False
2024-01-20T11:59:30,39.01,48.26,571.3,False
2024-01-20T12:00:00,41.36,55.52,715.9,False
2024-01-20T12:00:30,41.84,50.85,579.5,False
2024-01-20T12:01:00,42.11,47.87,685.9,False
2024-01-20T12:01:30,41.06,48.93,587.1,False
2024-01-20T12:02:00,39.36,47.52,618.7,False
2024-01-20T12:02:30,43.43,51.83,726.1,False
2024-01-20T12:03:00,41.19,50.57,661.3,False
2024-01-20T12:03:30,40.07,48.12,563.0,False
2024-01-20T12:04:00,46.03,56.09,654.7,False
2024-01-20T12:04:30,41.25,50.16,629.0,False
2024-01-20T12:05:00,44.92,50.92,700.6,False
2024-01-20T12:05:30,45.36,49.6,664.8,False
2024-01-20T12:06:00,45.57,50.37,658.2,False
2024-01-20T12:06:30,43.81,48.78,719.3,False
2024-01-20T12:07:00,41.77,49.87,697.3,False
2024-01-20T12:07:30,41.61,48.41,660.8,False
2024-01-20T12:08:00,41.1,51.49,603.7,False
2024-01-20T12:08:30,35.36,45.89,476.8,False
2024-01-20T12:09:00,44.04,53.08,601.2,False
2024-01-20T12:09:30,42.65,51.69,579.4,False
2024-01-20T12:10:00,44.42,52.88,652.9,False
2024-01-20T12:10:30,41.62,51.99,670.5,False
2024-01-20T12:11:00,44.0,55.37,731.0,False
2024-01-20T12:11:30,37.9,46.64,654.2,False
2024-01-20T12:12:00,38.56,50.36,580.1,False
2024-01-20T12:12:30,34.66,47.52,587.5,False
2024-01-20T12:13:00,41.72,52.38,649.8,False
2024-01-20T12:13:30,39.83,49.53,556.3,False
2024-01-20T12:14:00,39.47,51.48,580.8,False
2024-01-20T12:14:30,43.21,48.42,628.5,False
2024-01-20T12:15:00,40.96,47.87,712.9,False
2024-01-20T12:15:30,37.97,47.24,619.2,False
2024-01-20T12:16:00,49.93,54.21,646.8,False
2024-01-20T12:16:30,42.21,50.6,620.7,False
2024-01-20T12:17:00,39.1,47.47,630.8,False
2024-01-20T12:17:30,40.37,47.61,612.9,False
2024-01-20T12:18:00,41.89,49.04,620.9,False
2024-01-20T12:18:30,41.91,46.94,664.6,False
2024-01-20T12:19:00,46.37,52.02,727.0,False
2024-01-20T12:19:30,42.26,50.42,686.7,False
2024-01-20T12:20:00,48.09,54.34,672.7,False
2024-01-20T12:20:30,41.25,50.37,623.4,False
2024-01-20T12:21:00,43.86,54.93,638.5,False
2024-01-20T12:21:30,45.67,53.88,707.6,False
2024-01-20T12:22:00,46.22,54.0,654.2,False
2024-01-20T12:22:30,46.6,53.45,595.8,False
2024-01-20T12:23:00,41.87,51.43,654.3,False
2024-01-20T12:23:30,42.7,50.33,662.8,False
2024-01-20T12:24:00,35.31,47.27,566.2,False
2024-01-20T12:24:30,42.18,54.36,711.6,False
2024-01-20T12:25:00,46.07,52.32,646.9,False
2024-01-20T12:25:30,45.52,49.52,720.8,False
2024-01-20T12:26:00,42.59,52.12,587.2,False
2024-01-20T12:26:30,47.98,55.17,694.9,False
2024-01-20T12:27:00,41.75,50.62,601.7,False
2024-01-20T12:27:30,40.79,46.07,623.4,False
2024-01-20T12:28:00,41.56,52.79,662.9,False
2024-01-20T12:28:30,39.62,49.71,594.2,False
2024-01-20T12:29:00,44.88,51.26,631.1,False
2024-01-20T12:29:30,43.91,53.77,642.3,False
2024-01-20T12:30:00,44.9,47.84,809.6,False
2024-01-20T12:30:30,41.85,50.59,642.9,False
2024-01-20T12:31:00,42.95,49.84,649.3,False
2024-01-20T12:31:30,36.61,50.74,610.3,False
2024-01-20T12:32:00,44.3,52.08,585.8,False
2024-01-20T12:32:30,43.5,49.47,684.8,False
2024-01-20T12:33:00,39.92,51.69,647.8,False
2024-01-20T12:33:30,42.94,46.0,572.1,False
2024-01-20T12:34:00,42.5,51.72,736.2,False
2024-01-20T12:34:30,48.6,51.23,688.9,False
2024-01-20T12:35:00,40.15,48.6,576.5,False
2024-01-20T12:35:30,44.35,51.15,667.3,False
2024-01-20T12:36:00,40.11,51.33,584.5,False
2024-01-20T12:36:30,41.73,54.73,569.4,False
2024-01-20T12:37:00,44.26,48.03,643.2,False
2024-01-20T12:37:30,42.82,51.77,633.5,False
2024-01-20T12:38:00,43.46,55.6,584.7,False
2024-01-20T12:38:30,44.51,50.57,624.8,False
2024-01-20T12:39:00,42.05,49.22,595.1,False
2024-01-20T12:39:30,46.21,53.05,655.4,False
2024-01-20T12:40:00,42.67,52.46,667.2,False
2024-01-20T12:40:30,43.32,52.45,652.2,False
2024-01-20T12:41:00,44.72,51.12,656.4,False
2024-01-20T12:41:30,44.34,50.04,581.7,False
2024-01-20T12:42:00,45.62,54.92,663.8,False
2024-01-20T12:42:30,44.66,50.26,613.8,False
2024-01-20T12:43:00,45.14,48.22,592.4,False
2024-01-20T12:43:30,42.78,47.97,677.4,False
2024-01-20T12:44:00,40.58,48.62,571.4,False
2024-01-20T12:44:30,39.52,52.23,619.9,False
2024-01-20T12:45:00,38.82,46.52,591.1,False
2024-01-20T12:45:30,49.14,57.1,655.0,False
2024-01-20T12:46:00,37.24,50.72,646.7,False
2024-01-20T12:46:30,47.48,53.68,655.8,False
2024-01-20T12:47:00,41.46,45.13,610.4,False
2024-01-20T12:47:30,47.51,50.88,650.7,False
2024-01-20T12:48:00,37.37,46.91,606.0,False
2024-01-20T12:48:30,43.29,54.6,640.0,False
2024-01-20T12:49:00,48.38,52.55,659.0,False
2024-01-20T12:49:30,46.18,51.05,632.6,False
2024-01-20T12:50:00,43.06,51.41,642.8,False
2024-01-20T12:50:30,38.26,45.81,580.1,False
2024-01-20T12:51:00,40.15,49.53,690.2,False
2024-01-20T12:51:30,48.31,52.06,665.4,False
2024-01-20T12:52:00,43.12,56.44,658.3,False
2024-01-20T12:52:30,43.97,49.66,648.1,False
2024-01-20T12:53:00,45.06,55.9,648.9,False
2024-01-20T12:53:30,40.32,47.39,658.5,False
2024-01-20T12:54:00,45.48,52.78,687.0,False
2024-01-20T12:54:30,43.02,52.02,666.6,False
2024-01-20T12:55:00,45.18,52.39,683.4,False
2024-01-20T12:55:30,42.59,50.97,576.1,False
2024-01-20T12:56:00,39.62,51.05,634.6,False
2024-01-20T12:56:30,43.08,51.9,634.8,False
2024-01-20T12:57:00,46.31,52.33,650.0,False
2024-01-20T12:57:30,45.59,50.97,803.2,False
2024-01-20T12:58:00,44.53,51.46,597.3,False
2024-01-20T12:58:30,47.15,52.75,673.6,False
2024-01-20T12:59:00,43.87,51.07,644.1,False
2024-01-20T12:59:30,44.67,52.02,654.1,False
2024-01-20T13:00:00,43.08,48.25,604.1,False
2024-01-20T13:00:30,47.41,51.18,688.3,False
2024-01-20T13:01:00,45.44,53.92,618.6,False
2024-01-20T13:01:30,42.92,46.49,654.7,False
2024-01-20T13:02:00,40.14,52.0,627.4,False
2024-01-20T13:02:30,47.94,52.39,673.8,False
2024-01-20T13:03:00,42.42,54.09,636.4,False
2024-01-20T13:03:30,44.89,54.44,722.5,False
2024-01-20T13:04:00,51.75,54.76,737.1,False
2024-01-20T13:04:30,47.12,52.66,683.9,False
2024-01-20T13:05:00,49.57,57.52,713.5,False
2024-01-20T13:05:30,43.14,53.66,646.7,False
2024-01-20T13:06:00,47.99,55.49,706.0,False
2024-01-20T13:06:30,44.88,54.28,634.8,False
2024-01-20T13:07:00,45.92,50.34,755.8,False
2024-01-20T13:07:30,50.9,55.41,714.7,False
2024-01-20T13:08:00,44.02,50.03,765.2,False
2024-01-20T13:08:30,44.94,49.8,748.2,False
2024-01-20T13:09:00,42.19,50.98,617.4,False
2024-01-20T13:09:30,47.59,52.52,690.3,False
2024-01-20T13:10:00,43.26,50.86,660.7,False
2024-01-20T13:10:30,48.03,52.58,721.6,False
2024-01-20T13:11:00,40.03,47.07,625.5,False
2024-01-20T13:11:30,46.65,56.28,721.5,False
2024-01-20T13:12:00,43.09,51.42,574.4,False
2024-01-20T13:12:30,47.23,50.3,653.5,False
2024-01-20T13:13:00,45.02,52.44,652.5,False
2024-01-20T13:13:30,43.47,54.35,621.1,False
2024-01-20T13:14:00,43.94,53.46,582.2,False
2024-01-20T13:14:30,42.57,49.82,675.9,False
2024-01-20T13:15:00,47.65,52.41,636.9,False
2024-01-20T13:15:30,42.01,48.67,609.1,False
2024-01-20T13:16:00,44.38,50.28,685.2,False
2024-01-20T13:16:30,46.23,51.37,718.8,False
2024-01-20T13:17:00,50.06,51.67,677.8,False
2024-01-20T13:17:30,45.21,51.3,620.2,False
2024-01-20T13:18:00,44.52,52.54,623.7,False
2024-01-20T13:18:30,46.09,51.8,713.3,False
2024-01-20T13:19:00,39.07,49.56,659.4,False
2024-01-20T13:19:30,41.71,53.69,647.2,False
2024-01-20T13:20:00,44.2,55.36,663.5,False
2024-01-20T13:20:30,43.21,51.06,592.9,False
2024-01-20T13:21:00,40.56,51.63,643.1,False
2024-01-20T13:21:30,47.96,53.24,715.1,False
2024-01-20T13:22:00,46.18,51.71,676.1,False
2024-01-20T13:22:30,45.84,50.28,674.8,False
2024-01-20T13:23:00,43.35,51.45,605.6,False
2024-01-20T13:23:30,45.69,54.62,712.3,False
2024-01-20T13:24:00,47.01,50.56,621.8,False
2024-01-20T13:24:30,44.69,51.38,656.9,False
2024-01-20T13:25:00,46.84,52.36,693.0,False
2024-01-20T13:25:30,43.14,51.67,690.7,False
2024-01-20T13:26:00,45.83,53.05,708.8,False
2024-01-20T13:26:30,48.99,55.18,737.5,False
2024-01-20T13:27:00,49.27,58.04,682.1,False
2024-01-20T13:27:30,49.58,52.66,789.6,False
2024-01-20T13:28:00,46.47,51.0,715.3,False
2024-01-20T13:28:30,45.72,52.97,651.7,False
2024-01-20T13:29:00,44.3,54.67,642.9,False
2024-01-20T13:29:30,40.24,46.81,652.3,False
2024-01-20T13:30:00,41.64,51.11,614.5,False
2024-01-20T13:30:30,45.19,51.82,610.4,False
2024-01-20T13:31:00,45.39,54.03,666.4,False
2024-01-20T13:31:30,49.96,55.86,608.8,False
2024-01-20T13:32:00,49.69,54.57,711.8,False
2024-01-20T13:32:30,43.7,52.45,675.1,False
2024-01-20T13:33:00,48.23,52.43,675.2,False
2024-01-20T13:33:30,44.36,53.41,700.9,False
2024-01-20T13:34:00,47.86,56.33,716.9,False
2024-01-20T13:34:30,48.24,53.96,645.2,False
2024-01-20T13:35:00,49.57,53.6,698.3,False
2024-01-20T13:35:30,44.38,51.54,634.3,False
2024-01-20T13:36:00,48.92,55.68,678.4,False
2024-01-20T13:36:30,40.27,49.69,668.0,False
2024-01-20T13:37:00,49.79,52.14,723.4,False
2024-01-20T13:37:30,45.84,54.47,638.0,False
2024-01-20T13:38:00,45.92,50.64,676.4,False
2024-01-20T13:38:30,39.84,50.41,588.5,False
2024-01-20T13:39:00,44.8,48.31,639.0,False
2024-01-20T13:39:30,50.05,54.89,761.9,False
2024-01-20T13:40:00,44.71,51.87,759.6,False
2024-01-20T13:40:30,48.15,49.79,756.4,False
2024-01-20T13:41:00,46.13,53.38,680.1,False
2024-01-20T13:41:30,49.23,52.07,701.2,False
2024-01-20T13:42:00,46.63,53.14,713.8,False
2024-01-20T13:42:30,43.27,50.47,650.2,False
2024-01-20T13:43:00,46.25,49.82,613.0,False
2024-01-20T13:43:30,50.9,53.02,780.0,False
2024-01-20T13:44:00,47.6,51.53,633.3,False
2024-01-20T13:44:30,45.78,54.52,714.5,False
2024-01-20T13:45:00,52.91,57.79,753.6,False
2024-01-20T13:45:30,49.63,58.87,771.4,False
2024-01-20T13:46:00,48.62,52.95,723.4,False
2024-01-20T13:46:30,47.13,52.15,653.5,False
2024-01-20T13:47:00,48.39,54.13,730.5,False
2024-01-20T13:47:30,48.5,53.21,673.4,False
2024-01-20T13:48:00,39.67,48.35,578.3,False
2024-01-20T13:48:30,47.42,53.5,606.1,False
2024-01-20T13:49:00,45.77,53.97,661.2,False
2024-01-20T13:49:30,59.51,55.21,1008.6,False
2024-01-20T13:50:00,74.27,65.67,1251.6,False
2024-01-20T13:50:30,89.02,71.39,1249.3,False
2024-01-20T13:51:00,89.79,74.27,1303.1,False
2024-01-20T13:51:30,87.86,74.48,1289.4,False
2024-01-20T13:52:00,88.94,76.39,1318.4,False
2024-01-20T13:52:30,90.31,73.98,1287.8,False
2024-01-20T13:53:00,88.34,74.07,1352.1,False
2024-01-20T13:53:30,88.02,70.34,1310.7,False
2024-01-20T13:54:00,89.1,72.52,1312.1,False
2024-01-20T13:54:30,89.12,74.67,1286.9,False
2024-01-20T13:55:00,89.66,71.81,1339.3,False
2024-01-20T13:55:30,87.64,75.99,1357.0,False
2024-01-20T13:56:00,86.47,73.98,1399.5,False
2024-01-20T13:56:30,89.94,72.86,1281.9,False
2024-01-20T13:57:00,87.93,70.7,1298.0,False
2024-01-20T13:57:30,88.41,72.47,1231.0,False
2024-01-20T13:58:00,74.03,64.92,1219.4,False
2024-01-20T13:58:30,59.38,56.96,1020.4,False
2024-01-20T13:59:00,47.35,50.57,989.8,False
2024-01-20T13:59:30,39.71,48.4,667.1,True
2024-01-20T14:00:00,38.45,49.69,591.1,True
2024-01-20T14:00:30,39.03,47.1,574.9,True
2024-01-20T14:01:00,36.59,48.19,645.5,True
2024-01-20T14:01:30,38.69,47.7,637.9,True
2024-01-20T14:02:00,36.89,48.68,550.0,True
2024-01-20T14:02:30,36.2,45.54,595.2,True
2024-01-20T14:03:00,41.82,50.49,600.4,True
2024-01-20T14:03:30,31.68,45.1,595.9,True
2024-01-20T14:04:00,32.79,48.14,567.2,True
2024-01-20T14:04:30,47.77,54.02,743.2,False
2024-01-20T14:05:00,45.83,52.45,629.4,False
2024-01-20T14:05:30,42.33,47.24,647.7,False
2024-01-20T14:06:00,43.48,49.71,647.4,False
2024-01-20T14:06:30,43.88,49.37,661.3,False
2024-01-20T14:07:00,49.35,52.05,672.1,False
2024-01-20T14:07:30,50.32,54.22,612.5,False
2024-01-20T14:08:00,51.61,55.31,740.0,False
2024-01-20T14:08:30,41.93,50.56,637.6,False
2024-01-20T14:09:00,42.61,52.86,607.6,False
2024-01-20T14:09:30,42.41,51.21,619.2,False
2024-01-20T14:10:00,50.59,51.88,658.0,False
2024-01-20T14:10:30,47.99,53.44,609.6,False
2024-01-20T14:11:00,46.99,53.7,717.4,False
2024-01-20T14:11:30,47.44,55.29,702.4,False
2024-01-20T14:12:00,46.59,52.03,618.7,False
2024-01-20T14:12:30,43.41,50.46,748.3,False
2024-01-20T14:13:00,48.32,55.36,641.5,False
2024-01-20T14:13:30,46.23,52.52,698.4,False
2024-01-20T14:14:00,43.2,47.45,645.7,False
2024-01-20T14:14:30,48.53,49.69,637.7,False
2024-01-20T14:15:00,45.54,55.5,678.3,False
2024-01-20T14:15:30,47.51,49.38,672.7,False
2024-01-20T14:16:00,46.46,51.95,646.2,False
2024-01-20T14:16:30,49.52,55.58,748.9,False
2024-01-20T14:17:00,47.51,49.28,705.0,False
2024-01-20T14:17:30,44.21,49.0,682.4,False
2024-01-20T14:18:00,47.83,50.48,674.0,False
2024-01-20T14:18:30,47.94,56.63,697.6,False
2024-01-20T14:19:00,48.42,57.31,686.2,False
2024-01-20T14:19:30,50.0,52.59,719.9,False
2024-01-20T14:20:00,45.05,52.75,621.5,False
2024-01-20T14:20:30,48.91,54.14,596.3,False
2024-01-20T14:21:00,41.74,49.37,688.1,False
2024-01-20T14:21:30,46.56,49.1,671.9,False
2024-01-20T14:22:00,46.1,56.74,691.7,False
2024-01-20T14:22:30,51.28,51.08,682.8,False
2024-01-20T14:23:00,46.47,52.73,662.8,False
2024-01-20T14:23:30,48.77,52.17,751.0,False
2024-01-20T14:24:00,41.67,51.93,647.9,False
2024-01-20T14:24:30,45.91,53.72,755.4,False
2024-01-20T14:25:00,44.43,49.34,691.1,False
2024-01-20T14:25:30,54.4,54.7,708.5,False
2024-01-20T14:26:00,44.98,48.47,677.5,False
2024-01-20T14:26:30,47.21,53.08,744.9,False
2024-01-20T14:27:00,47.37,54.19,687.8,False
2024-01-20T14:27:30,42.23,49.32,663.7,False
2024-01-20T14:28:00,45.43,51.31,719.9,False
2024-01-20T14:28:30,48.23,57.02,592.0,False
2024-01-20T14:29:00,47.28,54.6,706.3,False
2024-01-20T14:29:30,40.12,51.85,674.9,False
2024-01-20T14:30:00,45.33,47.27,631.9,False
2024-01-20T14:30:30,50.1,55.24,742.6,False
2024-01-20T14:31:00,48.81,54.0,690.2,False
2024-01-20T14:31:30,50.7,51.95,637.9,False
2024-01-20T14:32:00,44.09,49.06,684.4,False
2024-01-20T14:32:30,50.9,54.12,706.8,False
2024-01-20T14:33:00,46.93,49.88,672.5,False
2024-01-20T14:33:30,51.84,53.43,740.6,False
2024-01-20T14:34:00,47.08,51.72,638.7,False
2024-01-20T14:34:30,40.93,50.72,658.3,False
2024-01-20T14:35:00,49.63,52.51,660.5,False
2024-01-20T14:35:30,45.76,51.09,726.6,False
2024-01-20T14:36:00,45.96,54.14,713.3,False
2024-01-20T14:36:30,42.74,46.95,703.4,False
2024-01-20T14:37:00,51.97,55.55,734.3,False
2024-01-20T14:37:30,45.54,52.67,647.4,False
2024-01-20T14:38:00,51.83,55.87,685.8,False
2024-01-20T14:38:30,45.82,51.03,635.3,False
2024-01-20T14:39:00,44.33,49.16,647.8,False
2024-01-20T14:39:30,51.08,57.7,681.2,False
2024-01-20T14:40:00,46.9,50.86,688.2,False
2024-01-20T14:40:30,46.94,50.36,643.3,False
2024-01-20T14:41:00,43.29,50.81,621.4,False
2024-01-20T14:41:30,45.76,50.53,650.9,False
2024-01-20T14:42:00,48.43,55.44,656.4,False
2024-01-20T14:42:30,43.24,50.22,632.3,False
2024-01-20T14:43:00,45.53,54.26,687.6,False
2024-01-20T14:43:30,45.89,52.98,631.7,False
2024-01-20T14:44:00,47.35,52.04,630.7,False
2024-01-20T14:44:30,51.59,57.16,705.6,False
2024-01-20T14:45:00,46.26,50.97,624.5,False
2024-01-20T14:45:30,45.09,51.05,714.2,False
2024-01-20T14:46:00,55.4,57.9,715.3,False
2024-01-20T14:46:30,45.87,52.53,668.9,False
2024-01-20T14:47:00,46.6,51.1,690.9,False
2024-01-20T14:47:30,46.1,49.12,618.3,False
2024-01-20T14:48:00,46.34,52.28,637.0,False
2024-01-20T14:48:30,47.41,51.4,654.1,False
2024-01-20T14:49:00,49.94,54.18,730.8,False
2024-01-20T14:49:30,48.39,52.51,760.4,False
2024-01-20T14:50:00,50.41,52.93,777.5,False
2024-01-20T14:50:30,50.32,53.78,753.5,False
2024-01-20T14:51:00,47.81,52.92,632.9,False
2024-01-20T14:51:30,48.32,54.71,651.5,False
2024-01-20T14:52:00,50.51,55.26,759.6,False
2024-01-20T14:52:30,43.86,55.28,711.9,False
2024-01-20T14:53:00,54.69,56.79,769.3,False
2024-01-20T14:53:30,45.65,50.65,697.5,False
2024-01-20T14:54:00,46.14,51.9,652.0,False
2024-01-20T14:54:30,43.56,52.08,717.1,False
2024-01-20T14:55:00,43.65,53.0,620.0,False
2024-01-20T14:55:30,50.12,56.91,636.5,False
2024-01-20T14:56:00,54.01,54.14,764.1,False
2024-01-20T14:56:30,45.5,54.48,640.7,False
2024-01-20T14:57:00,48.24,53.2,634.0,False
2024-01-20T14:57:30,47.86,51.25,718.0,False
2024-01-20T14:58:00,50.2,53.87,628.5,False
2024-01-20T14:58:30,53.86,58.53,749.0,False
2024-01-20T14:59:00,51.76,55.98,696.2,False
2024-01-20T14:59:30,46.48,50.0,735.9,False
2024-01-20T15:00:00,48.79,51.17,708.6,False
2024-01-20T15:00:30,49.08,51.26,735.6,False
2024-01-20T15:01:00,47.14,51.29,633.7,False
2024-01-20T15:01:30,43.91,51.3,583.5,False
2024-01-20T15:02:00,44.8,49.34,643.9,False
2024-01-20T15:02:30,50.64,53.66,729.6,False
2024-01-20T15:03:00,50.95,57.47,710.5,False
2024-01-20T15:03:30,46.58,55.72,718.6,False
2024-01-20T15:04:00,47.98,56.29,705.7,False
2024-01-20T15:04:30,50.79,51.0,664.3,False
2024-01-20T15:05:00,42.08,53.59,655.2,False
2024-01-20T15:05:30,45.86,52.31,673.7,False
2024-01-20T15:06:00,53.25,55.98,776.8,False
2024-01-20T15:06:30,48.09,55.31,647.7,False
2024-01-20T15:07:00,43.8,52.51,623.9,False
2024-01-20T15:07:30,47.54,49.24,696.2,False
2024-01-20T15:08:00,50.25,53.11,758.6,False
2024-01-20T15:08:30,39.55,48.25,608.4,False
2024-01-20T15:09:00,47.71,50.41,705.6,False
2024-01-20T15:09:30,46.07,54.24,669.9,False
2024-01-20T15:10:00,42.26,53.22,636.3,False
2024-01-20T15:10:30,47.43,52.91,725.5,False
2024-01-20T15:11:00,46.77,53.2,678.5,False
2024-01-20T15:11:30,47.1,52.75,659.1,False
2024-01-20T15:12:00,46.13,52.48,649.0,False
2024-01-20T15:12:30,44.11,53.51,640.6,False
2024-01-20T15:13:00,42.8,47.09,614.8,False
2024-01-20T15:13:30,45.09,52.74,651.2,False
2024-01-20T15:14:00,49.74,54.12,700.3,False
2024-01-20T15:14:30,47.86,51.73,694.3,False
2024-01-20T15:15:00,46.95,51.7,636.2,False
2024-01-20T15:15:30,44.04,54.91,635.5,False
2024-01-20T15:16:00,46.03,49.59,653.4,False
2024-01-20T15:16:30,49.36,53.58,664.3,False
2024-01-20T15:17:00,48.66,56.82,666.1,False
2024-01-20T15:17:30,45.71,49.55,701.7,False
2024-01-20T15:18:00,39.3,47.98,669.0,False
2024-01-20T15:18:30,45.11,51.88,648.4,False
2024-01-20T15:19:00,45.68,52.91,637.0,False
2024-01-20T15:19:30,44.41,51.29,652.0,False
2024-01-20T15:20:00,45.88,50.4,670.5,False
2024-01-20T15:20:30,49.57,54.93,724.2,False
2024-01-20T15:21:00,47.0,52.55,660.2,False
2024-01-20T15:21:30,50.08,55.55,679.0,False
2024-01-20T15:22:00,42.58,52.39,738.7,False
2024-01-20T15:22:30,46.19,49.37,617.8,False
2024-01-20T15:23:00,41.28,51.96,666.3,False
2024-01-20T15:23:30,45.82,51.65,726.1,False
2024-01-20T15:24:00,43.95,52.88,641.5,False
2024-01-20T15:24:30,50.93,55.71,725.0,False
2024-01-20T15:25:00,48.31,57.12,619.4,False
2024-01-20T15:25:30,50.12,54.33,702.0,False
2024-01-20T15:26:00,45.78,51.35,712.7,False
2024-01-20T15:26:30,44.01,50.24,656.9,False
2024-01-20T15:27:00,43.91,49.15,652.8,False
2024-01-20T15:27:30,47.85,54.81,752.2,False
2024-01-20T15:28:00,52.48,53.31,752.6,False
2024-01-20T15:28:30,48.28,55.01,714.6,False
2024-01-20T15:29:00,45.92,51.78,634.9,False
2024-01-20T15:29:30,46.47,48.98,574.0,False
2024-01-20T15:30:00,46.94,55.72,690.4,False
2024-01-20T15:30:30,53.1,49.08,725.1,False
2024-01-20T15:31:00,50.72,54.47,736.3,False
2024-01-20T15:31:30,47.79,53.64,687.3,False
2024-01-20T15:32:00,47.34,48.34,680.5,False
2024-01-20T15:32:30,47.9,54.11,684.4,False
2024-01-20T15:33:00,48.48,52.18,643.4,False
2024-01-20T15:33:30,45.75,51.66,592.2,False
2024-01-20T15:34:00,44.45,54.2,620.2,False
2024-01-20T15:34:30,50.07,54.61,656.5,False
2024-01-20T15:35:00,47.03,52.11,674.4,False
2024-01-20T15:35:30,49.81,53.85,633.1,False
2024-01-20T15:36:00,51.89,58.79,696.1,False
2024-01-20T15:36:30,48.51,54.36,765.3,False
2024-01-20T15:37:00,48.02,51.54,681.1,False
2024-01-20T15:37:30,56.53,56.59,754.2,False
2024-01-20T15:38:00,47.55,50.69,681.0,False
2024-01-20T15:38:30,43.65,50.22,657.7,False
2024-01-20T15:39:00,46.07,55.55,647.5,False
2024-01-20T15:39:30,51.56,54.75,705.9,False
2024-01-20T15:40:00,43.01,48.14,622.4,False
2024-01-20T15:40:30,44.63,52.48,597.3,False
2024-01-20T15:41:00,50.2,53.62,748.5,False
2024-01-20T15:41:30,46.06,53.46,633.2,False
2024-01-20T15:42:00,46.53,52.09,736.3,False
2024-01-20T15:42:30,50.08,57.24,670.0,False
2024-01-20T15:43:00,44.7,49.84,603.3,False
2024-01-20T15:43:30,42.44,48.2,716.9,False
2024-01-20T15:44:00,42.67,52.53,582.1,False
2024-01-20T15:44:30,48.57,49.6,598.0,False
2024-01-20T15:45:00,47.59,52.77,622.9,False
2024-01-20T15:45:30,44.73,53.29,652.3,False
2024-01-20T15:46:00,43.32,46.6,593.1,False
2024-01-20T15:46:30,45.98,52.44,645.3,False
2024-01-20T15:47:00,50.13,51.4,619.7,False
2024-01-20T15:47:30,44.27,47.77,697.6,False
2024-01-20T15:48:00,44.78,49.58,675.0,False
2024-01-20T15:48:30,43.18,50.55,594.8,False
2024-01-20T15:49:00,45.64,50.74,572.5,False
2024-01-20T15:49:30,47.75,55.42,645.9,False
2024-01-20T15:50:00,53.07,56.04,750.6,False
2024-01-20T15:50:30,47.37,52.04,722.0,False
2024-01-20T15:51:00,46.55,49.99,662.9,False
2024-01-20T15:51:30,49.29,54.43,674.2,False
2024-01-20T15:52:00,48.78,57.85,667.1,False
2024-01-20T15:52:30,44.95,50.41,671.7,False
2024-01-20T15:53:00,53.57,54.96,763.9,False
2024-01-20T15:53:30,46.58,50.52,667.0,False
2024-01-20T15:54:00,47.36,55.39,663.9,False
2024-01-20T15:54:30,48.29,55.35,717.6,False
2024-01-20T15:55:00,47.67,52.29,741.1,False
2024-01-20T15:55:30,51.19,53.75,698.1,False
2024-01-20T15:56:00,44.84,49.88,662.1,False
2024-01-20T15:56:30,48.95,53.25,661.5,False
2024-01-20T15:57:00,47.08,54.93,679.8,False
2024-01-20T15:57:30,49.52,54.2,659.1,False
2024-01-20T15:58:00,45.92,54.89,724.2,False
2024-01-20T15:58:30,45.5,50.67,699.5,False
2024-01-20T15:59:00,48.74,49.11,759.4,False
2024-01-20T15:59:30,47.6,58.38,658.4,False
2024-01-20T16:00:00,44.06,51.82,735.3,False
2024-01-20T16:00:30,50.54,56.2,714.1,False
2024-01-20T16:01:00,48.69,52.14,684.2,False
2024-01-20T16:01:30,46.26,49.78,720.4,False
2024-01-20T16:02:00,45.07,52.21,619.7,False
2024-01-20T16:02:30,47.55,49.17,681.8,False
2024-01-20T16:03:00,48.43,53.06,681.2,False
2024-01-20T16:03:30,41.66,52.25,649.9,False
2024-01-20T16:04:00,47.55,54.05,662.7,False
2024-01-20T16:04:30,48.37,54.07,665.4,False
2024-01-20T16:05:00,39.34,52.54,599.5,False
2024-01-20T16:05:30,46.98,53.62,664.2,False
2024-01-20T16:06:00,48.46,49.8,690.8,False
2024-01-20T16:06:30,48.11,53.14,736.4,False
2024-01-20T16:07:00,48.76,57.62,603.8,False
2024-01-20T16:07:30,45.36,51.45,693.5,False
2024-01-20T16:08:00,43.21,54.72,626.8,False
2024-01-20T16:08:30,40.91,51.89,620.2,False
2024-01-20T16:09:00,49.58,53.36,653.2,False
2024-01-20T16:09:30,48.4,51.43,689.0,False
2024-01-20T16:10:00,49.78,54.96,682.6,False
2024-01-20T16:10:30,44.09,53.98,643.7,False
2024-01-20T16:11:00,48.66,50.57,712.6,False
2024-01-20T16:11:30,41.73,50.5,659.2,False
2024-01-20T16:12:00,43.61,47.12,705.7,False
2024-01-20T16:12:30,46.59,52.02,649.0,False
2024-01-20T16:13:00,48.18,50.19,712.8,False
2024-01-20T16:13:30,51.22,56.14,735.1,False
2024-01-20T16:14:00,45.45,50.75,667.1,False
2024-01-20T16:14:30,43.56,53.5,715.9,False
2024-01-20T16:15:00,43.39,50.02,621.6,False
2024-01-20T16:15:30,44.06,50.18,658.5,False
2024-01-20T16:16:00,52.77,52.57,734.4,False
2024-01-20T16:16:30,48.37,54.38,639.0,False
2024-01-20T16:17:00,49.42,55.11,746.0,False
2024-01-20T16:17:30,45.35,53.97,658.5,False
2024-01-20T16:18:00,46.05,53.75,685.9,False
2024-01-20T16:18:30,48.14,54.29,748.3,False
2024-01-20T16:19:00,44.51,52.87,664.7,False
2024-01-20T16:19:30,45.14,53.38,662.7,False
2024-01-20T16:20:00,43.97,53.23,654.4,False
2024-01-20T16:20:30,44.64,48.69,616.9,False
2024-01-20T16:21:00,46.11,51.56,653.7,False
2024-01-20T16:21:30,43.48,47.93,641.8,False
2024-01-20T16:22:00,46.79,53.49,678.3,False
2024-01-20T16:22:30,46.77,56.08,729.3,False
2024-01-20T16:23:00,45.37,53.91,700.1,False
2024-01-20T16:23:30,43.41,49.92,623.7,False
2024-01-20T16:24:00,46.19,53.54,668.6,False
2024-01-20T16:24:30,44.34,52.31,710.8,False
2024-01-20T16:25:00,45.98,52.9,598.9,False
2024-01-20T16:25:30,49.12,51.39,683.9,False
2024-01-20T16:26:00,42.05,53.1,584.2,False
2024-01-20T16:26:30,52.31,53.24,816.2,False
2024-01-20T16:27:00,45.56,51.49,695.4,False
2024-01-20T16:27:30,47.0,54.86,656.1,False
2024-01-20T16:28:00,43.49,50.44,646.5,False
2024-01-20T16:28:30,49.15,54.19,660.4,False
2024-01-20T16:29:00,45.33,52.36,742.3,False
2024-01-20T16:29:30,44.51,51.84,564.4,False
2024-01-20T16:30:00,43.95,51.66,664.7,False
2024-01-20T16:30:30,44.86,52.31,656.0,False
2024-01-20T16:31:00,46.9,53.06,634.0,False
2024-01-20T16:31:30,46.15,50.74,659.1,False
2024-01-20T16:32:00,45.49,49.11,599.1,False
2024-01-20T16:32:30,43.46,53.19,710.5,False
2024-01-20T16:33:00,43.27,53.19,647.2,False
2024-01-20T16:33:30,44.18,52.23,690.0,False
2024-01-20T16:34:00,46.92,53.59,656.0,False
2024-01-20T16:34:30,47.51,51.39,733.9,False
2024-01-20T16:35:00,47.9,48.54,684.6,False
2024-01-20T16:35:30,45.48,51.72,706.8,False
2024-01-20T16:36:00,46.62,48.99,695.7,False
2024-01-20T16:36:30,44.95,52.32,658.2,False
2024-01-20T16:37:00,40.21,52.19,661.7,False
2024-01-20T16:37:30,44.77,50.63,825.6,False
2024-01-20T16:38:00,44.27,50.5,608.9,False
2024-01-20T16:38:30,42.26,48.6,633.3,False
2024-01-20T16:39:00,43.66,51.4,597.5,False
2024-01-20T16:39:30,45.75,52.29,682.6,False
2024-01-20T16:40:00,41.93,48.41,644.4,False
2024-01-20T16:40:30,43.18,52.9,723.1,False
2024-01-20T16:41:00,49.93,59.86,689.2,False
2024-01-20T16:41:30,40.46,52.1,661.8,False
2024-01-20T16:42:00,44.7,51.62,574.4,False
2024-01-20T16:42:30,41.73,50.11,639.9,False
2024-01-20T16:43:00,42.96,49.95,608.9,False
2024-01-20T16:43:30,44.6,50.73,680.5,False
2024-01-20T16:44:00,42.21,52.52,683.8,False
2024-01-20T16:44:30,46.88,54.94,651.0,False
2024-01-20T16:45:00,49.19,51.76,715.2,False
2024-01-20T16:45:30,47.64,54.06,666.9,False
2024-01-20T16:46:00,48.17,55.81,687.3,False
2024-01-20T16:46:30,40.94,49.27,644.0,False
2024-01-20T16:47:00,44.33,51.25,614.5,False
2024-01-20T16:47:30,46.44,54.12,631.6,False
2024-01-20T16:48:00,47.63,54.77,715.8,False
2024-01-20T16:48:30,50.26,55.5,675.0,False
2024-01-20T16:49:00,48.19,54.11,736.7,False
2024-01-20T16:49:30,47.65,54.12,610.2,False
2024-01-20T16:50:00,52.84,55.38,760.1,False
2024-01-20T16:50:30,45.21,49.89,662.0,False
2024-01-20T16:51:00,44.03,48.42,648.5,False
2024-01-20T16:51:30,45.41,53.42,669.2,False
2024-01-20T16:52:00,42.11,50.79,579.1,False
2024-01-20T16:52:30,45.04,52.95,705.2,False
2024-01-20T16:53:00,39.64,47.68,599.9,False
2024-01-20T16:53:30,43.21,51.33,612.3,False
2024-01-20T16:54:00,44.43,51.9,742.0,False
2024-01-20T16:54:30,47.6,55.89,666.9,False
2024-01-20T16:55:00,48.07,55.27,650.0,False
2024-01-20T16:55:30,41.82,48.96,667.1,False
2024-01-20T16:56:00,50.92,56.0,717.9,False
2024-01-20T16:56:30,45.12,50.6,701.3,False
2024-01-20T16:57:00,45.37,47.0,666.3,False
2024-01-20T16:57:30,39.78,52.88,656.4,False
2024-01-20T16:58:00,42.75,50.16,724.1,False
2024-01-20T16:58:30,47.74,55.49,651.6,False
2024-01-20T16:59:00,45.07,50.76,642.2,False
2024-01-20T16:59:30,44.87,50.36,594.8,False
2024-01-20T17:00:00,45.2,51.05,676.8,False
2024-01-20T17:00:30,40.17,50.14,626.4,False
2024-01-20T17:01:00,44.19,51.99,704.0,False
2024-01-20T17:01:30,48.68,54.88,688.3,False
2024-01-20T17:02:00,47.69,52.4,678.2,False
2024-01-20T17:02:30,44.04,51.65,660.1,False
2024-01-20T17:03:00,49.08,52.41,683.3,False
2024-01-20T17:03:30,40.59,52.79,639.4,False
2024-01-20T17:04:00,41.43,47.64,640.5,False
2024-01-20T17:04:30,49.91,52.87,720.9,False
2024-01-20T17:05:00,46.03,51.73,659.1,False
2024-01-20T17:05:30,43.41,56.04,669.3,False
2024-01-20T17:06:00,44.09,53.14,677.4,False
2024-01-20T17:06:30,41.81,48.76,621.4,False
2024-01-20T17:07:00,45.04,53.73,657.0,False
2024-01-20T17:07:30,44.78,52.99,651.2,False
2024-01-20T17:08:00,44.22,52.23,604.7,False
2024-01-20T17:08:30,40.66,51.29,605.8,False
2024-01-20T17:09:00,44.91,52.14,689.7,False
2024-01-20T17:09:30,42.5,51.17,673.9,False
2024-01-20T17:10:00,41.11,47.02,642.4,False
2024-01-20T17:10:30,47.85,56.38,642.2,False
2024-01-20T17:11:00,50.53,53.95,743.4,False
2024-01-20T17:11:30,49.83,52.02,772.7,False
2024-01-20T17:12:00,45.92,51.53,691.1,False
2024-01-20T17:12:30,43.15,50.23,645.1,False
2024-01-20T17:13:00,43.72,49.84,615.2,False
2024-01-20T17:13:30,45.12,53.7,660.4,False
2024-01-20T17:14:00,42.62,52.84,621.1,False
2024-01-20T17:14:30,47.81,49.58,674.5,False
2024-01-20T17:15:00,37.72,47.42,653.4,False
2024-01-20T17:15:30,42.92,50.16,678.7,False
2024-01-20T17:16:00,46.18,52.34,655.8,False
2024-01-20T17:16:30,41.22,53.62,633.3,False
2024-01-20T17:17:00,43.01,49.47,643.9,False
2024-01-20T17:17:30,45.49,55.47,646.6,False
2024-01-20T17:18:00,48.24,53.43,632.2,False
2024-01-20T17:18:30,39.78,52.63,651.3,False
2024-01-20T17:19:00,39.53,48.74,663.5,False
2024-01-20T17:19:30,40.77,49.13,601.9,False
2024-01-20T17:20:00,38.97,49.04,585.6,False
2024-01-20T17:20:30,39.16,51.77,649.6,False
2024-01-20T17:21:00,40.62,50.23,598.3,False
2024-01-20T17:21:30,47.21,53.63,622.2,False
2024-01-20T17:22:00,42.55,52.16,622.6,False
2024-01-20T17:22:30,43.55,49.63,702.7,False
2024-01-20T17:23:00,40.57,50.57,603.6,False
2024-01-20T17:23:30,45.31,51.01,636.5,False
2024-01-20T17:24:00,49.01,57.06,673.2,False
2024-01-20T17:24:30,40.69,50.8,579.5,False
2024-01-20T17:25:00,48.5,55.26,635.3,False
2024-01-20T17:25:30,44.4,47.74,644.7,False
2024-01-20T17:26:00,43.33,52.7,590.5,False
2024-01-20T17:26:30,44.45,51.5,639.7,False
2024-01-20T17:27:00,44.4,48.95,665.7,False
2024-01-20T17:27:30,48.77,54.2,705.2,False
2024-01-20T17:28:00,44.73,48.96,652.2,False
2024-01-20T17:28:30,44.77,53.24,610.2,False
2024-01-20T17:29:00,41.86,53.43,618.4,False
2024-01-20T17:29:30,45.61,48.86,678.7,False
2024-01-20T17:30:00,40.2,49.67,646.4,False
2024-01-20T17:30:30,43.37,50.99,636.0,False
2024-01-20T17:31:00,51.66,51.49,685.2,False
2024-01-20T17:31:30,35.48,49.21,587.1,False
2024-01-20T17:32:00,43.66,52.72,635.1,False
2024-01-20T17:32:30,43.75,55.57,609.3,False
2024-01-20T17:33:00,42.22,51.75,650.1,False
2024-01-20T17:33:30,42.27,49.02,638.9,False
2024-01-20T17:34:00,43.13,52.24,600.7,False
2024-01-20T17:34:30,42.07,53.25,611.3,False
2024-01-20T17:35:00,43.46,50.45,640.1,False
2024-01-20T17:35:30,41.31,52.01,569.5,False
2024-01-20T17:36:00,48.81,49.35,661.4,False
2024-01-20T17:36:30,41.96,53.58,661.0,False
2024-01-20T17:37:00,44.4,53.46,635.6,False
2024-01-20T17:37:30,40.65,44.9,593.3,False
2024-01-20T17:38:00,45.43,53.14,706.8,False
2024-01-20T17:38:30,44.81,48.09,672.4,False
2024-01-20T17:39:00,43.84,50.36,678.5,False
2024-01-20T17:39:30,39.47,50.75,584.3,False
2024-01-20T17:40:00,40.26,49.52,610.7,False
2024-01-20T17:40:30,47.55,55.96,680.0,False
2024-01-20T17:41:00,40.17,49.88,630.5,False
2024-01-20T17:41:30,44.36,51.77,746.3,False
2024-01-20T17:42:00,39.57,51.65,620.0,False
2024-01-20T17:42:30,45.41,51.7,706.6,False
2024-01-20T17:43:00,40.29,49.77,713.9,False
2024-01-20T17:43:30,39.43,49.61,684.1,False
2024-01-20T17:44:00,40.16,49.62,627.6,False
2024-01-20T17:44:30,40.6,52.3,670.7,False
2024-01-20T17:45:00,43.45,50.07,652.7,False
2024-01-20T17:45:30,42.42,49.23,637.8,False
2024-01-20T17:46:00,38.89,47.01,644.8,False
2024-01-20T17:46:30,42.07,46.43,671.9,False
2024-01-20T17:47:00,38.69,52.0,629.8,False
2024-01-20T17:47:30,44.02,49.9,645.5,False
2024-01-20T17:48:00,44.54,51.48,637.0,False
2024-01-20T17:48:30,41.96,53.79,587.4,False
2024-01-20T17:49:00,42.82,50.82,649.1,False
2024-01-20T17:49:30,47.23,54.34,687.3,False
2024-01-20T17:50:00,41.47,47.59,665.0,False
2024-01-20T17:50:30,39.08,52.03,554.3,False
2024-01-20T17:51:00,43.62,51.27,653.2,False
2024-01-20T17:51:30,38.46,46.89,599.6,False
2024-01-20T17:52:00,41.2,48.26,627.3,False
2024-01-20T17:52:30,40.0,53.08,669.8,False
2024-01-20T17:53:00,39.66,48.36,668.6,False
2024-01-20T17:53:30,40.99,48.21,668.5,False
2024-01-20T17:54:00,44.41,51.04,659.0,False
2024-01-20T17:54:30,45.0,52.3,652.4,False
2024-01-20T17:55:00,44.43,52.23,703.6,False
2024-01-20T17:55:30,42.63,51.91,709.4,False
2024-01-20T17:56:00,40.81,50.59,690.5,False
2024-01-20T17:56:30,34.48,48.25,595.4,False
2024-01-20T17:57:00,42.63,50.48,642.6,False
2024-01-20T17:57:30,34.66,51.19,604.9,False
2024-01-20T17:58:00,35.7,46.59,615.8,False
2024-01-20T17:58:30,40.95,52.9,611.6,False
2024-01-20T17:59:00,42.2,49.62,629.9,False
2024-01-20T17:59:30,40.02,46.88,742.1,False
2024-01-20T18:00:00,45.95,49.37,651.6,False
2024-01-20T18:00:30,42.7,51.68,675.7,False
2024-01-20T18:01:00,40.53,52.32,603.7,False
2024-01-20T18:01:30,45.41,50.13,658.3,False
2024-01-20T18:02:00,45.91,50.93,630.4,False
2024-01-20T18:02:30,42.73,51.87,605.0,False
2024-01-20T18:03:00,38.83,49.14,635.3,False
2024-01-20T18:03:30,39.47,48.3,635.7,False
2024-01-20T18:04:00,36.75,45.55,667.6,False
2024-01-20T18:04:30,40.94,50.82,628.5,False
2024-01-20T18:05:00,37.88,49.99,609.3,False
2024-01-20T18:05:30,40.01,50.73,618.4,False
2024-01-20T18:06:00,41.75,50.67,595.1,False
2024-01-20T18:06:30,34.98,45.13,603.5,False
2024-01-20T18:07:00,37.11,48.93,590.1,False
2024-01-20T18:07:30,39.35,49.9,557.4,False
2024-01-20T18:08:00,40.68,47.46,669.8,False
2024-01-20T18:08:30,39.33,48.81,591.6,False
2024-01-20T18:09:00,39.97,50.47,632.9,False
2024-01-20T18:09:30,38.63,48.91,623.7,False
2024-01-20T18:10:00,36.36,44.02,599.3,False
2024-01-20T18:10:30,39.08,48.01,572.4,False
2024-01-20T18:11:00,40.01,48.35,675.9,False
2024-01-20T18:11:30,39.68,50.72,588.3,False
2024-01-20T18:12:00,40.92,55.42,529.1,False
2024-01-20T18:12:30,41.81,50.93,668.4,False
2024-01-20T18:13:00,42.56,48.65,673.1,False
2024-01-20T18:13:30,38.58,48.74,560.9,False
2024-01-20T18:14:00,35.73,47.65,585.6,False
2024-01-20T18:14:30,44.24,53.4,697.1,False
2024-01-20T18:15:00,41.54,53.03,688.8,False
2024-01-20T18:15:30,37.49,51.3,624.4,False
2024-01-20T18:16:00,41.15,51.42,662.3,False
2024-01-20T18:16:30,43.49,51.52,676.6,False
2024-01-20T18:17:00,45.44,55.46,658.1,False
2024-01-20T18:17:30,40.97,49.57,584.2,False
2024-01-20T18:18:00,43.37,51.57,636.5,False
2024-01-20T18:18:30,36.53,47.56,637.2,False
2024-01-20T18:19:00,40.02,45.53,664.7,False
2024-01-20T18:19:30,39.08,51.87,620.8,False
2024-01-20T18:20:00,41.08,51.68,615.3,False
2024-01-20T18:20:30,44.86,47.47,728.2,False
2024-01-20T18:21:00,40.74,52.16,630.9,False
2024-01-20T18:21:30,37.14,47.75,622.6,False
2024-01-20T18:22:00,36.13,49.83,540.8,False
2024-01-20T18:22:30,44.83,52.36,656.4,False
2024-01-20T18:23:00,41.4,47.78,674.6,False
2024-01-20T18:23:30,41.17,50.43,574.5,False
2024-01-20T18:24:00,38.76,47.38,608.5,False
2024-01-20T18:24:30,40.56,47.63,640.8,False
2024-01-20T18:25:00,36.76,49.91,651.2,False
2024-01-20T18:25:30,40.85,51.01,665.8,False
2024-01-20T18:26:00,36.13,50.86,656.7,False
2024-01-20T18:26:30,38.54,48.28,641.6,False
2024-01-20T18:27:00,37.65,46.71,636.8,False
2024-01-20T18:27:30,29.78,45.97,500.0,False
2024-01-20T18:28:00,38.47,47.38,568.4,False
2024-01-20T18:28:30,36.78,47.58,661.5,False
2024-01-20T18:29:00,38.81,50.27,592.4,False
2024-01-20T18:29:30,39.42,49.27,593.7,False
2024-01-20T18:30:00,44.68,51.18,565.1,False
2024-01-20T18:30:30,40.26,47.14,664.5,False
2024-01-20T18:31:00,40.31,51.85,577.7,False
2024-01-20T18:31:30,40.76,49.46,593.3,False
2024-01-20T18:32:00,41.85,51.98,678.6,False
2024-01-20T18:32:30,40.56,51.08,536.2,False
2024-01-20T18:33:00,40.01,52.01,674.4,False
2024-01-20T18:33:30,41.27,49.99,597.0,False
2024-01-20T18:34:00,31.82,45.04,548.7,False
2024-01-20T18:34:30,45.33,50.28,631.6,False
2024-01-20T18:35:00,43.8,50.64,597.2,False
2024-01-20T18:35:30,39.64,50.33,586.8,False
2024-01-20T18:36:00,34.72,45.56,544.6,False
2024-01-20T18:36:30,42.55,51.74,591.2,False
2024-01-20T18:37:00,36.8,51.17,656.1,False
2024-01-20T18:37:30,40.45,49.17,584.8,False
2024-01-20T18:38:00,34.97,44.69,504.2,False
2024-01-20T18:38:30,45.46,51.74,581.1,False
2024-01-20T18:39:00,34.42,44.2,592.8,False
2024-01-20T18:39:30,38.91,51.97,542.0,False
2024-01-20T18:40:00,32.31,46.17,551.3,False
2024-01-20T18:40:30,38.51,47.65,686.9,False
2024-01-20T18:41:00,37.32,47.39,605.9,False
2024-01-20T18:41:30,41.98,48.47,648.8,False
2024-01-20T18:42:00,37.25,50.5,576.8,False
2024-01-20T18:42:30,41.91,54.48,634.7,False
2024-01-20T18:43:00,35.38,44.56,574.4,False
2024-01-20T18:43:30,37.57,50.73,612.9,False
2024-01-20T18:44:00,37.6,48.16,667.1,False
2024-01-20T18:44:30,39.83,52.31,601.6,False
2024-01-20T18:45:00,39.42,45.9,583.8,False
2024-01-20T18:45:30,40.44,50.53,620.5,False
2024-01-20T18:46:00,39.04,48.57,650.7,False
2024-01-20T18:46:30,40.19,51.28,608.0,False
2024-01-20T18:47:00,35.47,47.72,594.4,False
2024-01-20T18:47:30,39.3,49.56,634.8,False
2024-01-20T18:48:00,42.92,51.12,729.4,False
2024-01-20T18:48:30,33.02,49.5,601.0,False
2024-01-20T18:49:00,39.49,49.27,581.0,False
2024-01-20T18:49:30,40.01,51.61,532.5,False
2024-01-20T18:50:00,42.33,52.3,644.7,False
2024-01-20T18:50:30,40.09,51.7,592.5,False
2024-01-20T18:51:00,38.17,46.94,586.0,False
2024-01-20T18:51:30,39.13,50.86,573.2,False
2024-01-20T18:52:00,35.59,48.35,564.5,False
2024-01-20T18:52:30,36.6,45.8,571.8,False
2024-01-20T18:53:00,33.72,46.32,565.1,False
2024-01-20T18:53:30,42.15,55.55,610.3,False
2024-01-20T18:54:00,39.0,48.6,583.3,False
2024-01-20T18:54:30,34.86,46.59,600.1,False
2024-01-20T18:55:00,38.39,49.99,607.0,False
2024-01-20T18:55:30,41.02,49.32,628.3,False
2024-01-20T18:56:00,40.48,50.41,621.9,False
2024-01-20T18:56:30,34.68,46.34,541.6,False
2024-01-20T18:57:00,28.02,44.71,581.7,False
2024-01-20T18:57:30,38.58,49.06,689.9,False
2024-01-20T18:58:00,34.69,51.15,627.1,False
2024-01-20T18:58:30,39.18,49.58,542.9,False
2024-01-20T18:59:00,40.13,49.52,594.5,False
2024-01-20T18:59:30,40.58,52.25,653.0,False
2024-01-20T19:00:00,42.43,48.34,609.5,False
2024-01-20T19:00:30,40.87,53.73,598.9,False
2024-01-20T19:01:00,42.37,49.12,584.1,False
2024-01-20T19:01:30,41.22,52.91,615.3,False
2024-01-20T19:02:00,41.45,53.55,598.7,False
2024-01-20T19:02:30,36.89,47.3,499.5,False
2024-01-20T19:03:00,33.11,45.61,610.9,False
2024-01-20T19:03:30,44.38,51.89,671.7,False
2024-01-20T19:04:00,37.09,49.7,543.3,False
2024-01-20T19:04:30,40.54,48.19,659.1,False
2024-01-20T19:05:00,35.17,47.29,586.4,False
2024-01-20T19:05:30,39.67,49.13,663.8,False
2024-01-20T19:06:00,29.41,42.32,564.6,False
2024-01-20T19:06:30,35.47,45.57,552.8,False
2024-01-20T19:07:00,36.37,48.37,617.7,False
2024-01-20T19:07:30,38.02,49.16,632.6,False
2024-01-20T19:08:00,39.81,48.3,660.7,False
2024-01-20T19:08:30,33.27,46.72,606.0,False
2024-01-20T19:09:00,38.49,47.88,691.1,False
2024-01-20T19:09:30,40.15,52.62,659.3,False
2024-01-20T19:10:00,43.47,51.47,616.4,False
2024-01-20T19:10:30,38.52,51.39,615.2,False
2024-01-20T19:11:00,34.98,44.04,537.9,False
2024-01-20T19:11:30,32.5,46.84,608.4,False
2024-01-20T19:12:00,41.77,52.02,599.9,False
2024-01-20T19:12:30,38.45,48.89,696.9,False
2024-01-20T19:13:00,36.14,46.93,577.4,False
2024-01-20T19:13:30,31.3,45.29,548.7,False
2024-01-20T19:14:00,33.33,48.1,548.1,False
2024-01-20T19:14:30,37.98,46.52,575.2,False
2024-01-20T19:15:00,37.11,49.9,575.6,False
2024-01-20T19:15:30,30.17,45.67,550.6,False
2024-01-20T19:16:00,37.87,48.36,603.6,False
2024-01-20T19:16:30,31.22,45.13,532.7,False
2024-01-20T19:17:00,39.95,50.06,631.9,False
2024-01-20T19:17:30,36.48,51.51,570.1,False
2024-01-20T19:18:00,34.42,47.86,575.2,False
2024-01-20T19:18:30,38.74,47.45,680.6,False
2024-01-20T19:19:00,36.79,47.49,571.4,False
2024-01-20T19:19:30,39.67,47.51,605.2,False
2024-01-20T19:20:00,35.89,44.13,541.0,False
2024-01-20T19:20:30,36.03,45.66,574.7,False
2024-01-20T19:21:00,34.72,47.57,592.7,False
2024-01-20T19:21:30,36.32,50.68,569.4,False
2024-01-20T19:22:00,40.59,52.26,579.3,False
2024-01-20T19:22:30,33.95,44.63,586.0,False
2024-01-20T19:23:00,37.36,47.06,617.6,False
2024-01-20T19:23:30,32.73,44.46,586.4,False
2024-01-20T19:24:00,29.14,39.38,483.5,False
2024-01-20T19:24:30,35.92,47.6,642.2,False
2024-01-20T19:25:00,36.37,49.77,571.4,False
2024-01-20T19:25:30,34.89,46.92,538.8,False
2024-01-20T19:26:00,30.69,42.79,586.5,False
2024-01-20T19:26:30,36.05,46.32,641.8,False
2024-01-20T19:27:00,35.89,47.28,574.5,False
2024-01-20T19:27:30,32.39,47.72,525.8,False
2024-01-20T19:28:00,30.95,45.1,565.3,False
2024-01-20T19:28:30,34.22,48.37,520.4,False
2024-01-20T19:29:00,36.89,48.28,697.2,False
2024-01-20T19:29:30,36.14,48.54,547.9,False
2024-01-20T19:30:00,32.21,44.22,571.9,False
2024-01-20T19:30:30,35.22,46.24,575.4,False
2024-01-20T19:31:00,37.43,46.2,562.7,False
2024-01-20T19:31:30,31.22,46.81,512.3,False
2024-01-20T19:32:00,34.88,46.86,624.2,False
2024-01-20T19:32:30,38.67,42.14,624.1,False
2024-01-20T19:33:00,30.79,46.36,518.5,False
2024-01-20T19:33:30,38.04,50.97,581.9,False
2024-01-20T19:34:00,39.39,48.08,582.6,False
2024-01-20T19:34:30,33.82,47.88,605.8,False
2024-01-20T19:35:00,33.42,46.3,604.3,False
2024-01-20T19:35:30,37.51,44.53,621.2,False
2024-01-20T19:36:00,33.81,50.82,580.6,False
2024-01-20T19:36:30,27.27,43.24,543.2,False
2024-01-20T19:37:00,33.99,47.41,506.0,False
2024-01-20T19:37:30,35.66,46.6,596.3,False
2024-01-20T19:38:00,36.42,47.64,634.1,False
2024-01-20T19:38:30,31.52,46.1,561.4,False
2024-01-20T19:39:00,51.31,53.59,1012.6,False
2024-01-20T19:39:30,69.31,68.07,1129.0,False
2024-01-20T19:40:00,87.31,75.35,1275.7,False
2024-01-20T19:40:30,85.12,73.62,1260.1,False
2024-01-20T19:41:00,88.33,73.91,1315.6,False
2024-01-20T19:41:30,87.66,72.34,1281.9,False
2024-01-20T19:42:00,87.62,75.9,1228.0,False
2024-01-20T19:42:30,87.61,75.06,1332.8,False
2024-01-20T19:43:00,85.25,71.86,1302.9,False
2024-01-20T19:43:30,86.32,71.03,1304.8,False
2024-01-20T19:44:00,86.86,70.31,1257.4,False
2024-01-20T19:44:30,86.56,73.37,1272.8,False
2024-01-20T19:45:00,87.04,73.06,1317.1,False
2024-01-20T19:45:30,87.55,76.19,1301.5,False
2024-01-20T19:46:00,88.31,76.18,1278.6,False
2024-01-20T19:46:30,85.83,73.04,1338.6,False
2024-01-20T19:47:00,87.3,73.53,1264.5,False
2024-01-20T19:47:30,69.94,62.71,1040.1,False
2024-01-20T19:48:00,50.71,57.53,1009.2,False
2024-01-20T19:48:30,34.81,47.34,883.7,False
2024-01-20T19:49:00,30.08,45.54,542.9,True
2024-01-20T19:49:30,26.8,45.05,530.5,True
2024-01-20T19:50:00,31.14,43.73,526.8,True
2024-01-20T19:50:30,22.94,39.11,524.6,True
2024-01-20T19:51:00,22.65,45.56,426.5,True
2024-01-20T19:51:30,28.84,44.91,529.9,True
2024-01-20T19:52:00,24.47,40.98,470.8,True
2024-01-20T19:52:30,31.31,47.44,590.7,True
2024-01-20T19:53:00,29.58,43.48,504.9,True
2024-01-20T19:53:30,30.15,45.03,544.0,True
2024-01-20T19:54:00,35.53,45.94,587.7,False
2024-01-20T19:54:30,30.07,44.31,548.4,False
2024-01-20T19:55:00,27.82,42.67,493.4,False
2024-01-20T19:55:30,37.24,46.43,612.6,False
2024-01-20T19:56:00,28.21,43.91,526.9,False
2024-01-20T19:56:30,37.43,46.75,613.1,False
2024-01-20T19:57:00,34.64,47.79,640.1,False
2024-01-20T19:57:30,32.36,44.89,563.5,False
2024-01-20T19:58:00,33.87,42.82,531.2,False
2024-01-20T19:58:30,33.9,47.51,649.6,False
2024-01-20T19:59:00,31.85,46.53,594.0,False
2024-01-20T19:59:30,36.7,52.18,619.7,False
2024-01-20T20:00:00,36.55,47.64,585.1,False
2024-01-20T20:00:30,32.8,46.1,592.0,False
2024-01-20T20:01:00,30.49,45.53,461.6,False
2024-01-20T20:01:30,36.17,49.45,651.2,False
2024-01-20T20:02:00,26.14,44.32,545.0,False
2024-01-20T20:02:30,33.5,46.72,560.9,False
2024-01-20T20:03:00,34.34,46.44,609.6,False
2024-01-20T20:03:30,29.6,45.82,561.5,False
2024-01-20T20:04:00,34.96,46.67,539.3,False
2024-01-20T20:04:30,31.92,42.72,562.5,False
2024-01-20T20:05:00,30.32,41.5,557.5,False
2024-01-20T20:05:30,34.8,46.16,573.1,False
2024-01-20T20:06:00,28.61,43.89,520.1,False
2024-01-20T20:06:30,34.43,51.51,611.5,False
2024-01-20T20:07:00,25.84,42.03,513.7,False
2024-01-20T20:07:30,32.6,45.74,635.9,False
2024-01-20T20:08:00,31.83,44.46,528.5,False
2024-01-20T20:08:30,30.04,45.61,556.7,False
2024-01-20T20:09:00,32.78,46.31,525.4,False
2024-01-20T20:09:30,31.33,43.75,577.8,False
2024-01-20T20:10:00,34.69,44.68,533.0,False
2024-01-20T20:10:30,33.17,45.14,576.9,False
2024-01-20T20:11:00,32.8,44.07,609.6,False
2024-01-20T20:11:30,32.28,45.04,560.3,False
2024-01-20T20:12:00,29.94,44.62,499.9,False
2024-01-20T20:12:30,30.41,43.57,581.1,False
2024-01-20T20:13:00,32.02,48.28,570.6,False
2024-01-20T20:13:30,30.71,47.04,542.3,False
2024-01-20T20:14:00,34.52,46.17,537.5,False
2024-01-20T20:14:30,31.43,43.15,487.0,False
2024-01-20T20:15:00,32.23,45.43,647.9,False
2024-01-20T20:15:30,26.85,42.53,491.9,False
2024-01-20T20:16:00,33.85,46.17,531.1,False
2024-01-20T20:16:30,29.23,43.2,546.4,False
2024-01-20T20:17:00,27.8,41.18,481.7,False
2024-01-20T20:17:30,35.83,47.36,606.5,False
2024-01-20T20:18:00,32.94,45.15,617.5,False
2024-01-20T20:18:30,33.73,45.73,527.6,False
2024-01-20T20:19:00,32.12,45.63,545.0,False
2024-01-20T20:19:30,30.44,44.47,560.7,False
2024-01-20T20:20:00,29.83,44.45,490.0,False
2024-01-20T20:20:30,32.97,45.08,527.3,False
2024-01-20T20:21:00,33.99,47.1,567.2,False
2024-01-20T20:21:30,30.34,43.13,621.1,False
2024-01-20T20:22:00,36.72,45.58,559.6,False
2024-01-20T20:22:30,29.87,42.55,527.6,False
2024-01-20T20:23:00,26.23,41.16,609.1,False
2024-01-20T20:23:30,25.21,39.43,533.5,False
2024-01-20T20:24:00,25.27,38.65,434.4,False
2024-01-20T20:24:30,29.04,44.93,523.0,False
2024-01-20T20:25:00,29.55,46.72,559.8,False
2024-01-20T20:25:30,32.25,46.64,615.8,False
2024-01-20T20:26:00,30.07,43.47,596.3,False
2024-01-20T20:26:30,32.64,42.3,583.6,False
2024-01-20T20:27:00,30.21,44.89,570.3,False
2024-01-20T20:27:30,30.07,41.23,488.6,False
2024-01-20T20:28:00,28.25,43.36,498.3,False
2024-01-20T20:28:30,34.21,44.92,521.8,False
2024-01-20T20:29:00,25.3,37.5,543.6,False
2024-01-20T20:29:30,30.76,47.76,561.1,False
2024-01-20T20:30:00,29.27,41.54,538.4,False
2024-01-20T20:30:30,32.11,44.76,618.6,False
2024-01-20T20:31:00,29.66,43.99,558.8,False
2024-01-20T20:31:30,29.71,43.33,583.2,False
2024-01-20T20:32:00,28.84,44.77,561.0,False
2024-01-20T20:32:30,33.77,44.83,604.3,False
2024-01-20T20:33:00,29.56,44.97,494.8,False
2024-01-20T20:33:30,35.42,47.77,622.3,False
2024-01-20T20:34:00,30.28,41.81,561.2,False
2024-01-20T20:34:30,29.49,44.65,519.5,False
2024-01-20T20:35:00,28.94,41.79,558.9,False
2024-01-20T20:35:30,31.03,42.62,599.7,False
2024-01-20T20:36:00,27.53,43.78,516.3,False
2024-01-20T20:36:30,29.68,43.46,507.5,False
2024-01-20T20:37:00,29.23,44.8,505.7,False
2024-01-20T20:37:30,30.14,45.27,485.3,False
2024-01-20T20:38:00,30.17,41.67,534.6,False
2024-01-20T20:38:30,30.28,46.06,565.8,False
2024-01-20T20:39:00,29.32,44.67,603.9,False
2024-01-20T20:39:30,33.69,45.12,537.3,False
2024-01-20T20:40:00,30.21,44.28,556.1,False
2024-01-20T20:40:30,36.72,49.35,594.7,False
2024-01-20T20:41:00,29.01,43.31,531.7,False
2024-01-20T20:41:30,31.69,49.53,492.3,False
2024-01-20T20:42:00,26.59,45.73,472.3,False
2024-01-20T20:42:30,32.93,46.15,636.0,False
2024-01-20T20:43:00,26.57,42.28,552.9,False
2024-01-20T20:43:30,30.01,44.09,551.4,False
2024-01-20T20:44:00,27.8,42.16,540.9,False
2024-01-20T20:44:30,29.91,44.66,569.0,False
2024-01-20T20:45:00,27.8,44.74,504.5,False
2024-01-20T20:45:30,26.1,39.81,492.5,False
2024-01-20T20:46:00,27.61,44.55,496.2,False
2024-01-20T20:46:30,33.0,47.83,570.8,False
2024-01-20T20:47:00,29.74,45.48,491.9,False
2024-01-20T20:47:30,24.42,41.42,468.8,False
2024-01-20T20:48:00,31.53,46.3,572.5,False
2024-01-20T20:48:30,25.53,44.84,490.1,False
2024-01-20T20:49:00,30.39,44.55,473.1,False
2024-01-20T20:49:30,29.78,44.41,523.0,False
2024-01-20T20:50:00,29.92,48.7,561.2,False
2024-01-20T20:50:30,33.59,46.89,573.4,False
2024-01-20T20:51:00,25.5,40.22,436.4,False
2024-01-20T20:51:30,29.77,46.11,579.5,False
2024-01-20T20:52:00,31.68,46.13,543.6,False
2024-01-20T20:52:30,25.92,41.14,521.0,False
2024-01-20T20:53:00,25.57,40.07,546.4,False
2024-01-20T20:53:30,26.91,43.42,510.3,False
2024-01-20T20:54:00,28.7,43.72,453.2,False
2024-01-20T20:54:30,23.45,38.73,557.8,False
2024-01-20T20:55:00,29.29,43.96,446.0,False
2024-01-20T20:55:30,23.37,40.87,473.6,False
2024-01-20T20:56:00,31.43,45.08,603.3,False
2024-01-20T20:56:30,29.05,45.0,504.5,False
2024-01-20T20:57:00,33.2,42.58,540.1,False
2024-01-20T20:57:30,29.43,41.99,526.7,False
2024-01-20T20:58:00,26.46,41.76,504.5,False
2024-01-20T20:58:30,24.94,44.62,465.1,False
2024-01-20T20:59:00,28.0,48.24,498.6,False
2024-01-20T20:59:30,27.15,43.09,560.2,False
2024-01-20T21:00:00,30.76,44.98,524.8,False
2024-01-20T21:00:30,24.37,36.81,315.1,False
2024-01-20T21:01:00,33.18,47.91,328.9,False
2024-01-20T21:01:30,30.89,45.86,402.5,False
2024-01-20T21:02:00,26.42,43.29,348.8,False
2024-01-20T21:02:30,32.38,43.21,355.4,False
2024-01-20T21:03:00,24.59,45.77,322.4,False
2024-01-20T21:03:30,27.51,46.31,381.0,False
2024-01-20T21:04:00,23.02,41.62,244.1,False
2024-01-20T21:04:30,32.35,47.68,316.5,False
2024-01-20T21:05:00,21.82,40.54,289.5,False
2024-01-20T21:05:30,22.4,42.37,227.5,False
2024-01-20T21:06:00,24.77,39.3,236.1,False
2024-01-20T21:06:30,30.6,40.28,280.7,False
2024-01-20T21:07:00,29.45,41.72,341.6,False
2024-01-20T21:07:30,26.91,41.37,233.9,False
2024-01-20T21:08:00,29.56,43.02,320.3,False
2024-01-20T21:08:30,26.11,43.49,171.7,False
2024-01-20T21:09:00,27.68,42.86,339.0,False
2024-01-20T21:09:30,31.33,45.14,370.8,False
2024-01-20T21:10:00,25.59,39.96,296.2,False
2024-01-20T21:10:30,23.99,38.99,339.1,False
2024-01-20T21:11:00,27.65,43.45,353.0,False
2024-01-20T21:11:30,28.42,42.67,295.7,False
2024-01-20T21:12:00,26.49,42.79,276.8,False
2024-01-20T21:12:30,29.12,45.19,368.3,False
2024-01-20T21:13:00,25.46,45.56,331.1,False
2024-01-20T21:13:30,26.41,42.71,300.5,False
2024-01-20T21:14:00,27.1,46.73,246.4,False
2024-01-20T21:14:30,26.8,43.76,351.6,False
2024-01-20T21:15:00,30.73,46.3,348.5,False
2024-01-20T21:15:30,26.96,45.14,313.3,False
2024-01-20T21:16:00,24.89,43.44,185.6,False
2024-01-20T21:16:30,27.35,41.63,340.1,False
2024-01-20T21:17:00,28.74,46.1,327.5,False
2024-01-20T21:17:30,28.0,42.81,302.4,False
2024-01-20T21:18:00,27.79,44.06,288.8,False
2024-01-20T21:18:30,21.09,40.37,273.2,False
2024-01-20T21:19:00,18.07,40.89,263.3,False
2024-01-20T21:19:30,29.33,45.01,319.3,False
2024-01-20T21:20:00,26.77,40.18,336.6,False
2024-01-20T21:20:30,25.35,46.43,256.7,False
2024-01-20T21:21:00,27.45,44.97,293.5,False
2024-01-20T21:21:30,31.11,44.02,376.3,False
2024-01-20T21:22:00,29.52,42.06,320.0,False
2024-01-20T21:22:30,28.13,45.54,393.7,False
2024-01-20T21:23:00,22.54,38.81,291.4,False
2024-01-20T21:23:30,22.88,42.62,236.3,False
2024-01-20T21:24:00,17.95,40.69,180.8,False
2024-01-20T21:24:30,26.97,41.76,347.1,False
2024-01-20T21:25:00,28.35,42.28,302.5,False
2024-01-20T21:25:30,28.55,42.92,365.1,False
2024-01-20T21:26:00,26.96,41.09,294.1,False
2024-01-20T21:26:30,24.43,42.26,305.1,False
2024-01-20T21:27:00,23.16,41.91,271.8,False
2024-01-20T21:27:30,22.33,42.21,288.9,False
2024-01-20T21:28:00,24.27,40.06,323.4,False
2024-01-20T21:28:30,21.79,42.17,275.1,False
2024-01-20T21:29:00,29.94,42.59,366.0,False
2024-01-20T21:29:30,20.73,41.64,197.9,False
2024-01-20T21:30:00,24.0,38.62,308.6,False
2024-01-20T21:30:30,18.74,42.1,250.8,False
2024-01-20T21:31:00,25.39,41.25,292.7,False
2024-01-20T21:31:30,24.45,43.03,200.0,False
2024-01-20T21:32:00,23.35,42.63,220.0,False
2024-01-20T21:32:30,21.58,37.85,281.7,False
2024-01-20T21:33:00,24.34,43.45,308.8,False
2024-01-20T21:33:30,22.65,39.83,297.6,False
2024-01-20T21:34:00,23.83,40.91,290.4,False
2024-01-20T21:34:30,30.07,43.31,292.6,False
2024-01-20T21:35:00,24.67,45.18,256.3,False
2024-01-20T21:35:30,25.71,40.13,221.3,False
2024-01-20T21:36:00,22.68,41.81,286.4,False
2024-01-20T21:36:30,21.68,39.21,349.6,False
2024-01-20T21:37:00,23.92,43.76,287.7,False
2024-01-20T21:37:30,31.45,49.99,321.2,False
2024-01-20T21:38:00,23.04,39.88,285.3,False
2024-01-20T21:38:30,24.94,42.37,294.1,False
2024-01-20T21:39:00,21.33,39.52,201.2,False
2024-01-20T21:39:30,15.5,39.45,234.2,False
2024-01-20T21:40:00,21.36,39.81,266.5,False
2024-01-20T21:40:30,30.83,46.85,339.8,False
2024-01-20T21:41:00,25.43,41.55,383.0,False
2024-01-20T21:41:30,28.52,48.38,324.1,False
2024-01-20T21:42:00,22.51,36.51,353.0,False
2024-01-20T21:42:30,16.44,38.61,198.5,False
2024-01-20T21:43:00,20.14,39.69,200.7,False
2024-01-20T21:43:30,24.62,41.85,264.6,False
2024-01-20T21:44:00,24.1,42.26,339.7,False
2024-01-20T21:44:30,23.31,41.41,256.1,False
2024-01-20T21:45:00,21.71,40.93,216.6,False
2024-01-20T21:45:30,26.08,43.5,322.2,False
2024-01-20T21:46:00,21.71,44.0,258.3,False
2024-01-20T21:46:30,24.09,36.16,315.7,False
2024-01-20T21:47:00,23.71,45.2,262.8,False
2024-01-20T21:47:30,21.98,45.76,238.9,False
2024-01-20T21:48:00,20.4,36.35,329.6,False
2024-01-20T21:48:30,21.72,40.61,240.4,False
2024-01-20T21:49:00,28.58,46.69,295.2,False
2024-01-20T21:49:30,26.25,44.62,328.5,False
2024-01-20T21:50:00,25.93,45.98,196.0,False
2024-01-20T21:50:30,20.47,40.64,293.1,False
2024-01-20T21:51:00,18.47,34.83,319.3,False
2024-01-20T21:51:30,26.03,45.29,342.9,False
2024-01-20T21:52:00,25.42,43.64,261.7,False
2024-01-20T21:52:30,23.07,44.13,255.6,False
2024-01-20T21:53:00,21.5,37.35,274.6,False
2024-01-20T21:53:30,18.18,36.33,260.1,False
2024-01-20T21:54:00,25.13,42.27,365.6,False
2024-01-20T21:54:30,26.05,45.36,371.1,False
2024-01-20T21:55:00,20.41,43.1,254.7,False
2024-01-20T21:55:30,20.12,38.28,239.7,False
2024-01-20T21:56:00,26.09,41.9,277.4,False
2024-01-20T21:56:30,20.39,45.62,288.9,False
2024-01-20T21:57:00,27.61,42.38,364.1,False
2024-01-20T21:57:30,21.91,41.98,278.0,False
2024-01-20T21:58:00,21.03,39.29,268.2,False
2024-01-20T21:58:30,22.29,41.77,362.8,False
2024-01-20T21:59:00,20.95,38.43,294.8,False
2024-01-20T21:59:30,25.44,40.73,221.4,False
2024-01-20T22:00:00,24.68,41.29,296.1,False
2024-01-20T22:00:30,25.25,41.22,310.0,False
2024-01-20T22:01:00,22.49,40.33,269.2,False
2024-01-20T22:01:30,20.53,41.01,314.7,False
2024-01-20T22:02:00,21.83,44.39,261.4,False
2024-01-20T22:02:30,20.54,38.78,224.9,False
2024-01-20T22:03:00,26.17,40.8,281.0,False
2024-01-20T22:03:30,24.74,42.08,324.9,False
2024-01-20T22:04:00,21.41,38.7,217.1,False
2024-01-20T22:04:30,18.87,35.86,231.2,False
2024-01-20T22:05:00,26.23,44.94,343.7,False
2024-01-20T22:05:30,21.97,40.85,221.4,False
2024-01-20T22:06:00,21.13,40.63,227.5,False
2024-01-20T22:06:30,26.13,38.92,241.2,False
2024-01-20T22:07:00,19.91,38.49,223.4,False
2024-01-20T22:07:30,20.44,37.1,242.6,False
2024-01-20T22:08:00,20.66,40.0,255.8,False
2024-01-20T22:08:30,17.36,38.66,202.2,False
2024-01-20T22:09:00,22.22,41.09,262.4,False
2024-01-20T22:09:30,18.94,37.85,290.7,False
2024-01-20T22:10:00,19.47,37.75,269.2,False
2024-01-20T22:10:30,19.03,38.85,337.6,False
2024-01-20T22:11:00,19.34,40.1,227.8,False
2024-01-20T22:11:30,18.55,37.84,230.4,False
2024-01-20T22:12:00,21.76,38.73,280.3,False
2024-01-20T22:12:30,20.51,38.19,243.5,False
2024-01-20T22:13:00,21.08,38.95,267.6,False
2024-01-20T22:13:30,27.96,42.8,247.0,False
2024-01-20T22:14:00,20.39,37.73,248.3,False
2024-01-20T22:14:30,22.63,40.15,316.1,False
2024-01-20T22:15:00,22.93,43.67,359.6,False
2024-01-20T22:15:30,20.54,39.42,322.3,False
2024-01-20T22:16:00,21.51,38.01,277.1,False
2024-01-20T22:16:30,20.71,35.57,284.9,False
2024-01-20T22:17:00,21.21,44.02,282.9,False
2024-01-20T22:17:30,18.81,41.42,228.3,False
2024-01-20T22:18:00,19.04,39.83,214.0,False
2024-01-20T22:18:30,20.53,42.33,274.2,False
2024-01-20T22:19:00,14.53,38.06,211.8,False
2024-01-20T22:19:30,24.89,42.04,332.7,False
2024-01-20T22:20:00,26.84,40.69,219.5,False
2024-01-20T22:20:30,20.83,43.98,259.7,False
2024-01-20T22:21:00,22.27,40.01,326.6,False
2024-01-20T22:21:30,23.48,40.73,310.9,False
2024-01-20T22:22:00,16.22,37.94,190.5,False
2024-01-20T22:22:30,22.94,41.33,231.2,False
2024-01-20T22:23:00,18.84,40.32,248.8,False
2024-01-20T22:23:30,26.95,44.15,347.0,False
2024-01-20T22:24:00,19.47,38.34,276.4,False
2024-01-20T22:24:30,22.72,41.17,286.4,False
2024-01-20T22:25:00,19.42,40.56,281.0,False
2024-01-20T22:25:30,26.5,41.69,322.3,False
2024-01-20T22:26:00,18.33,41.82,270.6,False
2024-01-20T22:26:30,23.33,41.39,324.1,False
2024-01-20T22:27:00,21.67,43.8,255.6,False
2024-01-20T22:27:30,20.96,37.47,232.3,False
2024-01-20T22:28:00,20.4,41.28,292.3,False
2024-01-20T22:28:30,17.67,36.83,220.9,False
2024-01-20T22:29:00,11.87,34.44,117.1,False
2024-01-20T22:29:30,22.81,42.99,339.6,False
2024-01-20T22:30:00,18.08,38.36,254.8,False
2024-01-20T22:30:30,23.02,46.48,292.5,False
2024-01-20T22:31:00,20.52,41.08,256.8,False
2024-01-20T22:31:30,23.03,39.9,317.7,False
2024-01-20T22:32:00,21.79,41.72,223.0,False
2024-01-20T22:32:30,11.95,35.29,195.8,False
2024-01-20T22:33:00,21.15,42.03,280.5,False
2024-01-20T22:33:30,18.23,38.31,267.9,False
2024-01-20T22:34:00,22.72,41.96,213.4,False
2024-01-20T22:34:30,20.96,40.67,291.4,False
2024-01-20T22:35:00,20.95,40.43,250.9,False
2024-01-20T22:35:30,18.29,41.02,220.3,False
2024-01-20T22:36:00,16.33,34.35,168.2,False
2024-01-20T22:36:30,17.73,38.86,331.1,False
2024-01-20T22:37:00,13.59,35.19,203.6,False
2024-01-20T22:37:30,17.18,35.69,247.2,False
2024-01-20T22:38:00,14.51,35.38,174.0,False
2024-01-20T22:38:30,14.55,35.84,155.3,False
2024-01-20T22:39:00,19.18,38.92,286.0,False
2024-01-20T22:39:30,20.39,40.68,209.1,False
2024-01-20T22:40:00,18.65,40.22,301.4,False
2024-01-20T22:40:30,17.21,37.6,309.7,False
2024-01-20T22:41:00,15.83,40.89,195.6,False
2024-01-20T22:41:30,17.68,37.91,223.0,False
2024-01-20T22:42:00,16.12,33.98,127.3,False
2024-01-20T22:42:30,18.36,38.31,177.2,False
2024-01-20T22:43:00,13.95,36.88,236.9,False
2024-01-20T22:43:30,20.58,33.56,314.8,False
2024-01-20T22:44:00,16.73,40.6,202.6,False
2024-01-20T22:44:30,19.52,39.38,231.0,False
2024-01-20T22:45:00,21.02,38.03,204.9,False
2024-01-20T22:45:30,19.3,37.55,209.2,False
2024-01-20T22:46:00,20.67,41.69,318.5,False
2024-01-20T22:46:30,12.04,37.61,208.7,False
2024-01-20T22:47:00,16.72,36.89,162.0,False
2024-01-20T22:47:30,21.47,37.85,294.4,False
2024-01-20T22:48:00,19.65,39.92,352.0,False
2024-01-20T22:48:30,23.63,42.27,273.3,False
2024-01-20T22:49:00,23.16,42.54,258.6,False
2024-01-20T22:49:30,18.9,38.16,274.5,False
2024-01-20T22:50:00,17.21,38.2,277.9,False
2024-01-20T22:50:30,15.05,37.4,253.3,False
2024-01-20T22:51:00,16.46,40.0,219.0,False
2024-01-20T22:51:30,16.62,40.81,216.2,False
2024-01-20T22:52:00,16.03,41.06,159.3,False
2024-01-20T22:52:30,15.02,39.96,171.0,False
2024-01-20T22:53:00,18.94,42.94,265.9,False
2024-01-20T22:53:30,22.79,43.27,260.9,False
2024-01-20T22:54:00,20.46,38.9,273.5,False
2024-01-20T22:54:30,16.65,41.24,223.7,False
2024-01-20T22:55:00,20.62,37.41,267.5,False
2024-01-20T22:55:30,18.58,43.87,249.4,False
2024-01-20T22:56:00,17.38,36.6,268.9,False
2024-01-20T22:56:30,17.16,40.21,271.2,False
2024-01-20T22:57:00,16.83,41.16,233.9,False
2024-01-20T22:57:30,19.34,40.45,246.6,False
2024-01-20T22:58:00,17.77,34.65,240.7,False
2024-01-20T22:58:30,15.13,35.53,189.7,False
2024-01-20T22:59:00,14.95,38.05,263.0,False
2024-01-20T22:59:30,18.16,40.21,222.8,False
2024-01-20T23:00:00,18.49,38.75,241.5,False
2024-01-20T23:00:30,16.22,38.13,236.8,False
2024-01-20T23:01:00,13.73,33.8,222.2,False
2024-01-20T23:01:30,20.84,43.84,277.5,False
2024-01-20T23:02:00,20.17,39.2,255.9,False
2024-01-20T23:02:30,11.05,36.98,254.2,False
2024-01-20T23:03:00,20.99,43.18,271.0,False
2024-01-20T23:03:30,16.31,35.72,220.4,False
2024-01-20T23:04:00,17.47,38.87,311.7,False
2024-01-20T23:04:30,20.28,40.57,231.1,False
2024-01-20T23:05:00,21.78,40.26,346.1,False
2024-01-20T23:05:30,19.8,41.64,178.6,False
2024-01-20T23:06:00,17.47,37.29,223.7,False
2024-01-20T23:06:30,12.59,36.29,133.9,False
2024-01-20T23:07:00,10.6,34.44,130.3,False
2024-01-20T23:07:30,19.27,44.18,272.3,False
2024-01-20T23:08:00,20.63,38.88,276.4,False
2024-01-20T23:08:30,14.12,38.44,188.6,False
2024-01-20T23:09:00,15.72,41.35,291.1,False
2024-01-20T23:09:30,14.82,35.47,263.9,False
2024-01-20T23:10:00,14.7,37.44,215.6,False
2024-01-20T23:10:30,19.64,37.75,184.8,False
2024-01-20T23:11:00,17.04,34.39,274.6,False
2024-01-20T23:11:30,15.66,36.16,205.9,False
2024-01-20T23:12:00,24.28,40.9,305.9,False
2024-01-20T23:12:30,11.97,34.87,227.7,False
2024-01-20T23:13:00,17.88,38.25,227.0,False
2024-01-20T23:13:30,13.05,36.45,255.6,False
2024-01-20T23:14:00,15.69,35.36,210.3,False
2024-01-20T23:14:30,16.57,38.9,254.1,False
2024-01-20T23:15:00,18.62,41.65,279.2,False
2024-01-20T23:15:30,15.27,40.21,258.6,False
2024-01-20T23:16:00,14.92,36.85,289.1,False
2024-01-20T23:16:30,15.14,39.28,188.3,False
2024-01-20T23:17:00,12.7,34.91,156.3,False
2024-01-20T23:17:30,17.81,38.14,229.6,False
2024-01-20T23:18:00,16.72,39.08,355.5,False
2024-01-20T23:18:30,17.14,37.82,291.2,False
2024-01-20T23:19:00,15.59,35.19,202.7,False
2024-01-20T23:19:30,15.19,39.19,207.6,False
2024-01-20T23:20:00,19.26,37.9,253.4,False
2024-01-20T23:20:30,18.76,38.27,261.0,False
2024-01-20T23:21:00,19.9,42.0,284.9,False
2024-01-20T23:21:30,16.74,39.38,261.2,False
2024-01-20T23:22:00,19.64,40.11,305.0,False
2024-01-20T23:22:30,14.3,34.15,294.5,False
2024-01-20T23:23:00,14.91,35.07,214.0,False
2024-01-20T23:23:30,19.07,40.26,244.0,False
2024-01-20T23:24:00,17.98,40.19,229.2,False
2024-01-20T23:24:30,14.54,37.72,205.2,False
2024-01-20T23:25:00,12.24,35.11,212.6,False
2024-01-20T23:25:30,14.73,36.29,243.2,False
2024-01-20T23:26:00,13.25,37.0,275.0,False
2024-01-20T23:26:30,20.44,37.66,235.2,False
2024-01-20T23:27:00,17.51,38.89,254.5,False
2024-01-20T23:27:30,12.9,33.62,169.6,False
2024-01-20T23:28:00,12.03,33.86,212.4,False
2024-01-20T23:28:30,12.79,36.71,309.3,False
2024-01-20T23:29:00,13.42,37.83,201.9,False
2024-01-20T23:29:30,14.56,37.92,314.6,False
2024-01-20T23:30:00,18.37,36.91,213.5,False
2024-01-20T23:30:30,12.09,32.26,178.3,False
2024-01-20T23:31:00,21.82,40.86,260.9,False
2024-01-20T23:31:30,12.09,32.21,203.7,False
2024-01-20T23:32:00,10.66,37.18,179.1,False
2024-01-20T23:32:30,19.92,37.76,289.9,False
2024-01-20T23:33:00,18.78,43.83,140.4,False
2024-01-20T23:33:30,14.24,35.16,174.7,False
2024-01-20T23:34:00,15.89,38.84,302.9,False
2024-01-20T23:34:30,15.94,36.47,171.2,False
2024-01-20T23:35:00,15.09,37.18,206.5,False
2024-01-20T23:35:30,10.76,35.72,210.6,False
2024-01-20T23:36:00,7.17,35.28,155.5,False
2024-01-20T23:36:30,12.05,38.04,162.4,False
2024-01-20T23:37:00,19.99,41.43,277.8,False
2024-01-20T23:37:30,20.08,42.09,294.1,False
2024-01-20T23:38:00,13.69,35.6,185.7,False
2024-01-20T23:38:30,11.57,37.07,208.9,False
2024-01-20T23:39:00,15.25,36.93,256.4,False
2024-01-20T23:39:30,15.7,39.81,268.8,False
2024-01-20T23:40:00,16.15,38.29,244.0,False
2024-01-20T23:40:30,6.73,34.59,222.2,False
2024-01-20T23:41:00,23.75,42.45,291.9,False
2024-01-20T23:41:30,17.64,40.33,201.8,False
2024-01-20T23:42:00,13.62,35.19,200.2,False
2024-01-20T23:42:30,12.02,32.86,244.7,False
2024-01-20T23:43:00,17.11,40.53,201.1,False
2024-01-20T23:43:30,15.6,40.49,135.1,False
2024-01-20T23:44:00,14.36,36.95,233.2,False
2024-01-20T23:44:30,15.42,39.33,205.6,False
2024-01-20T23:45:00,13.68,33.58,299.3,False
2024-01-20T23:45:30,15.19,36.35,232.2,False
2024-01-20T23:46:00,16.13,38.23,278.5,False
2024-01-20T23:46:30,14.95,34.01,199.9,False
2024-01-20T23:47:00,14.76,34.33,241.8,False
2024-01-20T23:47:30,18.03,39.34,259.1,False
2024-01-20T23:48:00,9.03,33.31,227.4,False
2024-01-20T23:48:30,11.39,35.02,198.8,False
2024-01-20T23:49:00,13.83,36.12,189.7,False
2024-01-20T23:49:30,11.53,33.21,233.8,False
2024-01-20T23:50:00,12.5,35.83,171.4,False
2024-01-20T23:50:30,17.52,38.75,207.5,False
2024-01-20T23:51:00,13.18,35.44,203.7,False
2024-01-20T23:51:30,8.1,33.07,151.8,False
2024-01-20T23:52:00,12.29,35.76,199.0,False
2024-01-20T23:52:30,13.7,38.52,182.9,False
2024-01-20T23:53:00,13.62,36.64,253.7,False
2024-01-20T23:53:30,15.13,33.74,265.3,False
2024-01-20T23:54:00,14.86,35.07,252.1,False
2024-01-20T23:54:30,12.99,38.39,233.2,False
2024-01-20T23:55:00,9.79,33.56,104.4,False
2024-01-20T23:55:30,12.02,35.86,200.8,False
2024-01-20T23:56:00,11.44,39.6,225.8,False
2024-01-20T23:56:30,12.42,37.51,253.0,False
2024-01-20T23:57:00,15.32,33.4,214.4,False
2024-01-20T23:57:30,14.43,40.14,267.5,False
2024-01-20T23:58:00,15.65,38.17,237.5,False
2024-01-20T23:58:30,12.0,36.78,92.7,False
2024-01-20T23:59:00,17.65,39.47,237.2,False
2024-01-20T23:59:30,15.11,39.43,187.3,False
2024-01-21T00:00:00,14.94,37.36,195.0,False
2024-01-21T00:00:30,16.38,35.28,273.1,False
2024-01-21T00:01:00,12.51,36.95,212.0,False
2024-01-21T00:01:30,8.18,31.38,144.7,False
2024-01-21T00:02:00,12.66,40.02,174.2,False
2024-01-21T00:02:30,16.69,37.68,251.1,False
2024-01-21T00:03:00,14.66,37.28,209.9,False
2024-01-21T00:03:30,13.98,35.69,239.7,False
2024-01-21T00:04:00,11.82,36.64,161.5,False
2024-01-21T00:04:30,8.46,35.2,152.5,False
2024-01-21T00:05:00,18.57,37.99,203.8,False
2024-01-21T00:05:30,13.64,37.79,187.0,False
2024-01-21T00:06:00,12.95,36.67,290.7,False
2024-01-21T00:06:30,12.19,35.97,168.1,False
2024-01-21T00:07:00,17.94,37.54,224.6,False
2024-01-21T00:07:30,16.79,43.09,201.4,False
2024-01-21T00:08:00,11.22,38.04,182.4,False
2024-01-21T00:08:30,17.58,40.32,237.8,False
2024-01-21T00:09:00,13.62,39.14,257.7,False
2024-01-21T00:09:30,12.2,36.77,181.4,False
2024-01-21T00:10:00,13.12,35.94,209.5,False
2024-01-21T00:10:30,11.62,30.6,118.0,False
2024-01-21T00:11:00,9.98,32.63,145.2,False
2024-01-21T00:11:30,16.24,42.53,273.3,False
2024-01-21T00:12:00,13.22,39.01,171.5,False
2024-01-21T00:12:30,15.7,38.34,256.3,False
2024-01-21T00:13:00,14.69,34.27,180.5,False
2024-01-21T00:13:30,15.44,39.08,216.6,False
2024-01-21T00:14:00,7.63,33.35,229.6,False
2024-01-21T00:14:30,11.14,37.05,218.9,False
2024-01-21T00:15:00,15.42,35.58,145.2,False
2024-01-21T00:15:30,9.86,34.04,307.7,False
2024-01-21T00:16:00,14.77,39.25,176.6,False
2024-01-21T00:16:30,9.45,38.68,250.3,False
2024-01-21T00:17:00,13.64,35.6,191.3,False
2024-01-21T00:17:30,18.4,37.3,198.0,False
2024-01-21T00:18:00,15.86,40.08,208.8,False
2024-01-21T00:18:30,7.96,31.56,137.5,False
2024-01-21T00:19:00,16.03,35.74,206.3,False
2024-01-21T00:19:30,18.92,40.1,253.7,False
2024-01-21T00:20:00,21.82,45.19,293.6,False
2024-01-21T00:20:30,14.82,35.82,275.4,False
2024-01-21T00:21:00,9.28,34.01,182.8,False
2024-01-21T00:21:30,14.64,37.66,220.3,False
2024-01-21T00:22:00,18.1,38.22,215.9,False
2024-01-21T00:22:30,12.72,32.94,190.6,False
2024-01-21T00:23:00,16.39,39.91,210.9,False
2024-01-21T00:23:30,10.71,35.85,130.8,False
2024-01-21T00:24:00,14.32,38.01,316.6,False
2024-01-21T00:24:30,5.71,32.69,155.3,False
2024-01-21T00:25:00,10.3,38.3,192.6,False
2024-01-21T00:25:30,13.1,35.67,253.5,False
2024-01-21T00:26:00,12.0,33.97,92.8,False
2024-01-21T00:26:30,9.16,38.04,262.9,False
2024-01-21T00:27:00,11.54,31.5,158.0,False
2024-01-21T00:27:30,14.0,36.82,176.7,False
2024-01-21T00:28:00,12.73,36.34,180.1,False
2024-01-21T00:28:30,13.14,36.47,244.5,False
2024-01-21T00:29:00,15.13,34.6,306.8,False
2024-01-21T00:29:30,11.88,33.7,260.6,False
2024-01-21T00:30:00,16.96,40.53,216.4,False
2024-01-21T00:30:30,9.88,37.85,107.1,False
2024-01-21T00:31:00,18.61,38.61,232.3,False
2024-01-21T00:31:30,16.14,36.35,203.5,False
2024-01-21T00:32:00,11.7,32.43,127.8,False
2024-01-21T00:32:30,11.88,37.96,218.3,False
2024-01-21T00:33:00,13.34,38.82,206.9,False
2024-01-21T00:33:30,14.49,31.77,235.9,False
2024-01-21T00:34:00,15.95,33.28,256.9,False
2024-01-21T00:34:30,8.62,34.73,196.4,False
2024-01-21T00:35:00,13.93,37.65,208.9,False
2024-01-21T00:35:30,6.24,32.32,215.5,False
2024-01-21T00:36:00,12.03,36.11,176.7,False
2024-01-21T00:36:30,16.9,38.11,209.7,False
2024-01-21T00:37:00,8.26,34.34,156.8,False
2024-01-21T00:37:30,7.69,32.2,183.0,False
2024-01-21T00:38:00,13.13,36.7,232.3,False
2024-01-21T00:38:30,16.6,37.11,219.2,False
2024-01-21T00:39:00,13.39,35.34,194.3,False
2024-01-21T00:39:30,6.67,29.77,205.6,False
2024-01-21T00:40:00,7.31,33.47,106.2,False
2024-01-21T00:40:30,12.63,38.09,310.9,False
2024-01-21T00:41:00,8.77,33.91,158.2,False
2024-01-21T00:41:30,12.7,35.81,193.4,False
2024-01-21T00:42:00,12.85,39.11,217.6,False
2024-01-21T00:42:30,10.77,37.61,207.4,False
2024-01-21T00:43:00,17.66,42.47,215.1,False
2024-01-21T00:43:30,13.96,41.67,225.2,False
2024-01-21T00:44:00,15.8,38.2,189.0,False
2024-01-21T00:44:30,14.9,35.32,195.3,False
2024-01-21T00:45:00,11.67,34.97,129.1,False
2024-01-21T00:45:30,11.51,37.08,197.7,False
2024-01-21T00:46:00,11.17,38.65,182.3,False
2024-01-21T00:46:30,14.09,35.13,132.1,False
2024-01-21T00:47:00,10.07,35.73,153.3,False
2024-01-21T00:47:30,17.17,37.19,236.2,False
2024-01-21T00:48:00,9.73,34.76,212.2,False
2024-01-21T00:48:30,12.59,36.17,149.5,False
2024-01-21T00:49:00,11.24,36.57,177.9,False
2024-01-21T00:49:30,10.55,39.53,140.4,False
2024-01-21T00:50:00,18.39,40.34,276.2,False
2024-01-21T00:50:30,10.54,34.61,157.6,False
2024-01-21T00:51:00,10.92,34.47,208.1,False
2024-01-21T00:51:30,9.82,34.73,164.2,False
2024-01-21T00:52:00,11.91,34.41,127.1,False
2024-01-21T00:52:30,11.46,36.21,188.9,False
2024-01-21T00:53:00,8.38,29.57,119.7,False
2024-01-21T00:53:30,10.44,35.01,228.3,False
2024-01-21T00:54:00,13.52,36.71,280.9,False
2024-01-21T00:54:30,14.75,35.26,243.5,False
2024-01-21T00:55:00,11.72,35.31,168.1,False
2024-01-21T00:55:30,11.8,38.35,195.3,False
2024-01-21T00:56:00,10.52,37.86,195.8,False
2024-01-21T00:56:30,10.07,34.19,224.0,False
2024-01-21T00:57:00,8.8,35.66,162.9,False
2024-01-21T00:57:30,6.87,30.65,171.2,False
2024-01-21T00:58:00,9.41,34.33,108.1,False
2024-01-21T00:58:30,14.2,37.79,223.3,False
2024-01-21T00:59:00,10.2,38.38,147.1,False
2024-01-21T00:59:30,10.41,37.82,185.0,False
2024-01-21T01:00:00,10.33,35.81,141.1,False
2024-01-21T01:00:30,39.38,48.1,731.5,False
2024-01-21T01:01:00,63.63,64.76,934.5,False
2024-01-21T01:01:30,87.87,73.49,1093.7,False
2024-01-21T01:02:00,88.58,75.42,1074.0,False
2024-01-21T01:02:30,86.95,73.46,1118.5,False
2024-01-21T01:03:00,87.68,78.06,1163.7,False
2024-01-21T01:03:30,88.34,73.19,1183.6,False
2024-01-21T01:04:00,87.88,76.01,1118.9,False
2024-01-21T01:04:30,88.55,74.34,1119.5,False
2024-01-21T01:05:00,87.97,75.36,1051.1,False
2024-01-21T01:05:30,87.56,77.26,1153.0,False
2024-01-21T01:06:00,86.7,69.59,1000.7,False
2024-01-21T01:06:30,88.12,74.18,1152.6,False
2024-01-21T01:07:00,87.97,72.45,1104.8,False
2024-01-21T01:07:30,86.88,74.58,997.8,False
2024-01-21T01:08:00,88.45,75.86,1121.1,False
2024-01-21T01:08:30,89.14,73.88,1106.9,False
2024-01-21T01:09:00,60.32,59.37,864.6,False
2024-01-21T01:09:30,39.94,50.63,708.7,False
2024-01-21T01:10:00,9.25,32.33,473.2,False
2024-01-21T01:10:30,11.11,35.69,188.0,True
2024-01-21T01:11:00,5.0,30.34,81.0,True
2024-01-21T01:11:30,6.24,34.06,166.1,True
2024-01-21T01:12:00,10.37,32.02,167.8,True
2024-01-21T01:12:30,8.48,32.58,231.3,True
2024-01-21T01:13:00,10.0,32.97,214.4,True
2024-01-21T01:13:30,8.66,33.21,208.2,True
2024-01-21T01:14:00,8.18,36.32,239.9,True
2024-01-21T01:14:30,7.03,34.69,185.7,True
2024-01-21T01:15:00,5.78,31.41,140.4,True
2024-01-21T01:15:30,15.0,36.02,117.6,False
2024-01-21T01:16:00,15.47,38.99,233.4,False
2024-01-21T01:16:30,7.63,30.98,230.3,False
2024-01-21T01:17:00,7.42,33.24,195.1,False
2024-01-21T01:17:30,9.67,33.11,157.1,False
2024-01-21T01:18:00,11.71,35.01,196.1,False
2024-01-21T01:18:30,10.13,36.18,158.8,False
2024-01-21T01:19:00,12.15,34.23,209.5,False
2024-01-21T01:19:30,10.49,36.69,163.5,False
2024-01-21T01:20:00,10.28,39.03,239.8,False
2024-01-21T01:20:30,17.84,39.63,247.5,False
2024-01-21T01:21:00,9.01,33.84,182.4,False
2024-01-21T01:21:30,15.48,39.56,190.7,False
2024-01-21T01:22:00,14.89,34.73,202.4,False
2024-01-21T01:22:30,12.04,38.57,150.1,False
2024-01-21T01:23:00,5.0,30.5,196.7,False
2024-01-21T01:23:30,10.59,39.14,164.2,False
2024-01-21T01:24:00,8.93,32.54,177.8,False
2024-01-21T01:24:30,10.52,36.09,122.2,False
2024-01-21T01:25:00,7.25,30.02,108.7,False
2024-01-21T01:25:30,12.69,35.43,191.5,False
2024-01-21T01:26:00,13.36,34.04,194.4,False
2024-01-21T01:26:30,13.9,33.58,221.0,False
2024-01-21T01:27:00,9.22,36.54,254.2,False
2024-01-21T01:27:30,7.17,30.65,76.7,False
2024-01-21T01:28:00,11.39,33.75,230.3,False
2024-01-21T01:28:30,15.59,35.61,244.6,False
2024-01-21T01:29:00,10.51,37.06,159.4,False
2024-01-21T01:29:30,11.64,37.38,175.8,False
2024-01-21T01:30:00,9.56,36.85,221.3,False
2024-01-21T01:30:30,8.74,32.33,167.4,False
2024-01-21T01:31:00,12.21,38.34,184.8,False
2024-01-21T01:31:30,9.9,32.89,137.3,False
2024-01-21T01:32:00,11.41,33.73,157.9,False
2024-01-21T01:32:30,11.71,33.99,145.0,False
2024-01-21T01:33:00,11.21,33.82,225.1,False
2024-01-21T01:33:30,11.83,35.27,163.2,False
2024-01-21T01:34:00,7.58,31.65,112.9,False
2024-01-21T01:34:30,7.38,33.69,166.0,False
2024-01-21T01:35:00,9.98,29.31,147.2,False
2024-01-21T01:35:30,10.03,35.02,242.1,False
2024-01-21T01:36:00,8.51,31.62,169.7,False
2024-01-21T01:36:30,10.78,33.6,194.5,False
2024-01-21T01:37:00,12.77,34.64,210.5,False
2024-01-21T01:37:30,13.59,38.23,231.6,False
2024-01-21T01:38:00,14.25,37.69,242.4,False
2024-01-21T01:38:30,6.05,32.25,149.6,False
2024-01-21T01:39:00,6.49,31.37,111.3,False
2024-01-21T01:39:30,9.1,35.67,166.6,False
2024-01-21T01:40:00,10.19,38.24,183.9,False
2024-01-21T01:40:30,9.22,34.11,108.5,False
2024-01-21T01:41:00,8.26,30.5,81.9,False
2024-01-21T01:41:30,8.99,32.65,123.4,False
2024-01-21T01:42:00,11.34,36.35,112.7,False
2024-01-21T01:42:30,5.89,31.62,127.7,False
2024-01-21T01:43:00,16.89,36.3,204.2,False
2024-01-21T01:43:30,9.91,32.72,182.8,False
2024-01-21T01:44:00,12.99,36.25,232.3,False
2024-01-21T01:44:30,8.08,30.54,176.2,False
2024-01-21T01:45:00,11.53,35.27,209.6,False
2024-01-21T01:45:30,10.09,34.8,218.6,False
2024-01-21T01:46:00,12.35,34.85,185.7,False
2024-01-21T01:46:30,9.17,32.08,69.1,False
2024-01-21T01:47:00,14.41,38.82,145.5,False
2024-01-21T01:47:30,5.26,29.55,162.0,False
2024-01-21T01:48:00,12.57,36.21,208.4,False
2024-01-21T01:48:30,10.07,36.07,208.3,False
2024-01-21T01:49:00,6.64,33.23,266.8,False
2024-01-21T01:49:30,15.54,39.82,233.1,False
2024-01-21T01:50:00,15.22,34.93,217.9,False
2024-01-21T01:50:30,5.0,30.51,153.8,False
2024-01-21T01:51:00,10.18,33.76,133.8,False
2024-01-21T01:51:30,11.75,42.05,224.2,False
2024-01-21T01:52:00,10.94,36.08,180.7,False
2024-01-21T01:52:30,14.15,38.06,280.5,False
2024-01-21T01:53:00,13.52,37.66,144.1,False
2024-01-21T01:53:30,10.38,34.94,183.2,False
2024-01-21T01:54:00,16.4,39.9,206.1,False
2024-01-21T01:54:30,12.37,32.04,156.3,False
2024-01-21T01:55:00,8.49,34.4,192.8,False
2024-01-21T01:55:30,7.88,34.4,150.3,False
2024-01-21T01:56:00,13.25,38.27,259.2,False
2024-01-21T01:56:30,7.13,30.86,135.8,False
2024-01-21T01:57:00,8.27,31.58,150.4,False
2024-01-21T01:57:30,8.77,31.96,250.7,False
2024-01-21T01:58:00,10.54,35.93,130.3,False
2024-01-21T01:58:30,8.88,35.13,139.7,False
2024-01-21T01:59:00,5.5,30.46,20.4,False
2024-01-21T01:59:30,12.92,39.91,185.5,False
2024-01-21T02:00:00,8.21,34.3,193.3,False
2024-01-21T02:00:30,15.48,37.61,240.2,False
2024-01-21T02:01:00,10.32,34.36,188.3,False
2024-01-21T02:01:30,13.19,38.08,170.5,False
2024-01-21T02:02:00,11.27,36.04,182.6,False
2024-01-21T02:02:30,13.32,40.06,190.6,False
2024-01-21T02:03:00,11.07,32.74,188.4,False
2024-01-21T02:03:30,10.06,31.57,187.4,False
2024-01-21T02:04:00,12.62,34.46,186.9,False
2024-01-21T02:04:30,16.79,39.13,235.2,False
2024-01-21T02:05:00,8.51,33.03,164.2,False
2024-01-21T02:05:30,11.69,38.02,166.5,False
2024-01-21T02:06:00,9.28,33.49,177.4,False
2024-01-21T02:06:30,10.81,37.2,135.4,False
2024-01-21T02:07:00,9.4,32.68,182.5,False
2024-01-21T02:07:30,5.0,34.51,95.6,False
2024-01-21T02:08:00,8.66,36.71,168.2,False
2024-01-21T02:08:30,12.25,34.64,216.6,False
2024-01-21T02:09:00,6.94,34.1,118.5,False
2024-01-21T02:09:30,11.99,36.18,237.2,False
2024-01-21T02:10:00,9.77,35.57,249.7,False
2024-01-21T02:10:30,8.64,36.54,143.1,False
2024-01-21T02:11:00,11.92,37.56,189.6,False
2024-01-21T02:11:30,11.23,36.3,238.4,False
2024-01-21T02:12:00,10.44,36.2,111.6,False
2024-01-21T02:12:30,12.22,33.23,199.1,False
2024-01-21T02:13:00,9.77,34.46,166.1,False
2024-01-21T02:13:30,32.46,43.68,695.7,False
2024-01-21T02:14:00,60.69,59.97,875.7,False
2024-01-21T02:14:30,88.93,76.36,1129.5,False
2024-01-21T02:15:00,88.27,73.78,1073.2,False
2024-01-21T02:15:30,88.2,68.75,1143.7,False
2024-01-21T02:16:00,88.17,71.66,1060.5,False
2024-01-21T02:16:30,87.25,74.46,1132.8,False
2024-01-21T02:17:00,90.93,74.06,1130.5,False
2024-01-21T02:17:30,88.48,75.48,1013.7,False
2024-01-21T02:18:00,88.07,71.29,1107.1,False
2024-01-21T02:18:30,87.8,74.34,1126.7,False
2024-01-21T02:19:00,88.54,74.81,1059.2,False
2024-01-21T02:19:30,88.23,75.37,1072.0,False
2024-01-21T02:20:00,90.37,73.55,1126.5,False
2024-01-21T02:20:30,87.68,75.08,1081.0,False
2024-01-21T02:21:00,87.39,76.39,1112.3,False
2024-01-21T02:21:30,89.48,69.88,1107.5,False
2024-01-21T02:22:00,62.48,61.03,847.1,False
2024-01-21T02:22:30,37.87,45.01,796.1,False
2024-01-21T02:23:00,10.24,33.08,468.3,False
2024-01-21T02:23:30,5.0,29.93,145.0,True
2024-01-21T02:24:00,7.44,32.58,230.5,True
2024-01-21T02:24:30,5.0,32.24,174.5,True
2024-01-21T02:25:00,9.11,35.36,194.8,True
2024-01-21T02:25:30,5.51,32.28,186.4,True
2024-01-21T02:26:00,5.0,32.84,162.1,True
2024-01-21T02:26:30,9.13,31.4,195.1,True
2024-01-21T02:27:00,8.5,35.36,190.7,True
2024-01-21T02:27:30,7.71,26.26,155.0,True
2024-01-21T02:28:00,12.41,38.26,242.3,True
2024-01-21T02:28:30,10.84,37.11,213.7,False
2024-01-21T02:29:00,6.99,34.0,64.0,False
2024-01-21T02:29:30,10.48,38.7,217.9,False
2024-01-21T02:30:00,8.06,29.43,132.7,False
2024-01-21T02:30:30,12.71,36.92,211.4,False
2024-01-21T02:31:00,9.75,34.15,111.1,False
2024-01-21T02:31:30,10.04,34.52,157.0,False
2024-01-21T02:32:00,5.0,29.18,125.4,False
2024-01-21T02:32:30,9.07,34.34,194.1,False
2024-01-21T02:33:00,8.72,34.07,146.2,False
2024-01-21T02:33:30,5.81,30.54,59.8,False
2024-01-21T02:34:00,8.21,32.98,146.1,False
2024-01-21T02:34:30,10.18,31.48,166.2,False
2024-01-21T02:35:00,8.85,32.65,196.1,False
2024-01-21T02:35:30,5.0,33.44,145.9,False
2024-01-21T02:36:00,8.04,35.0,133.6,False
2024-01-21T02:36:30,7.45,34.28,170.7,False
2024-01-21T02:37:00,9.43,35.66,248.8,False
2024-01-21T02:37:30,9.1,35.52,219.6,False
2024-01-21T02:38:00,7.6,31.54,84.4,False
2024-01-21T02:38:30,7.48,33.45,258.9,False
2024-01-21T02:39:00,9.03,35.72,219.6,False
2024-01-21T02:39:30,11.71,32.13,257.1,False
2024-01-21T02:40:00,9.66,31.09,116.5,False
2024-01-21T02:40:30,13.09,32.7,188.1,False
2024-01-21T02:41:00,12.21,31.57,221.2,False
2024-01-21T02:41:30,13.3,33.59,161.5,False
2024-01-21T02:42:00,12.91,34.45,224.4,False
2024-01-21T02:42:30,13.49,38.81,273.3,False
2024-01-21T02:43:00,5.34,30.84,129.4,False
2024-01-21T02:43:30,10.74,31.38,254.1,False
2024-01-21T02:44:00,12.45,35.6,227.7,False
2024-01-21T02:44:30,12.99,35.16,129.6,False
2024-01-21T02:45:00,6.48,30.72,117.1,False
2024-01-21T02:45:30,10.76,33.25,230.4,False
2024-01-21T02:46:00,9.01,35.69,130.8,False
2024-01-21T02:46:30,14.32,33.4,257.7,False
2024-01-21T02:47:00,5.0,28.22,164.5,False
2024-01-21T02:47:30,6.47,33.22,164.2,False
2024-01-21T02:48:00,5.0,30.33,116.9,False
2024-01-21T02:48:30,9.2,36.77,185.7,False
2024-01-21T02:49:00,15.56,36.53,291.8,False
2024-01-21T02:49:30,8.63,33.18,153.5,False
2024-01-21T02:50:00,9.07,35.17,196.9,False
2024-01-21T02:50:30,10.41,30.93,263.6,False
2024-01-21T02:51:00,8.41,33.95,177.8,False
2024-01-21T02:51:30,9.86,33.27,159.2,False
2024-01-21T02:52:00,9.93,36.09,159.4,False
2024-01-21T02:52:30,6.22,30.89,66.4,False
2024-01-21T02:53:00,8.47,33.66,119.3,False
2024-01-21T02:53:30,10.98,33.85,201.4,False
2024-01-21T02:54:00,11.54,35.67,231.1,False
2024-01-21T02:54:30,12.65,34.9,184.1,False
2024-01-21T02:55:00,9.76,34.48,216.3,False
2024-01-21T02:55:30,9.82,37.5,214.3,False
2024-01-21T02:56:00,11.0,34.01,157.2,False
2024-01-21T02:56:30,6.96,33.37,131.9,False
2024-01-21T02:57:00,6.84,37.08,100.9,False
2024-01-21T02:57:30,8.37,34.05,196.7,False
2024-01-21T02:58:00,5.0,26.72,140.1,False
2024-01-21T02:58:30,9.97,32.74,215.2,False
2024-01-21T02:59:00,11.89,32.63,192.8,False
2024-01-21T02:59:30,6.62,34.24,115.3,False
2024-01-21T03:00:00,10.05,33.93,211.6,False
2024-01-21T03:00:30,6.86,34.65,75.6,False
2024-01-21T03:01:00,5.7,33.17,132.1,False
2024-01-21T03:01:30,14.91,37.77,188.3,False
2024-01-21T03:02:00,5.74,29.52,206.9,False
2024-01-21T03:02:30,5.0,32.61,210.0,False
2024-01-21T03:03:00,9.39,36.53,192.1,False
2024-01-21T03:03:30,9.55,30.99,153.3,False
2024-01-21T03:04:00,10.75,33.85,254.8,False
2024-01-21T03:04:30,14.75,37.19,190.1,False
2024-01-21T03:05:00,6.42,32.52,96.0,False
2024-01-21T03:05:30,7.02,35.49,76.6,False
2024-01-21T03:06:00,13.58,37.36,212.7,False
2024-01-21T03:06:30,11.57,35.71,124.0,False
2024-01-21T03:07:00,11.15,36.33,246.0,False
2024-01-21T03:07:30,6.99,34.14,132.7,False
2024-01-21T03:08:00,12.14,35.27,145.6,False
2024-01-21T03:08:30,11.17,34.0,234.0,False
2024-01-21T03:09:00,9.33,35.77,209.7,False
2024-01-21T03:09:30,7.01,31.14,222.6,False
2024-01-21T03:10:00,9.08,33.52,104.7,False
2024-01-21T03:10:30,13.71,33.67,133.3,False
2024-01-21T03:11:00,5.49,33.33,206.3,False
2024-01-21T03:11:30,6.37,34.78,38.7,False
2024-01-21T03:12:00,6.89,30.7,106.5,False
2024-01-21T03:12:30,7.54,32.6,162.6,False
2024-01-21T03:13:00,8.73,32.54,116.7,False
2024-01-21T03:13:30,11.66,37.11,201.7,False
2024-01-21T03:14:00,10.17,37.05,135.4,False
2024-01-21T03:14:30,8.97,32.66,223.3,False
2024-01-21T03:15:00,9.62,27.77,205.7,False
2024-01-21T03:15:30,10.66,36.78,196.3,False
2024-01-21T03:16:00,5.0,31.73,125.8,False
2024-01-21T03:16:30,12.01,35.25,154.8,False
2024-01-21T03:17:00,6.32,34.23,145.2,False
2024-01-21T03:17:30,7.47,32.16,110.5,False
2024-01-21T03:18:00,9.83,32.8,255.3,False
2024-01-21T03:18:30,8.58,32.73,181.4,False
2024-01-21T03:19:00,10.27,35.27,147.4,False
2024-01-21T03:19:30,9.24,35.53,236.6,False
2024-01-21T03:20:00,7.95,36.4,161.8,False
2024-01-21T03:20:30,13.41,36.67,263.2,False
2024-01-21T03:21:00,10.95,34.35,242.4,False
2024-01-21T03:21:30,9.74,35.8,195.4,False
2024-01-21T03:22:00,10.91,32.68,136.5,False
2024-01-21T03:22:30,6.73,35.36,130.6,False
2024-01-21T03:23:00,15.37,37.27,366.5,False
2024-01-21T03:23:30,5.59,31.5,122.7,False
2024-01-21T03:24:00,9.19,31.83,163.3,False
2024-01-21T03:24:30,8.0,34.42,145.1,False
2024-01-21T03:25:00,7.89,32.55,125.5,False
2024-01-21T03:25:30,7.51,32.74,188.2,False
2024-01-21T03:26:00,6.56,29.11,98.9,False
2024-01-21T03:26:30,12.44,34.53,166.3,False
2024-01-21T03:27:00,5.27,30.67,154.5,False
2024-01-21T03:27:30,11.84,35.93,184.7,False
2024-01-21T03:28:00,10.84,34.06,193.2,False
2024-01-21T03:28:30,7.76,27.76,160.8,False
2024-01-21T03:29:00,10.5,33.6,137.1,False
2024-01-21T03:29:30,8.44,30.49,226.1,False
2024-01-21T03:30:00,5.61,29.91,190.6,False
2024-01-21T03:30:30,5.65,34.02,107.0,False
2024-01-21T03:31:00,10.89,31.26,206.2,False
2024-01-21T03:31:30,10.74,35.15,166.3,False
2024-01-21T03:32:00,9.67,33.01,220.7,False
2024-01-21T03:32:30,7.77,31.68,196.5,False
2024-01-21T03:33:00,8.38,31.43,217.3,False
2024-01-21T03:33:30,7.98,33.83,126.0,False
2024-01-21T03:34:00,5.0,32.56,85.8,False
2024-01-21T03:34:30,9.16,30.33,98.9,False
2024-01-21T03:35:00,10.55,36.77,291.4,False
2024-01-21T03:35:30,9.19,31.42,209.7,False
2024-01-21T03:36:00,14.3,37.13,264.2,False
2024-01-21T03:36:30,5.98,29.83,90.5,False
2024-01-21T03:37:00,7.02,31.8,181.6,False
2024-01-21T03:37:30,9.41,31.36,106.4,False
2024-01-21T03:38:00,9.75,33.03,196.2,False
2024-01-21T03:38:30,5.0,31.31,140.8,False
2024-01-21T03:39:00,10.84,32.33,174.8,False
2024-01-21T03:39:30,9.79,34.74,156.6,False
2024-01-21T03:40:00,5.0,32.61,187.0,False
2024-01-21T03:40:30,8.71,38.98,148.7,False
2024-01-21T03:41:00,6.64,34.39,207.2,False
2024-01-21T03:41:30,7.71,35.43,159.8,False
2024-01-21T03:42:00,5.07,28.22,155.5,False
2024-01-21T03:42:30,10.34,30.47,204.7,False
2024-01-21T03:43:00,14.38,35.82,233.4,False
2024-01-21T03:43:30,9.9,37.75,188.3,False
2024-01-21T03:44:00,5.0,36.68,226.1,False
2024-01-21T03:44:30,9.98,32.84,225.0,False
2024-01-21T03:45:00,8.55,32.33,66.1,False
2024-01-21T03:45:30,5.84,33.24,138.4,False
2024-01-21T03:46:00,10.21,33.94,241.1,False
2024-01-21T03:46:30,11.79,34.79,161.8,False
2024-01-21T03:47:00,7.16,34.09,157.5,False
2024-01-21T03:47:30,5.0,37.17,143.2,False
2024-01-21T03:48:00,5.0,34.35,203.7,False
2024-01-21T03:48:30,7.19,36.58,115.7,False
2024-01-21T03:49:00,8.73,29.92,133.7,False
2024-01-21T03:49:30,7.66,35.22,181.5,False
2024-01-21T03:50:00,7.17,30.93,171.1,False
2024-01-21T03:50:30,10.93,38.07,208.3,False
2024-01-21T03:51:00,10.63,37.28,197.9,False
2024-01-21T03:51:30,9.85,35.38,174.0,False
2024-01-21T03:52:00,11.71,33.62,216.1,False
2024-01-21T03:52:30,7.3,31.93,166.6,False
2024-01-21T03:53:00,5.99,31.45,138.0,False
2024-01-21T03:53:30,7.72,34.64,159.2,False
2024-01-21T03:54:00,7.52,33.83,138.6,False
2024-01-21T03:54:30,5.0,34.6,111.7,False
2024-01-21T03:55:00,7.68,36.32,183.8,False
2024-01-21T03:55:30,12.64,33.89,148.9,False
2024-01-21T03:56:00,11.74,36.08,221.5,False
2024-01-21T03:56:30,10.93,35.65,176.9,False
2024-01-21T03:57:00,9.76,33.95,173.9,False
2024-01-21T03:57:30,13.72,38.01,202.7,False
2024-01-21T03:58:00,6.2,33.35,169.7,False
2024-01-21T03:58:30,6.5,31.37,211.2,False
2024-01-21T03:59:00,12.78,35.38,274.4,False
2024-01-21T03:59:30,9.5,33.32,217.9,False
2024-01-21T04:00:00,7.41,31.53,162.4,False
2024-01-21T04:00:30,11.09,34.65,220.7,False
2024-01-21T04:01:00,8.13,30.75,84.2,False
2024-01-21T04:01:30,6.95,33.7,179.9,False
2024-01-21T04:02:00,6.88,35.53,170.6,False
2024-01-21T04:02:30,10.45,34.61,121.8,False
2024-01-21T04:03:00,10.11,36.23,157.7,False
2024-01-21T04:03:30,14.06,36.63,223.6,False
2024-01-21T04:04:00,8.65,31.57,184.5,False
2024-01-21T04:04:30,8.61,37.61,207.2,False
2024-01-21T04:05:00,13.86,31.38,277.7,False
2024-01-21T04:05:30,12.51,35.57,194.1,False
2024-01-21T04:06:00,10.0,32.76,134.5,False
2024-01-21T04:06:30,5.0,34.96,172.9,False
2024-01-21T04:07:00,7.16,33.31,208.8,False
2024-01-21T04:07:30,6.44,37.63,202.3,False
2024-01-21T04:08:00,9.73,34.24,196.7,False
2024-01-21T04:08:30,8.11,31.83,244.8,False
2024-01-21T04:09:00,14.45,33.11,204.7,False
2024-01-21T04:09:30,5.0,34.02,204.0,False
2024-01-21T04:10:00,6.19,30.73,103.1,False
2024-01-21T04:10:30,10.42,33.68,92.7,False
2024-01-21T04:11:00,11.26,37.39,143.0,False
2024-01-21T04:11:30,5.0,33.92,117.0,False
2024-01-21T04:12:00,5.0,30.59,140.0,False
2024-01-21T04:12:30,8.95,32.88,134.3,False
2024-01-21T04:13:00,13.82,32.71,215.7,False
2024-01-21T04:13:30,15.43,32.92,249.3,False
2024-01-21T04:14:00,8.54,35.11,182.4,False
2024-01-21T04:14:30,9.28,35.71,168.7,False
2024-01-21T04:15:00,7.3,33.68,206.5,False
2024-01-21T04:15:30,11.72,35.56,161.7,False
2024-01-21T04:16:00,14.42,35.12,205.7,False
2024-01-21T04:16:30,13.62,39.07,186.9,False
2024-01-21T04:17:00,9.78,30.65,204.3,False
2024-01-21T04:17:30,7.36,32.07,141.9,False
2024-01-21T04:18:00,9.92,34.61,195.3,False
2024-01-21T04:18:30,14.05,36.35,245.0,False
2024-01-21T04:19:00,8.72,33.69,149.5,False
2024-01-21T04:19:30,5.0,30.79,76.1,False
2024-01-21T04:20:00,8.87,34.85,162.0,False
2024-01-21T04:20:30,9.13,31.47,141.2,False
2024-01-21T04:21:00,5.0,31.55,114.3,False
2024-01-21T04:21:30,10.69,35.55,86.7,False
2024-01-21T04:22:00,11.53,34.44,127.4,False
2024-01-21T04:22:30,15.61,37.16,256.9,False
2024-01-21T04:23:00,6.05,32.8,110.9,False
2024-01-21T04:23:30,12.25,31.95,244.2,False
2024-01-21T04:24:00,12.97,32.5,175.2,False
2024-01-21T04:24:30,11.65,35.44,212.6,False
2024-01-21T04:25:00,7.08,31.68,146.6,False
2024-01-21T04:25:30,6.93,31.72,181.4,False
2024-01-21T04:26:00,10.43,35.71,173.3,False
2024-01-21T04:26:30,10.42,32.59,191.9,False
2024-01-21T04:27:00,8.49,28.77,217.2,False
2024-01-21T04:27:30,14.06,39.7,231.3,False
2024-01-21T04:28:00,9.0,36.28,144.5,False
2024-01-21T04:28:30,5.0,34.25,65.1,False
2024-01-21T04:29:00,9.56,31.9,172.1,False
2024-01-21T04:29:30,11.69,35.05,210.7,False
2024-01-21T04:30:00,11.29,32.47,196.5,False
2024-01-21T04:30:30,11.29,34.89,155.2,False
2024-01-21T04:31:00,14.78,36.06,224.3,False
2024-01-21T04:31:30,6.97,30.7,182.2,False
2024-01-21T04:32:00,9.06,34.91,228.3,False
2024-01-21T04:32:30,14.99,36.35,210.9,False
2024-01-21T04:33:00,5.0,35.32,238.3,False
2024-01-21T04:33:30,10.23,34.66,239.9,False
2024-01-21T04:34:00,14.09,31.33,219.5,False
2024-01-21T04:34:30,14.06,32.79,223.0,False
2024-01-21T04:35:00,12.42,39.78,254.9,False
2024-01-21T04:35:30,12.51,34.92,161.6,False
2024-01-21T04:36:00,7.35,33.54,126.7,False
2024-01-21T04:36:30,14.61,36.71,165.4,False
2024-01-21T04:37:00,6.91,35.67,145.1,False
2024-01-21T04:37:30,7.11,29.13,122.5,False
2024-01-21T04:38:00,11.71,37.9,179.5,False
2024-01-21T04:38:30,9.09,36.45,171.3,False
2024-01-21T04:39:00,11.2,35.01,134.5,False
2024-01-21T04:39:30,11.89,36.17,249.8,False
2024-01-21T04:40:00,15.95,36.63,275.3,False
2024-01-21T04:40:30,11.94,32.0,177.1,False
2024-01-21T04:41:00,8.8,34.96,229.7,False
2024-01-21T04:41:30,12.7,36.24,217.2,False
2024-01-21T04:42:00,8.2,34.03,209.6,False
2024-01-21T04:42:30,13.45,37.09,153.4,False
2024-01-21T04:43:00,10.93,33.66,173.9,False
2024-01-21T04:43:30,11.95,38.37,220.7,False
2024-01-21T04:44:00,5.43,32.14,136.9,False
2024-01-21T04:44:30,5.0,32.99,133.0,False
2024-01-21T04:45:00,6.3,32.02,146.0,False
2024-01-21T04:45:30,16.06,39.54,243.5,False
2024-01-21T04:46:00,7.4,33.32,163.7,False
2024-01-21T04:46:30,13.06,35.78,266.8,False
2024-01-21T04:47:00,8.96,36.31,132.1,False
2024-01-21T04:47:30,10.19,31.06,185.3,False
2024-01-21T04:48:00,10.79,34.25,214.5,False
2024-01-21T04:48:30,15.88,36.13,177.3,False
2024-01-21T04:49:00,12.72,36.53,188.0,False
2024-01-21T04:49:30,12.14,36.13,204.1,False
2024-01-21T04:50:00,14.9,36.85,279.3,False
2024-01-21T04:50:30,9.13,32.56,178.5,False
2024-01-21T04:51:00,14.25,36.51,244.3,False
2024-01-21T04:51:30,13.77,36.96,243.1,False
2024-01-21T04:52:00,13.76,35.95,99.8,False
2024-01-21T04:52:30,10.64,36.97,188.4,False
2024-01-21T04:53:00,9.82,35.57,161.1,False
2024-01-21T04:53:30,8.54,33.74,228.4,False
2024-01-21T04:54:00,8.75,29.12,197.9,False
2024-01-21T04:54:30,8.44,33.22,202.5,False
2024-01-21T04:55:00,12.31,36.86,219.3,False
2024-01-21T04:55:30,10.55,34.16,188.6,False
2024-01-21T04:56:00,12.55,36.32,233.8,False
2024-01-21T04:56:30,12.74,35.36,201.0,False
2024-01-21T04:57:00,8.12,33.97,216.3,False
2024-01-21T04:57:30,8.05,36.27,121.6,False
2024-01-21T04:58:00,10.65,36.35,226.7,False
2024-01-21T04:58:30,9.03,31.38,157.8,False
2024-01-21T04:59:00,8.74,30.51,197.1,False
2024-01-21T04:59:30,16.49,38.58,169.1,False
2024-01-21T05:00:00,6.82,35.2,165.4,False
2024-01-21T05:00:30,17.52,34.89,234.1,False
2024-01-21T05:01:00,12.34,35.21,196.9,False
2024-01-21T05:01:30,14.45,41.43,144.9,False
2024-01-21T05:02:00,14.12,35.98,214.3,False
2024-01-21T05:02:30,13.39,41.21,212.3,False
2024-01-21T05:03:00,16.54,36.09,161.1,False
2024-01-21T05:03:30,8.33,32.34,120.6,False
2024-01-21T05:04:00,11.13,33.63,195.4,False
2024-01-21T05:04:30,9.07,31.44,188.8,False
2024-01-21T05:05:00,6.56,29.37,150.4,False
2024-01-21T05:05:30,9.69,33.87,179.3,False
2024-01-21T05:06:00,17.31,38.42,239.6,False
2024-01-21T05:06:30,11.19,33.64,167.8,False
2024-01-21T05:07:00,17.69,37.37,234.4,False
2024-01-21T05:07:30,18.02,41.38,188.1,False
2024-01-21T05:08:00,20.77,41.81,242.8,False
2024-01-21T05:08:30,17.52,37.73,238.5,False
2024-01-21T05:09:00,18.91,39.79,300.7,False
2024-01-21T05:09:30,12.83,32.63,197.8,False
2024-01-21T05:10:00,12.56,36.31,283.0,False
2024-01-21T05:10:30,12.79,35.75,279.5,False
2024-01-21T05:11:00,11.92,34.7,198.2,False
2024-01-21T05:11:30,12.4,35.75,182.6,False
2024-01-21T05:12:00,14.23,36.35,304.5,False
2024-01-21T05:12:30,10.6,32.16,214.6,False
2024-01-21T05:13:00,7.89,36.8,180.6,False
2024-01-21T05:13:30,13.13,37.96,176.2,False
2024-01-21T05:14:00,9.99,33.72,162.8,False
2024-01-21T05:14:30,10.32,31.14,142.6,False
2024-01-21T05:15:00,11.69,30.43,253.0,False
2024-01-21T05:15:30,11.02,39.02,208.3,False
2024-01-21T05:16:00,15.49,36.9,211.5,False
2024-01-21T05:16:30,11.69,36.87,174.6,False
2024-01-21T05:17:00,15.69,35.46,185.9,False
2024-01-21T05:17:30,12.86,35.32,200.1,False
2024-01-21T05:18:00,12.0,34.99,202.8,False
2024-01-21T05:18:30,12.76,36.37,111.1,False
2024-01-21T05:19:00,8.44,33.91,128.9,False
2024-01-21T05:19:30,13.35,34.34,179.7,False
2024-01-21T05:20:00,14.91,35.1,262.7,False
2024-01-21T05:20:30,15.36,37.03,200.7,False
2024-01-21T05:21:00,8.36,30.19,95.1,False
2024-01-21T05:21:30,7.88,31.81,119.0,False
2024-01-21T05:22:00,10.85,34.64,255.8,False
2024-01-21T05:22:30,16.64,38.64,218.2,False
2024-01-21T05:23:00,13.18,39.12,163.9,False
2024-01-21T05:23:30,10.22,33.68,114.8,False
2024-01-21T05:24:00,8.21,33.7,166.6,False
2024-01-21T05:24:30,10.54,31.06,189.5,False
2024-01-21T05:25:00,10.36,35.38,200.5,False
2024-01-21T05:25:30,15.45,35.44,332.7,False
2024-01-21T05:26:00,15.71,36.77,176.2,False
2024-01-21T05:26:30,9.54,35.26,161.6,False
2024-01-21T05:27:00,14.98,38.06,231.5,False
2024-01-21T05:27:30,14.7,33.98,200.1,False
2024-01-21T05:28:00,9.23,35.76,91.2,False
2024-01-21T05:28:30,12.55,35.74,220.8,False
2024-01-21T05:29:00,13.85,39.0,185.5,False
2024-01-21T05:29:30,13.34,39.14,164.2,False
2024-01-21T05:30:00,7.75,36.63,126.2,False
2024-01-21T05:30:30,13.3,33.35,268.4,False
2024-01-21T05:31:00,14.84,37.77,270.7,False
2024-01-21T05:31:30,17.7,35.24,197.9,False
2024-01-21T05:32:00,10.98,37.64,118.6,False
2024-01-21T05:32:30,11.38,38.13,226.9,False
2024-01-21T05:33:00,12.41,37.72,281.6,False
2024-01-21T05:33:30,13.94,35.68,304.8,False
2024-01-21T05:34:00,13.38,37.34,150.4,False
2024-01-21T05:34:30,14.93,35.92,273.8,False
2024-01-21T05:35:00,9.77,34.47,178.0,False
2024-01-21T05:35:30,14.37,36.56,137.7,False
2024-01-21T05:36:00,10.98,31.05,153.4,False
2024-01-21T05:36:30,12.8,34.35,171.0,False
2024-01-21T05:37:00,18.38,43.3,266.1,False
2024-01-21T05:37:30,9.09,33.94,118.0,False
2024-01-21T05:38:00,12.47,36.13,237.6,False
2024-01-21T05:38:30,9.52,34.31,195.2,False
2024-01-21T05:39:00,13.83,35.66,251.4,False
2024-01-21T05:39:30,16.54,37.92,205.9,False
2024-01-21T05:40:00,13.93,35.73,227.3,False
2024-01-21T05:40:30,13.1,31.56,163.4,False
2024-01-21T05:41:00,17.47,39.88,266.8,False
2024-01-21T05:41:30,14.5,40.06,206.5,False
2024-01-21T05:42:00,16.0,35.25,222.4,False
2024-01-21T05:42:30,15.71,36.61,224.4,False
2024-01-21T05:43:00,5.0,35.08,70.3,False
2024-01-21T05:43:30,13.39,34.74,254.7,False
2024-01-21T05:44:00,10.42,35.57,186.7,False
2024-01-21T05:44:30,11.19,43.84,237.3,False
2024-01-21T05:45:00,18.13,39.92,289.9,False
2024-01-21T05:45:30,12.61,36.04,168.4,False
2024-01-21T05:46:00,19.44,41.08,244.8,False
2024-01-21T05:46:30,9.57,35.93,114.5,False
2024-01-21T05:47:00,10.57,33.56,233.6,False
2024-01-21T05:47:30,16.14,34.19,242.1,False
2024-01-21T05:48:00,12.86,37.22,210.9,False
2024-01-21T05:48:30,14.83,38.5,207.6,False
2024-01-21T05:49:00,13.6,35.81,170.0,False
2024-01-21T05:49:30,13.54,39.67,259.6,False
2024-01-21T05:50:00,13.09,39.04,284.9,False
2024-01-21T05:50:30,14.57,38.44,269.4,False
2024-01-21T05:51:00,15.98,37.04,221.2,False
2024-01-21T05:51:30,18.93,34.89,267.1,False
2024-01-21T05:52:00,13.51,36.02,250.9,False
2024-01-21T05:52:30,12.97,32.42,207.5,False
2024-01-21T05:53:00,12.61,31.2,278.7,False
2024-01-21T05:53:30,18.62,40.22,298.9,False
2024-01-21T05:54:00,16.31,40.12,341.9,False
2024-01-21T05:54:30,8.57,30.0,176.3,False
2024-01-21T05:55:00,8.47,33.34,71.2,False
2024-01-21T05:55:30,11.84,35.51,197.6,False
2024-01-21T05:56:00,15.05,36.56,205.2,False
2024-01-21T05:56:30,14.29,34.01,221.2,False
2024-01-21T05:57:00,15.96,40.27,299.0,False
2024-01-21T05:57:30,13.92,33.89,189.7,False
2024-01-21T05:58:00,18.67,35.07,216.1,False
2024-01-21T05:58:30,16.83,35.3,208.7,False
2024-01-21T05:59:00,14.77,37.98,304.4,False
2024-01-21T05:59:30,18.01,38.1,225.6,False
2024-01-21T06:00:00,9.66,32.92,187.6,False
2024-01-21T06:00:30,14.38,37.88,288.9,False
2024-01-21T06:01:00,15.08,37.84,247.2,False
2024-01-21T06:01:30,16.5,33.28,141.8,False
2024-01-21T06:02:00,9.58,35.47,157.3,False
2024-01-21T06:02:30,13.98,38.99,185.7,False
2024-01-21T06:03:00,15.99,37.39,158.2,False
2024-01-21T06:03:30,16.25,37.3,211.0,False
2024-01-21T06:04:00,18.41,42.64,138.4,False
2024-01-21T06:04:30,17.17,36.81,250.3,False
2024-01-21T06:05:00,14.73,36.68,218.2,False
2024-01-21T06:05:30,16.97,38.8,207.4,False
2024-01-21T06:06:00,14.37,36.94,142.6,False
2024-01-21T06:06:30,15.45,36.83,279.4,False
2024-01-21T06:07:00,17.43,38.55,216.7,False
2024-01-21T06:07:30,14.94,40.26,263.4,False
2024-01-21T06:08:00,16.19,39.37,224.5,False
2024-01-21T06:08:30,18.02,38.52,302.5,False
2024-01-21T06:09:00,17.31,36.59,261.8,False
2024-01-21T06:09:30,18.9,37.65,255.7,False
2024-01-21T06:10:00,22.22,42.67,244.2,False
2024-01-21T06:10:30,17.37,35.17,291.0,False
2024-01-21T06:11:00,13.91,41.43,203.1,False
2024-01-21T06:11:30,16.87,38.04,202.3,False
2024-01-21T06:12:00,16.77,35.3,227.9,False
2024-01-21T06:12:30,17.24,38.65,236.0,False
2024-01-21T06:13:00,19.91,38.03,294.3,False
2024-01-21T06:13:30,10.41,34.04,108.0,False
2024-01-21T06:14:00,20.03,36.67,355.6,False
2024-01-21T06:14:30,21.08,39.74,287.1,False
2024-01-21T06:15:00,17.26,34.07,237.5,False
2024-01-21T06:15:30,17.37,37.17,256.7,False
2024-01-21T06:16:00,14.9,35.48,157.9,False
2024-01-21T06:16:30,15.68,36.52,230.4,False
2024-01-21T06:17:00,17.78,37.05,268.3,False
2024-01-21T06:17:30,17.62,38.57,229.2,False
2024-01-21T06:18:00,17.92,40.42,264.3,False
2024-01-21T06:18:30,17.67,39.25,273.1,False
2024-01-21T06:19:00,18.52,41.55,219.0,False
2024-01-21T06:19:30,18.22,37.8,295.7,False
2024-01-21T06:20:00,12.82,36.75,200.1,False
2024-01-21T06:20:30,18.42,39.63,323.6,False
2024-01-21T06:21:00,21.53,42.77,324.6,False
2024-01-21T06:21:30,15.91,36.19,243.5,False
2024-01-21T06:22:00,20.52,41.54,231.7,False
2024-01-21T06:22:30,13.31,34.64,202.0,False
2024-01-21T06:23:00,16.0,36.56,268.3,False
2024-01-21T06:23:30,14.2,36.09,191.2,False
2024-01-21T06:24:00,20.3,40.76,279.7,False
2024-01-21T06:24:30,21.11,38.09,290.8,False
2024-01-21T06:25:00,15.93,35.78,222.9,False
2024-01-21T06:25:30,19.77,38.31,225.3,False
2024-01-21T06:26:00,21.25,40.43,333.9,False
2024-01-21T06:26:30,16.23,35.96,248.8,False
2024-01-21T06:27:00,16.75,38.62,221.9,False
2024-01-21T06:27:30,18.6,38.3,217.2,False
2024-01-21T06:28:00,13.9,37.99,247.2,False
2024-01-21T06:28:30,16.8,38.24,231.6,False
2024-01-21T06:29:00,22.93,44.69,322.5,False
2024-01-21T06:29:30,15.04,37.48,183.4,False
2024-01-21T06:30:00,19.13,36.85,265.2,False
2024-01-21T06:30:30,18.18,38.39,226.2,False
2024-01-21T06:31:00,16.15,37.84,298.8,False
2024-01-21T06:31:30,17.34,36.58,253.4,False
2024-01-21T06:32:00,21.97,43.75,235.9,False
2024-01-21T06:32:30,18.4,38.31,284.6,False
2024-01-21T06:33:00,18.91,37.9,300.7,False
2024-01-21T06:33:30,21.62,40.91,259.4,False
2024-01-21T06:34:00,15.98,35.91,195.5,False
2024-01-21T06:34:30,13.74,38.54,121.8,False
2024-01-21T06:35:00,22.22,42.38,321.8,False
2024-01-21T06:35:30,17.36,38.68,168.8,False
2024-01-21T06:36:00,19.67,40.76,255.4,False
2024-01-21T06:36:30,14.74,36.11,148.9,False
2024-01-21T06:37:00,18.23,35.85,317.8,False
2024-01-21T06:37:30,13.8,36.0,263.8,False
2024-01-21T06:38:00,17.32,37.41,250.6,False
2024-01-21T06:38:30,15.22,33.29,263.7,False
2024-01-21T06:39:00,14.57,34.92,211.3,False
2024-01-21T06:39:30,16.33,35.46,197.6,False
2024-01-21T06:40:00,10.39,32.84,116.1,False
2024-01-21T06:40:30,13.83,39.34,242.3,False
2024-01-21T06:41:00,19.69,40.63,217.2,False
2024-01-21T06:41:30,18.42,40.9,348.5,False
2024-01-21T06:42:00,14.19,37.88,169.1,False
2024-01-21T06:42:30,19.1,41.48,293.3,False
2024-01-21T06:43:00,14.85,37.25,269.9,False
2024-01-21T06:43:30,19.69,42.64,203.9,False
2024-01-21T06:44:00,17.21,35.91,219.7,False
2024-01-21T06:44:30,16.62,37.94,223.8,False
2024-01-21T06:45:00,17.36,36.4,378.2,False
2024-01-21T06:45:30,25.35,44.93,293.0,False
2024-01-21T06:46:00,15.43,38.33,177.9,False
2024-01-21T06:46:30,18.42,41.36,267.1,False
2024-01-21T06:47:00,20.12,37.03,219.1,False
2024-01-21T06:47:30,14.93,36.04,217.0,False
2024-01-21T06:48:00,13.07,32.75,186.4,False
2024-01-21T06:48:30,16.09,38.55,249.4,False
2024-01-21T06:49:00,20.2,39.03,239.2,False
2024-01-21T06:49:30,16.94,39.76,207.6,False
2024-01-21T06:50:00,17.31,38.5,281.6,False
2024-01-21T06:50:30,20.77,35.91,277.7,False
2024-01-21T06:51:00,15.65,34.29,226.4,False
2024-01-21T06:51:30,17.84,38.88,165.8,False
2024-01-21T06:52:00,13.61,37.53,233.7,False
2024-01-21T06:52:30,19.15,34.93,234.3,False
2024-01-21T06:53:00,18.91,39.08,262.4,False
2024-01-21T06:53:30,20.64,38.08,191.4,False
2024-01-21T06:54:00,14.86,35.01,230.0,False
2024-01-21T06:54:30,17.76,37.37,249.8,False
2024-01-21T06:55:00,14.53,37.31,207.1,False
2024-01-21T06:55:30,17.67,37.22,205.9,False
2024-01-21T06:56:00,22.89,37.28,329.8,False
2024-01-21T06:56:30,17.52,38.8,210.3,False
2024-01-21T06:57:00,14.42,36.32,251.8,False
2024-01-21T06:57:30,16.52,36.19,274.0,False
2024-01-21T06:58:00,13.76,36.07,176.8,False
2024-01-21T06:58:30,14.74,36.49,247.9,False
2024-01-21T06:59:00,20.68,40.24,248.3,False
2024-01-21T06:59:30,14.37,36.5,240.5,False
2024-01-21T07:00:00,19.68,39.99,220.0,False
2024-01-21T07:00:30,18.86,39.15,246.3,False
2024-01-21T07:01:00,17.23,40.07,240.9,False
2024-01-21T07:01:30,19.54,42.76,255.2,False
2024-01-21T07:02:00,16.08,37.83,243.9,False
2024-01-21T07:02:30,21.46,39.31,239.3,False
2024-01-21T07:03:00,16.88,35.39,212.9,False
2024-01-21T07:03:30,17.85,40.04,271.4,False
2024-01-21T07:04:00,17.53,36.79,223.8,False
2024-01-21T07:04:30,21.16,45.1,249.4,False
2024-01-21T07:05:00,20.76,45.77,232.4,False
2024-01-21T07:05:30,11.3,35.05,172.0,False
2024-01-21T07:06:00,19.96,36.49,218.6,False
2024-01-21T07:06:30,14.01,38.15,241.2,False
2024-01-21T07:07:00,18.25,43.16,228.1,False
2024-01-21T07:07:30,18.99,36.71,208.6,False
2024-01-21T07:08:00,18.3,42.78,238.3,False
2024-01-21T07:08:30,20.9,36.59,211.3,False
2024-01-21T07:09:00,21.59,37.73,238.5,False
2024-01-21T07:09:30,17.15,39.04,291.4,False
2024-01-21T07:10:00,17.08,40.42,193.1,False
2024-01-21T07:10:30,19.44,39.43,249.8,False
2024-01-21T07:11:00,14.96,38.23,307.9,False
2024-01-21T07:11:30,18.2,41.16,255.5,False
2024-01-21T07:12:00,23.71,44.15,269.2,False
2024-01-21T07:12:30,15.19,36.2,142.0,False
2024-01-21T07:13:00,18.72,37.49,256.5,False
2024-01-21T07:13:30,18.01,40.97,213.3,False
2024-01-21T07:14:00,25.84,43.68,329.0,False
2024-01-21T07:14:30,18.25,40.16,218.9,False
2024-01-21T07:15:00,18.46,37.77,258.8,False
2024-01-21T07:15:30,16.85,39.56,292.6,False
2024-01-21T07:16:00,20.01,37.68,286.9,False
2024-01-21T07:16:30,20.83,40.77,213.9,False
2024-01-21T07:17:00,17.4,38.79,242.8,False
2024-01-21T07:17:30,23.06,41.64,323.0,False
2024-01-21T07:18:00,20.95,41.91,206.8,False
2024-01-21T07:18:30,22.73,39.2,349.3,False
2024-01-21T07:19:00,19.23,40.84,259.5,False
2024-01-21T07:19:30,20.98,40.41,290.9,False
2024-01-21T07:20:00,19.65,38.12,243.5,False
2024-01-21T07:20:30,24.71,39.59,299.5,False
2024-01-21T07:21:00,20.72,44.02,230.0,False
2024-01-21T07:21:30,20.44,39.96,325.4,False
2024-01-21T07:22:00,19.08,38.71,324.3,False
2024-01-21T07:22:30,18.94,37.07,337.4,False
2024-01-21T07:23:00,21.24,42.68,199.3,False
2024-01-21T07:23:30,23.03,43.42,297.4,False
2024-01-21T07:24:00,18.56,40.8,265.7,False
2024-01-21T07:24:30,21.03,40.28,240.0,False
2024-01-21T07:25:00,21.24,42.01,284.9,False
2024-01-21T07:25:30,21.81,39.15,217.0,False
2024-01-21T07:26:00,15.65,38.15,284.0,False
2024-01-21T07:26:30,18.04,38.8,183.0,False
2024-01-21T07:27:00,16.75,38.81,244.0,False
2024-01-21T07:27:30,20.99,36.77,299.5,False
2024-01-21T07:28:00,18.23,42.75,221.8,False
2024-01-21T07:28:30,19.48,42.88,310.8,False
2024-01-21T07:29:00,17.43,36.32,166.4,False
2024-01-21T07:29:30,19.84,40.98,257.5,False
2024-01-21T07:30:00,17.72,35.79,174.3,False
2024-01-21T07:30:30,23.41,41.78,256.3,False
2024-01-21T07:31:00,22.61,36.82,261.1,False
2024-01-21T07:31:30,21.66,40.16,251.1,False
2024-01-21T07:32:00,20.35,39.11,313.6,False
2024-01-21T07:32:30,15.18,39.82,174.5,False
2024-01-21T07:33:00,19.96,43.23,197.5,False
2024-01-21T07:33:30,19.09,42.84,235.5,False
2024-01-21T07:34:00,22.16,43.31,281.8,False
2024-01-21T07:34:30,23.32,41.74,306.6,False
2024-01-21T07:35:00,22.47,41.93,325.9,False
2024-01-21T07:35:30,25.33,43.35,216.6,False
2024-01-21T07:36:00,19.87,37.5,326.5,False
2024-01-21T07:36:30,19.79,42.11,225.6,False
2024-01-21T07:37:00,24.77,43.69,287.0,False
2024-01-21T07:37:30,22.2,42.5,278.5,False
2024-01-21T07:38:00,21.0,35.87,181.2,False
2024-01-21T07:38:30,27.32,44.5,301.3,False
2024-01-21T07:39:00,23.56,43.72,328.1,False
2024-01-21T07:39:30,21.29,40.55,295.6,False
2024-01-21T07:40:00,19.85,38.86,238.8,False
2024-01-21T07:40:30,25.93,40.17,315.9,False
2024-01-21T07:41:00,22.61,38.37,299.3,False
2024-01-21T07:41:30,22.1,41.3,266.5,False
2024-01-21T07:42:00,24.1,41.52,312.5,False
2024-01-21T07:42:30,24.75,41.82,266.0,False
2024-01-21T07:43:00,23.8,44.9,252.6,False
2024-01-21T07:43:30,24.84,39.86,286.9,False
2024-01-21T07:44:00,23.59,41.05,192.1,False
2024-01-21T07:44:30,23.94,45.31,319.3,False
2024-01-21T07:45:00,20.12,39.39,264.3,False
2024-01-21T07:45:30,27.79,43.98,313.4,False
2024-01-21T07:46:00,18.7,38.95,281.4,False
2024-01-21T07:46:30,23.37,43.05,302.4,False
2024-01-21T07:47:00,18.47,35.08,290.3,False
2024-01-21T07:47:30,22.23,40.67,341.0,False
2024-01-21T07:48:00,20.85,40.49,280.0,False
2024-01-21T07:48:30,23.01,39.47,255.3,False
2024-01-21T07:49:00,23.67,42.49,318.4,False
2024-01-21T07:49:30,19.82,41.45,229.9,False
2024-01-21T07:50:00,22.64,42.19,250.7,False
2024-01-21T07:50:30,26.95,47.0,303.9,False
2024-01-21T07:51:00,18.88,38.54,297.3,False
2024-01-21T07:51:30,20.29,41.11,292.4,False
2024-01-21T07:52:00,25.48,43.66,339.3,False
2024-01-21T07:52:30,23.17,41.09,290.3,False
2024-01-21T07:53:00,23.43,43.96,310.3,False
2024-01-21T07:53:30,26.09,43.6,332.8,False
2024-01-21T07:54:00,20.68,37.92,237.9,False
2024-01-21T07:54:30,21.55,42.25,295.9,False
2024-01-21T07:55:00,21.22,39.59,269.6,False
2024-01-21T07:55:30,22.15,40.41,261.0,False
2024-01-21T07:56:00,27.25,43.11,303.7,False
2024-01-21T07:56:30,18.17,40.54,223.3,False
2024-01-21T07:57:00,19.73,42.01,246.6,False
2024-01-21T07:57:30,19.26,39.3,253.8,False
2024-01-21T07:58:00,27.61,43.36,347.4,False
2024-01-21T07:58:30,21.6,36.7,333.2,False
2024-01-21T07:59:00,22.5,39.82,302.8,False
2024-01-21T07:59:30,18.68,37.44,254.1,False
2024-01-21T08:00:00,22.78,42.01,202.2,False
2024-01-21T08:00:30,26.21,42.89,406.4,False
2024-01-21T08:01:00,24.41,40.39,267.0,False
2024-01-21T08:01:30,23.37,41.99,260.0,False
2024-01-21T08:02:00,19.04,39.39,302.9,False
2024-01-21T08:02:30,22.8,36.32,238.3,False
2024-01-21T08:03:00,24.26,44.35,309.0,False
2024-01-21T08:03:30,20.89,42.47,248.6,False
2024-01-21T08:04:00,25.87,42.47,296.9,False
2024-01-21T08:04:30,26.6,44.02,314.8,False
2024-01-21T08:05:00,22.41,40.56,231.5,False
2024-01-21T08:05:30,26.21,39.91,304.8,False
2024-01-21T08:06:00,23.75,46.21,331.0,False
2024-01-21T08:06:30,27.56,45.29,317.5,False
2024-01-21T08:07:00,30.26,47.03,482.1,False
2024-01-21T08:07:30,20.92,39.91,271.0,False
2024-01-21T08:08:00,26.55,45.55,264.6,False
2024-01-21T08:08:30,28.2,41.38,304.8,False
2024-01-21T08:09:00,21.42,40.24,194.0,False
2024-01-21T08:09:30,22.65,42.83,324.3,False
2024-01-21T08:10:00,22.66,40.1,345.5,False
2024-01-21T08:10:30,24.06,43.88,326.2,False
2024-01-21T08:11:00,23.43,42.35,253.9,False
2024-01-21T08:11:30,23.95,42.42,256.7,False
2024-01-21T08:12:00,27.1,42.14,346.3,False
2024-01-21T08:12:30,18.94,40.31,230.7,False
2024-01-21T08:13:00,21.75,44.77,239.6,False
2024-01-21T08:13:30,26.73,43.75,274.9,False
2024-01-21T08:14:00,26.42,44.36,386.1,False
2024-01-21T08:14:30,21.63,42.26,254.4,False
2024-01-21T08:15:00,26.52,41.01,345.4,False
2024-01-21T08:15:30,28.87,44.21,352.9,False
2024-01-21T08:16:00,24.78,42.11,264.3,False
2024-01-21T08:16:30,21.95,36.77,277.2,False
2024-01-21T08:17:00,27.64,45.44,281.1,False
2024-01-21T08:17:30,30.23,43.3,399.7,False
2024-01-21T08:18:00,22.44,42.63,243.1,False
2024-01-21T08:18:30,25.26,41.16,316.7,False
2024-01-21T08:19:00,28.46,48.36,307.9,False
2024-01-21T08:19:30,25.58,42.28,267.6,False
2024-01-21T08:20:00,20.03,43.91,303.3,False
2024-01-21T08:20:30,26.65,43.03,292.3,False
2024-01-21T08:21:00,22.42,41.16,206.2,False
2024-01-21T08:21:30,21.59,43.99,289.7,False
2024-01-21T08:22:00,20.26,38.36,233.8,False
2024-01-21T08:22:30,29.06,44.69,338.8,False
2024-01-21T08:23:00,23.03,42.66,318.5,False
2024-01-21T08:23:30,26.57,44.16,326.9,False
2024-01-21T08:24:00,27.35,43.83,354.4,False
2024-01-21T08:24:30,26.15,42.95,257.2,False
2024-01-21T08:25:00,26.59,45.06,360.7,False
2024-01-21T08:25:30,26.89,43.87,303.2,False
2024-01-21T08:26:00,26.2,45.11,252.6,False
2024-01-21T08:26:30,23.55,42.63,190.2,False
2024-01-21T08:27:00,23.33,43.04,274.3,False
2024-01-21T08:27:30,25.6,45.15,273.4,False
2024-01-21T08:28:00,25.58,42.25,273.8,False
2024-01-21T08:28:30,27.29,45.94,331.7,False
2024-01-21T08:29:00,29.35,44.44,403.6,False
2024-01-21T08:29:30,27.12,40.84,280.9,False
2024-01-21T08:30:00,23.7,41.28,293.3,False
2024-01-21T08:30:30,19.63,38.46,234.4,False
2024-01-21T08:31:00,23.91,42.8,251.8,False
2024-01-21T08:31:30,22.23,40.63,237.2,False
2024-01-21T08:32:00,24.12,42.41,358.6,False
2024-01-21T08:32:30,27.08,45.66,317.2,False
2024-01-21T08:33:00,26.65,46.39,305.6,False
2024-01-21T08:33:30,32.01,46.69,328.7,False
2024-01-21T08:34:00,27.93,46.23,326.1,False
2024-01-21T08:34:30,32.25,45.87,332.5,False
2024-01-21T08:35:00,28.71,41.33,406.9,False
2024-01-21T08:35:30,29.87,42.68,349.0,False
2024-01-21T08:36:00,25.58,42.5,310.2,False
2024-01-21T08:36:30,23.47,43.43,292.5,False
2024-01-21T08:37:00,25.39,42.42,355.5,False
2024-01-21T08:37:30,26.75,45.85,313.1,False
2024-01-21T08:38:00,24.94,46.24,280.5,False
2024-01-21T08:38:30,23.87,40.27,297.4,False
2024-01-21T08:39:00,28.17,48.44,357.0,False
2024-01-21T08:39:30,23.94,38.82,338.9,False
2024-01-21T08:40:00,22.4,45.01,287.8,False
2024-01-21T08:40:30,23.68,41.89,298.6,False
2024-01-21T08:41:00,26.39,42.85,350.8,False
2024-01-21T08:41:30,24.16,42.18,183.9,False
2024-01-21T08:42:00,26.49,41.77,315.5,False
2024-01-21T08:42:30,29.02,47.64,308.8,False
2024-01-21T08:43:00,28.99,43.23,334.2,False
2024-01-21T08:43:30,25.32,41.66,316.8,False
2024-01-21T08:44:00,23.44,39.09,337.3,False
2024-01-21T08:44:30,25.67,41.5,250.0,False
2024-01-21T08:45:00,29.4,43.43,306.5,False
2024-01-21T08:45:30,30.15,43.67,305.6,False
2024-01-21T08:46:00,28.58,44.07,304.4,False
2024-01-21T08:46:30,31.17,43.49,294.6,False
2024-01-21T08:47:00,32.8,49.72,447.9,False
2024-01-21T08:47:30,26.21,42.93,344.5,False
2024-01-21T08:48:00,32.16,46.97,326.3,False
2024-01-21T08:48:30,26.96,45.34,316.3,False
2024-01-21T08:49:00,30.85,49.61,329.4,False
2024-01-21T08:49:30,29.96,46.94,345.9,False
2024-01-21T08:50:00,21.94,40.62,244.8,False
2024-01-21T08:50:30,25.02,40.51,239.2,False
2024-01-21T08:51:00,24.3,42.97,271.5,False
2024-01-21T08:51:30,22.66,43.6,336.5,False
2024-01-21T08:52:00,30.69,45.78,286.1,False
2024-01-21T08:52:30,34.3,47.43,418.3,False
2024-01-21T08:53:00,27.36,44.26,341.3,False
2024-01-21T08:53:30,30.74,41.79,329.9,False
2024-01-21T08:54:00,32.68,46.79,391.4,False
2024-01-21T08:54:30,28.89,46.07,339.5,False
2024-01-21T08:55:00,28.23,44.19,240.4,False
2024-01-21T08:55:30,27.62,46.22,304.7,False
2024-01-21T08:56:00,30.01,47.48,325.1,False
2024-01-21T08:56:30,31.06,44.69,406.3,False
2024-01-21T08:57:00,29.87,45.98,322.9,False
2024-01-21T08:57:30,29.81,45.16,330.0,False
2024-01-21T08:58:00,28.42,40.32,280.9,False
2024-01-21T08:58:30,23.84,41.71,288.2,False
2024-01-21T08:59:00,31.35,43.79,303.3,False
2024-01-21T08:59:30,24.85,42.87,342.2,False
2024-01-21T09:00:00,30.6,46.84,528.0,False
2024-01-21T09:00:30,31.06,45.27,500.8,False
2024-01-21T09:01:00,25.41,41.08,552.3,False
2024-01-21T09:01:30,27.05,44.17,464.2,False
2024-01-21T09:02:00,35.28,52.71,592.5,False
2024-01-21T09:02:30,28.73,40.2,470.3,False
2024-01-21T09:03:00,25.35,43.32,514.5,False
2024-01-21T09:03:30,31.45,44.82,594.3,False
2024-01-21T09:04:00,26.78,42.72,488.3,False
2024-01-21T09:04:30,23.38,41.67,439.8,False
2024-01-21T09:05:00,30.74,44.87,500.0,False
2024-01-21T09:05:30,26.48,44.63,509.6,False
2024-01-21T09:06:00,30.23,44.83,619.0,False
2024-01-21T09:06:30,26.87,39.31,557.7,False
2024-01-21T09:07:00,31.48,48.49,598.6,False
2024-01-21T09:07:30,29.95,47.43,496.8,False
2024-01-21T09:08:00,21.68,39.82,517.3,False
2024-01-21T09:08:30,30.63,45.62,584.5,False
2024-01-21T09:09:00,28.66,46.97,541.5,False
2024-01-21T09:09:30,33.82,49.18,545.3,False
2024-01-21T09:10:00,30.8,48.32,585.3,False
2024-01-21T09:10:30,31.93,46.92,528.3,False
2024-01-21T09:11:00,27.57,45.53,546.9,False
2024-01-21T09:11:30,27.38,46.72,503.8,False
2024-01-21T09:12:00,29.72,44.38,498.3,False
2024-01-21T09:12:30,28.75,45.47,513.8,False
2024-01-21T09:13:00,33.89,42.87,649.9,False
2024-01-21T09:13:30,29.46,41.79,489.1,False
2024-01-21T09:14:00,26.29,44.36,550.0,False
2024-01-21T09:14:30,46.49,54.77,1005.6,False
2024-01-21T09:15:00,65.46,62.17,1116.3,False
2024-01-21T09:15:30,84.42,71.22,1253.3,False
2024-01-21T09:16:00,84.32,71.67,1224.6,False
2024-01-21T09:16:30,84.2,72.71,1325.2,False
2024-01-21T09:17:00,84.98,68.09,1232.3,False
2024-01-21T09:17:30,84.56,73.44,1165.0,False
2024-01-21T09:18:00,84.38,72.48,1287.3,False
2024-01-21T09:18:30,83.02,72.23,1210.1,False
2024-01-21T09:19:00,82.76,71.36,1257.7,False
2024-01-21T09:19:30,83.72,69.33,1216.0,False
2024-01-21T09:20:00,83.34,69.71,1243.5,False
2024-01-21T09:20:30,84.69,75.63,1280.3,False
2024-01-21T09:21:00,82.63,70.27,1271.9,False
2024-01-21T09:21:30,83.98,73.84,1325.4,False
2024-01-21T09:22:00,84.25,70.2,1274.1,False
2024-01-21T09:22:30,84.39,72.4,1279.4,False
2024-01-21T09:23:00,67.44,63.08,1129.9,False
2024-01-21T09:23:30,50.95,55.15,1044.6,False
2024-01-21T09:24:00,33.0,46.07,818.8,False
2024-01-21T09:24:30,25.93,45.32,490.0,True
2024-01-21T09:25:00,20.57,43.6,464.5,True
2024-01-21T09:25:30,24.74,42.31,461.6,True
2024-01-21T09:26:00,22.51,39.9,535.9,True
2024-01-21T09:26:30,27.92,40.77,536.1,True
2024-01-21T09:27:00,27.59,40.47,471.7,True
2024-01-21T09:27:30,22.63,43.68,497.4,True
2024-01-21T09:28:00,24.84,38.95,551.1,True
2024-01-21T09:28:30,25.58,41.38,475.8,True
2024-01-21T09:29:00,27.18,43.37,571.9,True
2024-01-21T09:29:30,26.29,37.42,520.6,False
2024-01-21T09:30:00,24.73,39.34,505.9,False
2024-01-21T09:30:30,31.51,42.56,600.0,False
2024-01-21T09:31:00,23.85,40.07,498.9,False
2024-01-21T09:31:30,31.96,45.98,571.3,False
2024-01-21T09:32:00,33.31,48.19,570.1,False
2024-01-21T09:32:30,35.28,45.8,512.1,False
2024-01-21T09:33:00,29.75,43.44,554.4,False
2024-01-21T09:33:30,32.14,45.32,567.2,False
2024-01-21T09:34:00,33.66,44.71,554.0,False
2024-01-21T09:34:30,28.22,44.44,423.8,False
2024-01-21T09:35:00,34.53,47.66,601.2,False
2024-01-21T09:35:30,32.65,40.38,526.8,False
2024-01-21T09:36:00,30.06,45.8,495.4,False
2024-01-21T09:36:30,32.34,45.92,509.9,False
2024-01-21T09:37:00,31.54,45.79,474.0,False
2024-01-21T09:37:30,34.34,49.03,593.2,False
2024-01-21T09:38:00,30.96,41.41,642.0,False
2024-01-21T09:38:30,32.77,43.38,539.0,False
2024-01-21T09:39:00,30.27,44.5,575.0,False
2024-01-21T09:39:30,29.36,39.54,531.1,False
2024-01-21T09:40:00,32.73,45.45,572.9,False
2024-01-21T09:40:30,29.57,45.99,533.9,False
2024-01-21T09:41:00,34.71,47.66,608.9,False
2024-01-21T09:41:30,34.12,46.73,524.7,False
2024-01-21T09:42:00,30.09,44.1,544.7,False
2024-01-21T09:42:30,33.07,45.2,610.0,False
2024-01-21T09:43:00,30.17,43.63,569.4,False
2024-01-21T09:43:30,27.71,43.83,534.7,False
2024-01-21T09:44:00,30.77,41.8,550.1,False
2024-01-21T09:44:30,32.45,48.67,545.2,False
2024-01-21T09:45:00,34.21,45.15,559.6,False
2024-01-21T09:45:30,33.14,47.21,503.0,False
2024-01-21T09:46:00,35.46,47.41,603.8,False
2024-01-21T09:46:30,29.83,42.14,593.2,False
2024-01-21T09:47:00,31.69,47.96,565.3,False
2024-01-21T09:47:30,37.79,50.59,603.0,False
2024-01-21T09:48:00,27.11,39.95,540.8,False
2024-01-21T09:48:30,31.59,45.18,468.0,False
2024-01-21T09:49:00,29.77,44.84,517.9,False
2024-01-21T09:49:30,32.45,41.62,556.6,False
2024-01-21T09:50:00,31.77,41.18,485.9,False
2024-01-21T09:50:30,34.92,45.33,585.8,False
2024-01-21T09:51:00,33.93,43.88,497.4,False
2024-01-21T09:51:30,29.28,42.1,561.9,False
2024-01-21T09:52:00,31.48,42.66,560.9,False
2024-01-21T09:52:30,33.29,45.94,558.7,False
2024-01-21T09:53:00,35.55,45.54,614.8,False
2024-01-21T09:53:30,40.67,52.11,631.2,False
2024-01-21T09:54:00,35.52,47.67,603.2,False
2024-01-21T09:54:30,30.42,46.35,554.7,False
2024-01-21T09:55:00,33.22,42.78,531.3,False
2024-01-21T09:55:30,34.08,45.34,635.4,False
2024-01-21T09:56:00,32.03,45.84,606.0,False
2024-01-21T09:56:30,35.04,47.98,597.4,False
2024-01-21T09:57:00,26.85,41.69,520.8,False
2024-01-21T09:57:30,35.37,46.24,613.0,False
2024-01-21T09:58:00,32.32,44.94,609.0,False
2024-01-21T09:58:30,33.47,45.7,643.9,False
2024-01-21T09:59:00,38.23,53.01,584.2,False
2024-01-21T09:59:30,30.1,45.24,582.6,False
2024-01-21T10:00:00,34.74,47.02,574.4,False
2024-01-21T10:00:30,36.35,45.22,526.4,False
2024-01-21T10:01:00,34.52,44.36,609.7,False
2024-01-21T10:01:30,29.21,43.75,592.3,False
2024-01-21T10:02:00,38.14,50.91,644.1,False
2024-01-21T10:02:30,33.5,45.93,561.2,False
2024-01-21T10:03:00,32.59,45.56,576.2,False
2024-01-21T10:03:30,33.28,44.73,594.2,False
2024-01-21T10:04:00,33.11,42.65,587.8,False
2024-01-21T10:04:30,30.73,45.82,595.0,False
2024-01-21T10:05:00,34.84,46.49,616.4,False
2024-01-21T10:05:30,32.59,46.77,537.6,False
2024-01-21T10:06:00,36.44,48.11,592.6,False
2024-01-21T10:06:30,36.02,45.67,568.0,False
2024-01-21T10:07:00,39.39,49.73,621.5,False
2024-01-21T10:07:30,33.92,43.97,496.6,False
2024-01-21T10:08:00,32.18,46.12,634.6,False
2024-01-21T10:08:30,30.23,44.58,510.6,False
2024-01-21T10:09:00,41.26,53.3,609.5,False
2024-01-21T10:09:30,36.7,46.21,596.9,False
2024-01-21T10:10:00,32.68,43.28,506.3,False
2024-01-21T10:10:30,39.88,48.71,605.6,False
2024-01-21T10:11:00,38.91,50.27,618.0,False
2024-01-21T10:11:30,30.83,39.42,612.6,False
2024-01-21T10:12:00,32.67,47.69,567.0,False
2024-01-21T10:12:30,34.57,46.47,560.3,False
2024-01-21T10:13:00,31.8,43.22,509.4,False
2024-01-21T10:13:30,34.76,46.25,663.6,False
2024-01-21T10:14:00,37.23,46.74,600.9,False
2024-01-21T10:14:30,31.01,42.67,551.4,False
2024-01-21T10:15:00,36.05,43.76,533.6,False
2024-01-21T10:15:30,38.72,50.44,630.8,False
2024-01-21T10:16:00,36.46,46.73,568.1,False
2024-01-21T10:16:30,35.07,46.37,639.4,False
2024-01-21T10:17:00,33.33,47.98,585.3,False
2024-01-21T10:17:30,37.87,48.67,608.0,False
2024-01-21T10:18:00,31.89,42.45,502.2,False
2024-01-21T10:18:30,36.19,49.06,585.6,False
2024-01-21T10:19:00,35.58,50.38,576.1,False
2024-01-21T10:19:30,38.92,50.09,616.3,False
2024-01-21T10:20:00,33.84,44.82,491.9,False
2024-01-21T10:20:30,34.13,43.75,536.7,False
2024-01-21T10:21:00,31.94,43.8,535.7,False
2024-01-21T10:21:30,37.02,48.35,616.2,False
2024-01-21T10:22:00,34.48,49.73,498.6,False
2024-01-21T10:22:30,33.2,44.72,620.9,False
2024-01-21T10:23:00,33.53,45.1,617.9,False
2024-01-21T10:23:30,37.48,50.42,560.1,False
2024-01-21T10:24:00,32.6,45.07,659.6,False
2024-01-21T10:24:30,32.91,49.52,572.8,False
2024-01-21T10:25:00,38.68,48.69,605.1,False
2024-01-21T10:25:30,35.54,49.75,608.1,False
2024-01-21T10:26:00,38.94,49.88,628.3,False
2024-01-21T10:26:30,35.04,48.58,585.0,False
2024-01-21T10:27:00,36.15,47.37,545.8,False
2024-01-21T10:27:30,36.67,47.76,575.8,False
2024-01-21T10:28:00,40.4,50.69,637.5,False
2024-01-21T10:28:30,40.2,51.35,654.9,False
2024-01-21T10:29:00,39.78,50.6,675.8,False
2024-01-21T10:29:30,34.47,43.36,557.5,False
2024-01-21T10:30:00,33.44,46.89,570.7,False
2024-01-21T10:30:30,38.72,47.71,583.4,False
2024-01-21T10:31:00,40.61,48.87,668.6,False
2024-01-21T10:31:30,40.01,50.58,607.6,False
2024-01-21T10:32:00,36.6,51.36,569.3,False
2024-01-21T10:32:30,38.78,48.59,612.7,False
2024-01-21T10:33:00,38.88,53.05,544.1,False
2024-01-21T10:33:30,37.13,46.04,618.7,False
2024-01-21T10:34:00,37.3,50.78,586.0,False
2024-01-21T10:34:30,37.05,49.06,707.1,False
2024-01-21T10:35:00,34.44,47.31,550.8,False
2024-01-21T10:35:30,34.78,49.83,567.6,False
2024-01-21T10:36:00,34.78,45.79,618.9,False
2024-01-21T10:36:30,32.12,48.29,588.3,False
2024-01-21T10:37:00,37.39,47.96,640.5,False
2024-01-21T10:37:30,36.88,46.83,583.8,False
2024-01-21T10:38:00,39.33,46.69,568.7,False
2024-01-21T10:38:30,40.86,53.28,733.6,False
2024-01-21T10:39:00,41.09,52.51,649.4,False
2024-01-21T10:39:30,41.41,49.44,640.3,False
2024-01-21T10:40:00,34.93,48.24,611.6,False
2024-01-21T10:40:30,32.94,46.41,511.4,False
2024-01-21T10:41:00,40.07,49.02,602.3,False
2024-01-21T10:41:30,41.46,52.35,590.0,False
2024-01-21T10:42:00,42.02,49.45,642.9,False
2024-01-21T10:42:30,38.85,44.74,555.7,False
2024-01-21T10:43:00,31.44,45.94,578.5,False
2024-01-21T10:43:30,38.57,49.12,655.9,False
2024-01-21T10:44:00,39.18,48.1,659.3,False
2024-01-21T10:44:30,41.31,48.57,648.1,False
2024-01-21T10:45:00,41.88,47.52,642.7,False
2024-01-21T10:45:30,40.36,49.16,606.2,False
2024-01-21T10:46:00,35.91,45.91,605.2,False
2024-01-21T10:46:30,34.62,48.95,572.6,False
2024-01-21T10:47:00,39.35,50.42,540.0,False
2024-01-21T10:47:30,35.41,46.45,558.6,False
2024-01-21T10:48:00,42.25,51.88,669.7,False
2024-01-21T10:48:30,32.75,45.87,517.0,False
2024-01-21T10:49:00,39.6,48.98,571.0,False
2024-01-21T10:49:30,38.9,49.06,603.2,False
2024-01-21T10:50:00,37.36,51.94,512.1,False
2024-01-21T10:50:30,35.24,48.63,611.1,False
2024-01-21T10:51:00,31.87,45.06,580.6,False
2024-01-21T10:51:30,36.5,49.76,629.9,False
2024-01-21T10:52:00,36.59,49.74,601.6,False
2024-01-21T10:52:30,41.51,51.0,598.0,False
2024-01-21T10:53:00,35.86,47.0,537.7,False
2024-01-21T10:53:30,39.61,48.74,638.9,False
2024-01-21T10:54:00,34.41,44.79,603.9,False
2024-01-21T10:54:30,39.77,49.98,573.5,False
2024-01-21T10:55:00,31.65,44.34,503.2,False
2024-01-21T10:55:30,44.69,51.21,656.8,False
2024-01-21T10:56:00,38.02,49.99,609.6,False
2024-01-21T10:56:30,30.1,48.16,578.2,False
2024-01-21T10:57:00,36.36,48.67,617.4,False
2024-01-21T10:57:30,35.93,47.49,584.2,False
2024-01-21T10:58:00,36.63,48.02,634.4,False
2024-01-21T10:58:30,37.54,50.79,586.3,False
2024-01-21T10:59:00,36.68,48.86,581.1,False
2024-01-21T10:59:30,36.26,48.26,624.0,False
2024-01-21T11:00:00,35.27,47.91,620.5,False
2024-01-21T11:00:30,41.25,47.52,669.3,False
2024-01-21T11:01:00,42.42,51.74,632.2,False
2024-01-21T11:01:30,38.09,47.05,607.6,False
2024-01-21T11:02:00,38.84,49.96,576.1,False
2024-01-21T11:02:30,35.55,46.06,620.4,False
2024-01-21T11:03:00,39.18,50.53,589.8,False
2024-01-21T11:03:30,39.7,49.3,537.7,False
2024-01-21T11:04:00,38.39,46.66,589.5,False
2024-01-21T11:04:30,40.27,49.32,587.9,False
2024-01-21T11:05:00,40.05,54.2,512.1,False
2024-01-21T11:05:30,36.0,43.22,565.0,False
2024-01-21T11:06:00,42.77,51.49,673.5,False
2024-01-21T11:06:30,38.61,47.05,625.4,False
2024-01-21T11:07:00,44.3,54.67,670.8,False
2024-01-21T11:07:30,40.57,51.69,681.6,False
2024-01-21T11:08:00,45.26,52.77,638.9,False
2024-01-21T11:08:30,42.91,53.06,597.4,False
2024-01-21T11:09:00,40.1,50.31,640.6,False
2024-01-21T11:09:30,37.29,48.43,612.6,False
2024-01-21T11:10:00,37.39,47.27,548.4,False
2024-01-21T11:10:30,41.13,49.62,622.0,False
2024-01-21T11:11:00,39.99,48.85,641.5,False
2024-01-21T11:11:30,37.83,48.72,613.7,False
2024-01-21T11:12:00,42.14,47.07,666.4,False
2024-01-21T11:12:30,39.79,51.74,591.4,False
2024-01-21T11:13:00,42.23,54.79,581.1,False
2024-01-21T11:13:30,36.82,47.33,558.0,False
2024-01-21T11:14:00,42.78,53.53,676.8,False
2024-01-21T11:14:30,41.32,50.18,672.0,False
2024-01-21T11:15:00,43.45,50.31,640.9,False
2024-01-21T11:15:30,42.83,50.44,703.1,False
2024-01-21T11:16:00,39.67,49.8,610.9,False
2024-01-21T11:16:30,39.47,48.09,595.3,False
2024-01-21T11:17:00,45.35,53.69,606.4,False
2024-01-21T11:17:30,39.17,48.34,610.3,False
2024-01-21T11:18:00,42.32,48.81,681.0,False
2024-01-21T11:18:30,38.97,49.25,662.5,False
2024-01-21T11:19:00,34.56,45.7,619.2,False
2024-01-21T11:19:30,36.5,47.4,612.0,False
2024-01-21T11:20:00,41.43,50.42,695.3,False
2024-01-21T11:20:30,42.36,48.31,600.1,False
2024-01-21T11:21:00,41.52,53.49,679.5,False
2024-01-21T11:21:30,43.76,53.32,661.3,False
2024-01-21T11:22:00,41.53,49.32,640.7,False
2024-01-21T11:22:30,38.07,48.81,547.6,False
2024-01-21T11:23:00,42.21,52.19,651.4,False
2024-01-21T11:23:30,40.97,50.72,674.0,False
2024-01-21T11:24:00,38.77,52.97,525.0,False
2024-01-21T11:24:30,41.95,50.32,667.5,False
2024-01-21T11:25:00,40.81,52.61,535.1,False
2024-01-21T11:25:30,38.79,46.55,553.6,False
2024-01-21T11:26:00,40.11,47.52,617.1,False
2024-01-21T11:26:30,44.92,55.65,722.6,False
2024-01-21T11:27:00,44.85,51.39,653.7,False
2024-01-21T11:27:30,41.31,48.15,649.3,False
2024-01-21T11:28:00,40.95,50.21,591.2,False
2024-01-21T11:28:30,36.52,50.62,584.4,False
2024-01-21T11:29:00,46.01,51.31,665.9,False
2024-01-21T11:29:30,43.99,51.75,717.1,False
2024-01-21T11:30:00,43.18,47.72,615.5,False
2024-01-21T11:30:30,34.13,45.97,546.7,False
2024-01-21T11:31:00,41.11,52.39,672.0,False
2024-01-21T11:31:30,40.64,48.59,615.3,False
2024-01-21T11:32:00,43.11,48.85,649.4,False
2024-01-21T11:32:30,39.74,48.16,635.3,False
2024-01-21T11:33:00,40.43,48.84,598.0,False
2024-01-21T11:33:30,43.02,52.89,562.1,False
2024-01-21T11:34:00,38.87,50.05,654.0,False
2024-01-21T11:34:30,39.51,50.75,620.7,False
2024-01-21T11:35:00,41.84,50.83,583.7,False
2024-01-21T11:35:30,45.31,51.27,693.6,False
2024-01-21T11:36:00,43.76,50.18,730.4,False
2024-01-21T11:36:30,44.59,53.02,704.4,False
2024-01-21T11:37:00,41.59,53.83,716.0,False
2024-01-21T11:37:30,45.92,50.94,618.2,False
2024-01-21T11:38:00,36.24,45.95,599.9,False
2024-01-21T11:38:30,47.57,51.38,694.7,False
2024-01-21T11:39:00,47.99,55.52,679.2,False
2024-01-21T11:39:30,42.94,51.25,630.4,False
2024-01-21T11:40:00,44.1,53.03,534.4,False
2024-01-21T11:40:30,41.52,49.61,699.9,False
2024-01-21T11:41:00,41.04,51.63,563.6,False
2024-01-21T11:41:30,39.87,49.23,655.1,False
2024-01-21T11:42:00,41.59,47.58,633.1,False
2024-01-21T11:42:30,43.44,53.44,646.3,False
2024-01-21T11:43:00,43.06,51.33,636.3,False
2024-01-21T11:43:30,47.79,53.15,690.3,False
2024-01-21T11:44:00,42.17,51.53,663.0,False
2024-01-21T11:44:30,37.43,45.71,637.5,False
2024-01-21T11:45:00,46.87,54.18,669.9,False
2024-01-21T11:45:30,38.3,47.84,558.2,False
2024-01-21T11:46:00,40.32,49.73,573.0,False
2024-01-21T11:46:30,42.85,53.59,684.3,False
2024-01-21T11:47:00,43.31,52.83,635.7,False
2024-01-21T11:47:30,37.76,48.42,561.1,False
2024-01-21T11:48:00,39.89,49.63,589.4,False
2024-01-21T11:48:30,37.72,43.63,598.0,False
2024-01-21T11:49:00,44.06,50.28,601.1,False
2024-01-21T11:49:30,45.78,53.12,665.0,False
2024-01-21T11:50:00,38.59,47.67,658.9,False
2024-01-21T11:50:30,45.28,49.88,657.5,False
2024-01-21T11:51:00,45.11,53.42,590.2,False
2024-01-21T11:51:30,40.38,52.7,657.7,False
2024-01-21T11:52:00,36.44,46.68,635.9,False
2024-01-21T11:52:30,39.2,51.26,660.1,False
2024-01-21T11:53:00,40.66,51.69,627.7,False
2024-01-21T11:53:30,47.11,51.51,770.1,False
2024-01-21T11:54:00,42.16,49.53,666.7,False
2024-01-21T11:54:30,39.52,53.28,735.8,False
2024-01-21T11:55:00,43.02,49.19,698.2,False
2024-01-21T11:55:30,38.72,48.06,657.7,False
2024-01-21T11:56:00,44.18,55.94,628.5,False
2024-01-21T11:56:30,39.74,48.65,580.0,False
2024-01-21T11:57:00,40.2,52.73,626.2,False
2024-01-21T11:57:30,43.86,49.81,643.2,False
2024-01-21T11:58:00,48.01,54.21,662.6,False
2024-01-21T11:58:30,49.39,56.79,689.9,False
2024-01-21T11:59:00,39.71,48.84,609.7,False
2024-01-21T11:59:30,41.07,50.66,602.9,False
2024-01-21T12:00:00,44.43,53.63,681.8,False
2024-01-21T12:00:30,46.42,51.34,641.3,False
2024-01-21T12:01:00,36.46,52.64,589.9,False
2024-01-21T12:01:30,43.24,53.63,597.4,False
2024-01-21T12:02:00,41.55,49.99,636.4,False
2024-01-21T12:02:30,37.27,48.1,606.2,False
2024-01-21T12:03:00,39.06,53.29,574.0,False
2024-01-21T12:03:30,41.4,49.93,634.0,False
2024-01-21T12:04:00,43.31,50.65,642.6,False
2024-01-21T12:04:30,46.19,55.33,651.1,False
2024-01-21T12:05:00,44.26,49.27,636.0,False
2024-01-21T12:05:30,46.07,52.82,686.4,False
2024-01-21T12:06:00,43.33,51.78,647.8,False
2024-01-21T12:06:30,41.17,49.12,667.6,False
2024-01-21T12:07:00,42.76,48.2,600.6,False
2024-01-21T12:07:30,45.43,52.8,655.9,False
2024-01-21T12:08:00,46.47,54.56,647.2,False
2024-01-21T12:08:30,42.96,50.07,646.1,False
2024-01-21T12:09:00,40.64,47.92,635.9,False
2024-01-21T12:09:30,44.47,54.7,608.5,False
2024-01-21T12:10:00,44.92,53.48,683.1,False
2024-01-21T12:10:30,47.22,52.84,764.3,False
2024-01-21T12:11:00,41.51,52.56,638.9,False
2024-01-21T12:11:30,41.58,51.23,597.9,False
2024-01-21T12:12:00,45.88,56.48,655.3,False
2024-01-21T12:12:30,42.42,52.5,626.4,False
2024-01-21T12:13:00,42.32,48.35,611.8,False
2024-01-21T12:13:30,47.46,52.38,708.6,False
2024-01-21T12:14:00,39.61,48.55,544.0,False
2024-01-21T12:14:30,49.92,55.55,710.3,False
2024-01-21T12:15:00,41.94,50.34,687.2,False
2024-01-21T12:15:30,46.41,50.93,720.3,False
2024-01-21T12:16:00,43.51,52.91,689.1,False
2024-01-21T12:16:30,44.68,54.32,631.1,False
2024-01-21T12:17:00,43.11,51.33,703.2,False
2024-01-21T12:17:30,46.49,53.65,686.6,False
2024-01-21T12:18:00,42.91,49.5,700.2,False
2024-01-21T12:18:30,42.26,50.07,681.4,False
2024-01-21T12:19:00,49.45,53.75,708.2,False
2024-01-21T12:19:30,44.13,53.17,643.2,False
2024-01-21T12:20:00,42.04,51.52,730.9,False
2024-01-21T12:20:30,39.62,49.14,545.8,False
2024-01-21T12:21:00,49.72,54.11,690.8,False
2024-01-21T12:21:30,42.49,47.3,583.7,False
2024-01-21T12:22:00,50.36,58.39,707.6,False
2024-01-21T12:22:30,45.4,48.53,677.5,False
2024-01-21T12:23:00,44.66,53.17,631.6,False
2024-01-21T12:23:30,44.77,52.46,635.5,False
2024-01-21T12:24:00,50.94,54.94,654.7,False
2024-01-21T12:24:30,37.74,48.85,620.0,False
2024-01-21T12:25:00,44.99,51.17,641.2,False
2024-01-21T12:25:30,43.57,53.1,665.5,False
2024-01-21T12:26:00,43.76,49.26,629.1,False
2024-01-21T12:26:30,44.87,53.1,668.9,False
2024-01-21T12:27:00,43.65,50.48,678.8,False
2024-01-21T12:27:30,45.04,51.68,679.5,False
2024-01-21T12:28:00,44.43,51.43,663.9,False
2024-01-21T12:28:30,40.59,49.98,620.6,False
2024-01-21T12:29:00,45.7,53.87,684.7,False
2024-01-21T12:29:30,46.73,53.31,649.8,False
2024-01-21T12:30:00,42.99,53.38,636.1,False
2024-01-21T12:30:30,50.24,57.23,715.8,False
2024-01-21T12:31:00,48.67,54.97,750.9,False
2024-01-21T12:31:30,47.22,55.0,653.3,False
2024-01-21T12:32:00,47.21,57.68,642.3,False
2024-01-21T12:32:30,44.83,49.62,670.1,False
2024-01-21T12:33:00,48.19,56.28,733.8,False
2024-01-21T12:33:30,49.51,57.87,728.5,False
2024-01-21T12:34:00,47.25,54.52,678.8,False
2024-01-21T12:34:30,43.14,55.41,694.1,False
2024-01-21T12:35:00,44.76,55.96,585.6,False
2024-01-21T12:35:30,46.62,52.67,713.4,False
2024-01-21T12:36:00,47.44,53.23,666.9,False
2024-01-21T12:36:30,44.72,53.46,683.0,False
2024-01-21T12:37:00,43.28,50.43,686.5,False
2024-01-21T12:37:30,49.75,60.34,705.8,False
2024-01-21T12:38:00,41.81,52.52,637.3,False
2024-01-21T12:38:30,42.23,51.25,622.2,False
2024-01-21T12:39:00,41.1,47.77,696.4,False
2024-01-21T12:39:30,42.27,51.69,652.0,False
2024-01-21T12:40:00,48.87,52.11,699.9,False
2024-01-21T12:40:30,49.0,56.07,752.3,False
2024-01-21T12:41:00,44.96,47.52,639.5,False
2024-01-21T12:41:30,46.69,56.17,663.5,False
2024-01-21T12:42:00,45.2,51.8,699.1,False
2024-01-21T12:42:30,41.68,47.51,704.4,False
2024-01-21T12:43:00,51.93,55.99,717.2,False
2024-01-21T12:43:30,49.43,54.8,710.9,False
2024-01-21T12:44:00,46.39,53.13,607.6,False
2024-01-21T12:44:30,42.78,54.21,693.6,False
2024-01-21T12:45:00,44.7,53.17,614.3,False
2024-01-21T12:45:30,43.32,53.32,625.0,False
2024-01-21T12:46:00,45.72,52.43,673.3,False
2024-01-21T12:46:30,46.38,54.11,645.1,False
2024-01-21T12:47:00,44.45,49.68,578.0,False
2024-01-21T12:47:30,41.13,51.15,579.6,False
2024-01-21T12:48:00,51.91,54.51,719.3,False
2024-01-21T12:48:30,46.26,55.84,729.9,False
2024-01-21T12:49:00,46.94,53.69,732.1,False
2024-01-21T12:49:30,44.32,53.56,669.9,False
2024-01-21T12:50:00,40.93,51.07,633.7,False
2024-01-21T12:50:30,45.39,56.39,695.0,False
2024-01-21T12:51:00,44.69,49.3,710.5,False
2024-01-21T12:51:30,47.81,53.76,687.2,False
2024-01-21T12:52:00,48.42,52.38,693.5,False
2024-01-21T12:52:30,48.02,50.0,692.3,False
2024-01-21T12:53:00,48.72,52.4,730.1,False
2024-01-21T12:53:30,51.19,58.03,654.8,False
2024-01-21T12:54:00,46.97,53.51,676.4,False
2024-01-21T12:54:30,49.12,54.21,709.0,False
2024-01-21T12:55:00,47.33,55.3,602.9,False
2024-01-21T12:55:30,40.17,50.41,658.0,False
2024-01-21T12:56:00,45.43,54.03,706.4,False
2024-01-21T12:56:30,43.31,52.4,568.6,False
2024-01-21T12:57:00,46.63,54.5,656.5,False
2024-01-21T12:57:30,43.58,50.99,633.5,False
2024-01-21T12:58:00,47.79,56.09,646.8,False
2024-01-21T12:58:30,48.94,52.15,661.5,False
2024-01-21T12:59:00,49.63,54.75,676.2,False
2024-01-21T12:59:30,50.9,57.75,731.6,False
2024-01-21T13:00:00,41.04,50.32,678.2,False
2024-01-21T13:00:30,42.49,50.49,662.0,False
2024-01-21T13:01:00,54.89,62.13,702.6,False
2024-01-21T13:01:30,49.16,57.53,724.9,False
2024-01-21T13:02:00,46.83,53.81,698.8,False
2024-01-21T13:02:30,46.27,51.31,552.8,False
2024-01-21T13:03:00,46.02,49.06,717.8,False
2024-01-21T13:03:30,40.42,51.74,628.7,False
2024-01-21T13:04:00,43.92,54.61,658.2,False
2024-01-21T13:04:30,45.92,53.87,597.7,False
2024-01-21T13:05:00,44.13,48.77,717.6,False
2024-01-21T13:05:30,44.55,52.72,669.8,False
2024-01-21T13:06:00,54.0,56.15,763.0,False
2024-01-21T13:06:30,45.59,53.24,611.7,False
2024-01-21T13:07:00,47.2,57.61,698.1,False
2024-01-21T13:07:30,47.11,55.26,698.2,False
2024-01-21T13:08:00,48.17,55.37,679.2,False
2024-01-21T13:08:30,44.99,52.54,608.2,False
2024-01-21T13:09:00,50.19,56.06,699.0,False
2024-01-21T13:09:30,47.8,52.59,644.2,False
2024-01-21T13:10:00,42.62,52.56,613.1,False
2024-01-21T13:10:30,46.18,52.84,715.9,False
2024-01-21T13:11:00,46.01,51.5,671.5,False
2024-01-21T13:11:30,45.89,54.72,663.9,False
2024-01-21T13:12:00,48.09,49.73,637.7,False
2024-01-21T13:12:30,48.49,53.3,686.1,False
2024-01-21T13:13:00,48.15,55.45,679.2,False
2024-01-21T13:13:30,47.64,56.42,641.9,False
2024-01-21T13:14:00,46.9,54.54,718.6,False
2024-01-21T13:14:30,40.21,48.91,663.2,False
2024-01-21T13:15:00,49.02,54.56,661.2,False
2024-01-21T13:15:30,48.17,54.82,701.2,False
2024-01-21T13:16:00,43.77,55.16,576.0,False
2024-01-21T13:16:30,47.58,55.79,693.4,False
2024-01-21T13:17:00,48.7,56.37,720.9,False
2024-01-21T13:17:30,62.18,61.38,1052.5,False
2024-01-21T13:18:00,74.07,65.06,1193.2,False
2024-01-21T13:18:30,85.96,70.33,1292.8,False
2024-01-21T13:19:00,86.36,72.74,1406.5,False
2024-01-21T13:19:30,85.64,74.38,1388.3,False
2024-01-21T13:20:00,85.29,71.81,1295.2,False
2024-01-21T13:20:30,87.21,74.92,1271.1,False
2024-01-21T13:21:00,85.64,71.4,1294.9,False
2024-01-21T13:21:30,87.38,72.58,1344.1,False
2024-01-21T13:22:00,85.64,75.81,1218.1,False
2024-01-21T13:22:30,85.95,74.68,1203.9,False
2024-01-21T13:23:00,85.82,72.48,1240.8,False
2024-01-21T13:23:30,86.19,71.61,1320.0,False
2024-01-21T13:24:00,85.54,74.85,1317.2,False
2024-01-21T13:24:30,86.06,74.96,1306.2,False
2024-01-21T13:25:00,87.49,75.21,1344.4,False
2024-01-21T13:25:30,87.01,73.33,1288.8,False
2024-01-21T13:26:00,73.64,64.82,1178.3,False
2024-01-21T13:26:30,56.36,58.34,1066.3,False
2024-01-21T13:27:00,45.12,55.56,1029.4,False
2024-01-21T13:27:30,33.96,44.57,588.1,True
2024-01-21T13:28:00,39.71,49.36,613.9,True
2024-01-21T13:28:30,38.7,52.04,625.7,True
2024-01-21T13:29:00,38.85,48.23,667.7,True
2024-01-21T13:29:30,41.3,49.81,616.0,True
2024-01-21T13:30:00,37.02,45.23,578.2,True
2024-01-21T13:30:30,39.25,50.29,595.1,True
2024-01-21T13:31:00,37.96,46.92,636.3,True
2024-01-21T13:31:30,37.61,45.12,569.7,True
2024-01-21T13:32:00,40.97,48.0,653.4,True
2024-01-21T13:32:30,53.55,56.62,669.6,False
2024-01-21T13:33:00,46.03,49.28,657.8,False
2024-01-21T13:33:30,49.84,51.58,696.4,False
2024-01-21T13:34:00,48.31,54.71,758.0,False
2024-01-21T13:34:30,48.36,53.47,725.7,False
2024-01-21T13:35:00,48.13,51.67,670.8,False
2024-01-21T13:35:30,46.4,51.99,650.5,False
2024-01-21T13:36:00,36.66,51.24,566.3,False
2024-01-21T13:36:30,52.04,58.02,671.4,False
2024-01-21T13:37:00,45.36,51.91,727.5,False
2024-01-21T13:37:30,46.74,54.44,643.7,False
2024-01-21T13:38:00,46.82,53.09,743.4,False
2024-01-21T13:38:30,45.14,48.47,665.1,False
2024-01-21T13:39:00,48.23,49.65,682.5,False
2024-01-21T13:39:30,47.39,51.32,683.0,False
2024-01-21T13:40:00,45.39,48.99,711.5,False
2024-01-21T13:40:30,48.0,53.99,649.8,False
2024-01-21T13:41:00,47.47,52.09,700.1,False
2024-01-21T13:41:30,50.37,55.49,701.4,False
2024-01-21T13:42:00,43.58,52.12,664.7,False
2024-01-21T13:42:30,45.2,53.43,653.4,False
2024-01-21T13:43:00,49.8,52.5,684.0,False
2024-01-21T13:43:30,45.72,53.35,686.8,False
2024-01-21T13:44:00,44.95,50.02,604.3,False
2024-01-21T13:44:30,45.9,53.83,722.9,False
2024-01-21T13:45:00,47.38,55.6,683.4,False
2024-01-21T13:45:30,47.41,54.62,657.3,False
2024-01-21T13:46:00,47.08,52.65,691.4,False
2024-01-21T13:46:30,44.64,52.92,629.3,False
2024-01-21T13:47:00,50.06,51.43,703.6,False
2024-01-21T13:47:30,51.73,51.82,717.3,False
2024-01-21T13:48:00,42.04,51.42,686.6,False
2024-01-21T13:48:30,43.12,53.65,656.1,False
2024-01-21T13:49:00,50.8,52.41,661.6,False
2024-01-21T13:49:30,52.52,55.77,743.4,False
2024-01-21T13:50:00,41.43,51.07,660.3,False
2024-01-21T13:50:30,50.28,53.39,637.7,False
2024-01-21T13:51:00,52.76,55.18,674.5,False
2024-01-21T13:51:30,45.27,53.35,742.6,False
2024-01-21T13:52:00,52.61,56.01,707.6,False
2024-01-21T13:52:30,47.35,53.39,666.5,False
2024-01-21T13:53:00,48.84,51.94,689.3,False
2024-01-21T13:53:30,45.75,52.3,640.4,False
2024-01-21T13:54:00,50.92,54.16,636.5,False
2024-01-21T13:54:30,50.44,54.02,658.6,False
2024-01-21T13:55:00,53.12,54.97,699.4,False
2024-01-21T13:55:30,52.28,55.58,698.1,False
2024-01-21T13:56:00,47.94,51.73,652.8,False
2024-01-21T13:56:30,57.31,58.18,698.8,False
2024-01-21T13:57:00,52.05,54.79,694.2,False
2024-01-21T13:57:30,49.63,52.45,741.6,False
2024-01-21T13:58:00,45.03,48.12,633.3,False
2024-01-21T13:58:30,43.44,53.12,640.2,False
2024-01-21T13:59:00,43.71,52.85,707.4,False
2024-01-21T13:59:30,45.25,50.52,634.5,False
2024-01-21T14:00:00,52.2,56.97,839.9,False
2024-01-21T14:00:30,49.54,52.23,732.0,False
2024-01-21T14:01:00,46.25,52.02,673.1,False
2024-01-21T14:01:30,47.69,52.3,671.6,False
2024-01-21T14:02:00,47.34,52.63,732.4,False
2024-01-21T14:02:30,50.52,56.07,676.4,False
2024-01-21T14:03:00,45.49,51.46,646.6,False
2024-01-21T14:03:30,49.19,53.44,757.8,False
2024-01-21T14:04:00,49.05,55.53,677.4,False
2024-01-21T14:04:30,45.62,52.45,646.3,False
2024-01-21T14:05:00,52.94,54.81,697.0,False
2024-01-21T14:05:30,47.3,53.65,601.1,False
2024-01-21T14:06:00,45.21,54.12,702.3,False
2024-01-21T14:06:30,50.76,57.02,704.4,False
2024-01-21T14:07:00,48.38,51.07,729.8,False
2024-01-21T14:07:30,49.45,51.71,688.8,False
2024-01-21T14:08:00,44.68,53.87,640.5,False
2024-01-21T14:08:30,50.68,54.3,678.9,False
2024-01-21T14:09:00,54.77,52.52,765.5,False
2024-01-21T14:09:30,44.47,50.31,623.6,False
2024-01-21T14:10:00,49.33,53.33,710.1,False
2024-01-21T14:10:30,45.92,51.88,668.9,False
2024-01-21T14:11:00,56.36,59.25,709.2,False
2024-01-21T14:11:30,52.02,53.69,698.2,False
2024-01-21T14:12:00,49.15,55.99,693.6,False
2024-01-21T14:12:30,44.63,52.43,644.7,False
2024-01-21T14:13:00,45.37,49.66,738.8,False
2024-01-21T14:13:30,50.57,54.2,714.0,False
2024-01-21T14:14:00,44.26,52.67,646.2,False
2024-01-21T14:14:30,44.36,51.81,640.3,False
2024-01-21T14:15:00,48.39,54.51,677.9,False
2024-01-21T14:15:30,48.77,52.77,665.8,False
2024-01-21T14:16:00,49.52,55.43,663.2,False
2024-01-21T14:16:30,47.07,52.3,700.5,False
2024-01-21T14:17:00,51.15,60.23,770.8,False
2024-01-21T14:17:30,45.82,49.83,648.5,False
2024-01-21T14:18:00,50.29,60.1,719.5,False
2024-01-21T14:18:30,49.06,52.19,665.9,False
2024-01-21T14:19:00,50.23,57.22,706.0,False
2024-01-21T14:19:30,51.98,57.21,663.5,False
2024-01-21T14:20:00,47.08,51.29,642.5,False
2024-01-21T14:20:30,46.47,54.0,636.2,False
2024-01-21T14:21:00,43.39,50.28,641.3,False
2024-01-21T14:21:30,42.41,51.33,592.5,False
2024-01-21T14:22:00,47.94,53.84,593.9,False
2024-01-21T14:22:30,48.16,52.96,630.4,False
2024-01-21T14:23:00,45.23,51.33,654.8,False
2024-01-21T14:23:30,45.88,53.2,635.3,False
2024-01-21T14:24:00,53.07,54.31,701.4,False
2024-01-21T14:24:30,51.13,53.42,719.6,False
2024-01-21T14:25:00,44.73,53.86,625.0,False
2024-01-21T14:25:30,47.19,54.04,674.3,False
2024-01-21T14:26:00,49.74,51.85,783.4,False
2024-01-21T14:26:30,46.65,50.91,658.0,False
2024-01-21T14:27:00,46.11,48.37,660.7,False
2024-01-21T14:27:30,47.53,55.18,695.5,False
2024-01-21T14:28:00,51.82,56.88,681.9,False
2024-01-21T14:28:30,52.1,53.47,693.1,False
2024-01-21T14:29:00,46.36,54.07,667.0,False
2024-01-21T14:29:30,49.95,58.54,707.4,False
2024-01-21T14:30:00,48.56,50.8,651.2,False
2024-01-21T14:30:30,45.56,51.15,686.8,False
2024-01-21T14:31:00,47.69,50.33,743.4,False
2024-01-21T14:31:30,44.8,53.9,581.9,False
2024-01-21T14:32:00,52.09,55.46,732.3,False
2024-01-21T14:32:30,53.26,55.44,722.4,False
2024-01-21T14:33:00,47.37,53.75,667.1,False
2024-01-21T14:33:30,46.66,51.83,686.4,False
2024-01-21T14:34:00,51.78,54.7,769.4,False
2024-01-21T14:34:30,52.27,56.3,728.4,False
2024-01-21T14:35:00,45.28,51.04,700.6,False
2024-01-21T14:35:30,48.19,52.77,683.9,False
2024-01-21T14:36:00,48.46,53.53,702.3,False
2024-01-21T14:36:30,46.33,52.97,648.9,False
2024-01-21T14:37:00,49.8,55.72,699.9,False
2024-01-21T14:37:30,46.55,54.06,661.5,False
2024-01-21T14:38:00,47.03,50.14,680.5,False
2024-01-21T14:38:30,48.35,56.62,620.6,False
2024-01-21T14:39:00,44.19,51.84,608.9,False
2024-01-21T14:39:30,42.5,50.21,687.5,False
2024-01-21T14:40:00,51.42,53.53,767.2,False
2024-01-21T14:40:30,46.45,56.83,602.4,False
2024-01-21T14:41:00,55.08,61.89,718.0,False
2024-01-21T14:41:30,54.6,60.66,706.9,False
2024-01-21T14:42:00,47.16,53.46,687.4,False
2024-01-21T14:42:30,55.7,58.18,742.3,False
2024-01-21T14:43:00,51.5,58.37,739.2,False
2024-01-21T14:43:30,46.76,52.54,620.0,False
2024-01-21T14:44:00,40.95,51.2,641.6,False
2024-01-21T14:44:30,50.76,55.48,692.8,False
2024-01-21T14:45:00,48.8,57.88,660.9,False
2024-01-21T14:45:30,50.0,57.52,717.7,False
2024-01-21T14:46:00,48.02,53.38,674.3,False
2024-01-21T14:46:30,45.28,55.34,658.2,False
2024-01-21T14:47:00,47.43,53.36,732.9,False
2024-01-21T14:47:30,50.84,53.98,709.5,False
2024-01-21T14:48:00,47.65,52.91,759.0,False
2024-01-21T14:48:30,47.64,53.77,587.9,False
2024-01-21T14:49:00,44.16,50.17,652.9,False
2024-01-21T14:49:30,49.0,53.12,647.5,False
2024-01-21T14:50:00,45.39,49.47,626.0,False
2024-01-21T14:50:30,51.48,53.76,685.6,False
2024-01-21T14:51:00,46.53,53.39,709.1,False
2024-01-21T14:51:30,47.84,55.67,666.5,False
2024-01-21T14:52:00,55.23,59.11,696.1,False
2024-01-21T14:52:30,47.81,54.43,708.9,False
2024-01-21T14:53:00,47.41,50.32,632.0,False
2024-01-21T14:53:30,50.49,53.19,770.8,False
2024-01-21T14:54:00,43.38,50.97,595.4,False
2024-01-21T14:54:30,52.49,57.84,708.4,False
2024-01-21T14:55:00,51.72,54.42,790.8,False
2024-01-21T14:55:30,50.31,52.39,689.5,False
2024-01-21T14:56:00,38.61,51.88,625.8,False
2024-01-21T14:56:30,47.96,52.19,679.3,False
2024-01-21T14:57:00,44.93,49.89,659.3,False
2024-01-21T14:57:30,52.12,56.19,684.2,False
2024-01-21T14:58:00,51.9,55.53,733.3,False
2024-01-21T14:58:30,49.91,53.64,752.4,False
2024-01-21T14:59:00,45.14,52.25,583.4,False
2024-01-21T14:59:30,53.23,54.45,688.9,False
2024-01-21T15:00:00,47.96,52.65,661.6,False
2024-01-21T15:00:30,54.16,56.7,697.8,False
2024-01-21T15:01:00,49.54,50.39,722.0,False
2024-01-21T15:01:30,50.27,56.74,677.9,False
2024-01-21T15:02:00,47.36,50.63,682.1,False
2024-01-21T15:02:30,52.97,54.3,783.4,False
2024-01-21T15:03:00,50.57,56.98,632.8,False
2024-01-21T15:03:30,53.07,57.37,737.3,False
2024-01-21T15:04:00,49.27,54.51,689.3,False
2024-01-21T15:04:30,48.6,50.59,684.0,False
2024-01-21T15:05:00,50.53,53.76,668.0,False
2024-01-21T15:05:30,53.07,55.81,709.3,False
2024-01-21T15:06:00,51.79,55.31,714.0,False
2024-01-21T15:06:30,49.15,56.57,685.9,False
2024-01-21T15:07:00,43.16,55.28,673.2,False
2024-01-21T15:07:30,51.17,56.52,665.6,False
2024-01-21T15:08:00,44.42,50.85,599.5,False
2024-01-21T15:08:30,48.84,56.56,610.4,False
2024-01-21T15:09:00,48.38,52.73,692.7,False
2024-01-21T15:09:30,44.47,46.71,686.1,False
2024-01-21T15:10:00,49.84,52.14,651.8,False
2024-01-21T15:10:30,55.19,52.57,691.0,False
2024-01-21T15:11:00,47.78,52.85,757.8,False
2024-01-21T15:11:30,51.02,54.88,759.2,False
2024-01-21T15:12:00,55.79,54.43,799.6,False
2024-01-21T15:12:30,51.3,53.67,724.4,False
2024-01-21T15:13:00,46.78,50.26,702.4,False
2024-01-21T15:13:30,49.42,54.19,683.9,False
2024-01-21T15:14:00,50.15,53.1,644.3,False
2024-01-21T15:14:30,53.01,58.26,669.1,False
2024-01-21T15:15:00,52.34,56.25,718.9,False
2024-01-21T15:15:30,40.39,53.14,660.1,False
2024-01-21T15:16:00,46.13,51.89,662.3,False
2024-01-21T15:16:30,48.48,58.27,712.2,False
2024-01-21T15:17:00,45.64,52.57,661.6,False
2024-01-21T15:17:30,37.59,47.48,612.9,False
2024-01-21T15:18:00,46.51,57.81,702.9,False
2024-01-21T15:18:30,48.67,50.42,742.6,False
2024-01-21T15:19:00,47.1,52.19,688.2,False
2024-01-21T15:19:30,45.68,49.26,743.0,False
2024-01-21T15:20:00,48.79,50.47,681.0,False
2024-01-21T15:20:30,49.69,50.46,750.5,False
2024-01-21T15:21:00,47.26,54.61,701.3,False
2024-01-21T15:21:30,52.77,53.48,649.0,False
2024-01-21T15:22:00,48.83,53.66,747.2,False
2024-01-21T15:22:30,46.03,54.56,631.5,False
2024-01-21T15:23:00,45.27,53.32,652.2,False
2024-01-21T15:23:30,48.0,54.59,718.9,False
2024-01-21T15:24:00,51.98,58.18,686.0,False
2024-01-21T15:24:30,46.16,56.06,666.4,False
2024-01-21T15:25:00,50.41,52.47,729.6,False
2024-01-21T15:25:30,48.91,55.18,658.4,False
2024-01-21T15:26:00,54.6,56.52,727.3,False
2024-01-21T15:26:30,49.78,54.37,684.1,False
2024-01-21T15:27:00,46.51,50.0,710.7,False
2024-01-21T15:27:30,50.81,54.11,769.2,False
2024-01-21T15:28:00,50.91,54.38,663.2,False
2024-01-21T15:28:30,47.4,56.34,682.3,False
2024-01-21T15:29:00,45.09,50.01,639.8,False
2024-01-21T15:29:30,60.11,55.06,1082.1,False
2024-01-21T15:30:00,70.03,64.78,1230.9,False
2024-01-21T15:30:30,79.96,67.25,1254.9,False
2024-01-21T15:31:00,81.01,70.01,1225.6,False
2024-01-21T15:31:30,78.62,70.41,1174.2,False
2024-01-21T15:32:00,78.78,68.97,1270.2,False
2024-01-21T15:32:30,80.17,69.01,1223.0,False
2024-01-21T15:33:00,80.73,69.84,1214.8,False
2024-01-21T15:33:30,79.44,71.2,1247.7,False
2024-01-21T15:34:00,79.26,67.11,1257.2,False
2024-01-21T15:34:30,81.35,71.93,1236.1,False
2024-01-21T15:35:00,80.64,68.11,1207.3,False
2024-01-21T15:35:30,81.02,71.51,1302.9,False
2024-01-21T15:36:00,79.52,66.47,1263.5,False
2024-01-21T15:36:30,79.44,70.6,1275.0,False
2024-01-21T15:37:00,80.91,70.05,1233.0,False
2024-01-21T15:37:30,79.69,69.84,1204.4,False
2024-01-21T15:38:00,70.54,66.99,1143.0,False
2024-01-21T15:38:30,56.8,56.56,993.5,False
2024-01-21T15:39:00,48.62,54.06,975.6,False
2024-01-21T15:39:30,37.79,48.59,575.3,True
2024-01-21T15:40:00,38.38,47.68,603.9,True
2024-01-21T15:40:30,37.46,49.25,601.6,True
2024-01-21T15:41:00,42.11,50.81,640.5,True
2024-01-21T15:41:30,38.69,47.28,586.1,True
2024-01-21T15:42:00,39.25,51.24,566.4,True
2024-01-21T15:42:30,39.26,49.85,556.4,True
2024-01-21T15:43:00,36.25,45.54,597.8,True
2024-01-21T15:43:30,38.97,46.88,617.2,True
2024-01-21T15:44:00,41.25,49.29,574.3,True
2024-01-21T15:44:30,52.79,56.39,779.4,False
2024-01-21T15:45:00,44.92,47.13,692.7,False
2024-01-21T15:45:30,43.8,49.4,609.5,False
2024-01-21T15:46:00,48.53,52.22,698.9,False
2024-01-21T15:46:30,51.66,52.06,707.8,False
2024-01-21T15:47:00,49.41,51.77,705.8,False
2024-01-21T15:47:30,50.36,54.56,709.7,False
2024-01-21T15:48:00,44.23,50.25,680.7,False
2024-01-21T15:48:30,46.58,51.58,731.8,False
2024-01-21T15:49:00,41.7,47.21,645.6,False
2024-01-21T15:49:30,47.85,52.62,704.1,False
2024-01-21T15:50:00,41.78,47.0,692.8,False
2024-01-21T15:50:30,52.26,58.17,696.6,False
2024-01-21T15:51:00,52.92,59.07,686.0,False
2024-01-21T15:51:30,48.66,52.51,716.2,False
2024-01-21T15:52:00,43.7,48.73,600.6,False
2024-01-21T15:52:30,49.35,55.51,662.5,False
2024-01-21T15:53:00,53.79,57.21,790.5,False
2024-01-21T15:53:30,49.63,57.69,628.3,False
2024-01-21T15:54:00,51.75,59.29,726.1,False
2024-01-21T15:54:30,46.73,48.44,616.1,False
2024-01-21T15:55:00,45.56,54.23,680.9,False
2024-01-21T15:55:30,47.95,52.66,756.9,False
2024-01-21T15:56:00,42.37,51.42,598.5,False
2024-01-21T15:56:30,54.93,58.16,655.3,False
2024-01-21T15:57:00,48.55,54.89,702.7,False
2024-01-21T15:57:30,50.72,56.5,680.7,False
2024-01-21T15:58:00,46.72,51.38,666.4,False
2024-01-21T15:58:30,43.47,48.97,662.3,False
2024-01-21T15:59:00,52.36,57.7,741.4,False
2024-01-21T15:59:30,44.7,49.75,680.5,False
2024-01-21T16:00:00,49.11,57.43,691.8,False
2024-01-21T16:00:30,49.38,52.31,712.5,False
2024-01-21T16:01:00,48.26,52.52,678.6,False
2024-01-21T16:01:30,45.68,51.61,652.2,False
2024-01-21T16:02:00,47.57,49.86,679.9,False
2024-01-21T16:02:30,45.16,48.66,684.3,False
2024-01-21T16:03:00,50.42,56.19,677.5,False
2024-01-21T16:03:30,49.7,50.57,706.2,False
2024-01-21T16:04:00,47.91,58.15,664.9,False
2024-01-21T16:04:30,46.25,52.1,640.6,False
2024-01-21T16:05:00,54.27,54.24,776.2,False
2024-01-21T16:05:30,44.03,52.02,667.1,False
2024-01-21T16:06:00,43.29,45.89,661.5,False
2024-01-21T16:06:30,47.66,52.33,643.5,False
2024-01-21T16:07:00,47.12,52.32,667.1,False
2024-01-21T16:07:30,51.18,52.23,733.4,False
2024-01-21T16:08:00,49.81,52.81,713.4,False
2024-01-21T16:08:30,47.95,56.2,786.2,False
2024-01-21T16:09:00,49.35,54.21,703.6,False
2024-01-21T16:09:30,49.28,54.62,667.6,False
2024-01-21T16:10:00,54.13,54.67,715.6,False
2024-01-21T16:10:30,48.57,50.82,654.3,False
2024-01-21T16:11:00,45.75,51.57,640.1,False
2024-01-21T16:11:30,48.38,48.45,691.0,False
2024-01-21T16:12:00,39.91,46.95,600.7,False
2024-01-21T16:12:30,47.66,50.51,734.7,False
2024-01-21T16:13:00,51.02,50.62,743.4,False
2024-01-21T16:13:30,49.53,55.25,730.8,False
2024-01-21T16:14:00,48.61,53.23,678.8,False
2024-01-21T16:14:30,49.65,52.77,733.7,False
2024-01-21T16:15:00,50.99,56.03,748.9,False
2024-01-21T16:15:30,51.95,51.88,779.4,False
2024-01-21T16:16:00,49.0,51.01,670.3,False
2024-01-21T16:16:30,46.69,54.78,674.0,False
2024-01-21T16:17:00,40.69,54.11,595.5,False
2024-01-21T16:17:30,50.55,55.84,809.9,False
2024-01-21T16:18:00,49.14,54.72,685.1,False
2024-01-21T16:18:30,48.04,52.06,735.4,False
2024-01-21T16:19:00,45.5,50.84,670.3,False
2024-01-21T16:19:30,50.45,54.89,738.8,False
2024-01-21T16:20:00,46.77,55.34,673.6,False
2024-01-21T16:20:30,47.42,53.77,716.3,False
2024-01-21T16:21:00,47.34,54.8,689.8,False
2024-01-21T16:21:30,48.84,51.8,759.0,False
2024-01-21T16:22:00,44.03,52.46,664.5,False
2024-01-21T16:22:30,49.15,52.45,664.3,False
2024-01-21T16:23:00,45.29,52.14,683.0,False
2024-01-21T16:23:30,45.38,53.14,663.4,False
2024-01-21T16:24:00,50.07,53.19,661.1,False
2024-01-21T16:24:30,44.42,49.4,670.5,False
2024-01-21T16:25:00,50.04,54.97,675.6,False
2024-01-21T16:25:30,47.67,52.79,672.0,False
2024-01-21T16:26:00,42.41,50.7,640.9,False
2024-01-21T16:26:30,51.43,56.26,630.4,False
2024-01-21T16:27:00,48.25,55.97,668.8,False
2024-01-21T16:27:30,48.49,54.8,724.9,False
2024-01-21T16:28:00,50.31,55.45,694.8,False
2024-01-21T16:28:30,51.77,54.12,638.1,False
2024-01-21T16:29:00,47.86,52.47,679.6,False
2024-01-21T16:29:30,49.09,54.69,712.1,False
2024-01-21T16:30:00,48.34,52.68,674.8,False
2024-01-21T16:30:30,46.18,53.23,658.8,False
2024-01-21T16:31:00,42.44,48.83,621.7,False
2024-01-21T16:31:30,47.82,57.01,707.4,False
2024-01-21T16:32:00,51.29,55.28,677.5,False
2024-01-21T16:32:30,48.89,53.95,713.0,False
2024-01-21T16:33:00,43.92,50.24,640.6,False
2024-01-21T16:33:30,50.4,58.27,753.3,False
2024-01-21T16:34:00,46.16,49.82,649.9,False
2024-01-21T16:34:30,40.79,48.24,581.9,False
2024-01-21T16:35:00,50.11,56.01,725.6,False
2024-01-21T16:35:30,44.2,51.83,673.3,False
2024-01-21T16:36:00,52.36,54.28,735.3,False
2024-01-21T16:36:30,50.44,53.38,737.4,False
2024-01-21T16:37:00,46.3,51.83,630.3,False
2024-01-21T16:37:30,48.34,53.64,655.2,False
2024-01-21T16:38:00,54.22,59.48,786.5,False
2024-01-21T16:38:30,49.93,55.44,716.8,False
2024-01-21T16:39:00,47.62,55.12,662.8,False
2024-01-21T16:39:30,55.56,56.18,673.9,False
2024-01-21T16:40:00,47.22,53.91,628.0,False
2024-01-21T16:40:30,48.6,50.46,650.5,False
2024-01-21T16:41:00,44.03,51.65,629.8,False
2024-01-21T16:41:30,41.79,50.4,646.6,False
2024-01-21T16:42:00,45.93,55.88,612.8,False
2024-01-21T16:42:30,46.89,55.84,654.0,False
2024-01-21T16:43:00,47.75,52.63,631.4,False
2024-01-21T16:43:30,42.48,48.88,623.0,False
2024-01-21T16:44:00,48.7,52.05,785.0,False
2024-01-21T16:44:30,44.21,50.8,701.3,False
2024-01-21T16:45:00,48.51,56.14,711.0,False
2024-01-21T16:45:30,49.47,54.85,674.9,False
2024-01-21T16:46:00,45.46,53.05,620.6,False
2024-01-21T16:46:30,43.73,52.78,646.4,False
2024-01-21T16:47:00,51.24,52.92,647.7,False
2024-01-21T16:47:30,49.2,52.47,719.6,False
2024-01-21T16:48:00,47.02,53.84,668.2,False
2024-01-21T16:48:30,50.95,53.21,706.5,False
2024-01-21T16:49:00,46.78,49.63,607.6,False
2024-01-21T16:49:30,44.64,49.45,659.1,False
2024-01-21T16:50:00,43.48,53.15,638.3,False
2024-01-21T16:50:30,46.14,51.62,630.9,False
2024-01-21T16:51:00,48.76,54.13,699.1,False
2024-01-21T16:51:30,50.59,52.53,688.8,False
2024-01-21T16:52:00,46.47,53.3,683.6,False
2024-01-21T16:52:30,50.02,53.78,724.9,False
2024-01-21T16:53:00,45.72,53.06,622.4,False
2024-01-21T16:53:30,44.0,50.35,656.3,False
2024-01-21T16:54:00,42.4,51.52,642.7,False
2024-01-21T16:54:30,44.78,50.65,708.0,False
2024-01-21T16:55:00,42.47,50.39,673.4,False
2024-01-21T16:55:30,52.29,54.91,704.4,False
2024-01-21T16:56:00,47.56,53.15,663.4,False
2024-01-21T16:56:30,45.93,52.84,673.4,False
2024-01-21T16:57:00,51.36,54.01,665.9,False
2024-01-21T16:57:30,42.27,50.21,599.2,False
2024-01-21T16:58:00,45.74,52.57,647.2,False
2024-01-21T16:58:30,52.13,56.4,621.8,False
2024-01-21T16:59:00,45.68,52.01,625.8,False
2024-01-21T16:59:30,53.43,54.27,714.1,False
2024-01-21T17:00:00,48.42,53.71,797.6,False
2024-01-21T17:00:30,49.96,55.65,673.9,False
2024-01-21T17:01:00,50.03,51.68,726.6,False
2024-01-21T17:01:30,46.0,49.69,660.1,False
2024-01-21T17:02:00,44.51,50.27,673.7,False
2024-01-21T17:02:30,45.61,51.76,621.6,False
2024-01-21T17:03:00,42.97,46.43,582.0,False
2024-01-21T17:03:30,45.71,53.34,720.8,False
2024-01-21T17:04:00,45.88,51.91,613.8,False
2024-01-21T17:04:30,50.93,50.11,766.8,False
2024-01-21T17:05:00,47.62,50.93,666.1,False
2024-01-21T17:05:30,52.91,55.2,690.2,False
2024-01-21T17:06:00,39.32,45.46,593.9,False
2024-01-21T17:06:30,42.12,52.35,701.1,False
2024-01-21T17:07:00,44.69,52.07,629.6,False
2024-01-21T17:07:30,50.21,55.81,686.4,False
2024-01-21T17:08:00,45.38,49.98,702.0,False
2024-01-21T17:08:30,41.28,50.82,649.2,False
2024-01-21T17:09:00,44.92,50.5,742.5,False
2024-01-21T17:09:30,42.04,49.99,683.0,False
2024-01-21T17:10:00,41.43,50.78,603.6,False
2024-01-21T17:10:30,51.59,55.01,764.8,False
2024-01-21T17:11:00,44.51,53.23,579.2,False
2024-01-21T17:11:30,46.06,52.67,699.3,False
2024-01-21T17:12:00,45.24,51.06,635.7,False
2024-01-21T17:12:30,44.74,53.42,681.7,False
2024-01-21T17:13:00,42.95,52.95,722.1,False
2024-01-21T17:13:30,44.52,51.8,589.3,False
2024-01-21T17:14:00,46.43,55.26,708.4,False
2024-01-21T17:14:30,49.65,53.73,730.8,False
2024-01-21T17:15:00,48.22,53.23,712.1,False
2024-01-21T17:15:30,41.69,50.23,594.3,False
2024-01-21T17:16:00,48.29,53.26,682.8,False
2024-01-21T17:16:30,46.73,52.12,635.3,False
2024-01-21T17:17:00,43.4,49.65,664.4,False
2024-01-21T17:17:30,45.8,50.29,614.2,False
2024-01-21T17:18:00,46.94,53.08,658.1,False
2024-01-21T17:18:30,45.34,54.45,688.0,False
2024-01-21T17:19:00,46.62,54.32,643.6,False
2024-01-21T17:19:30,42.56,51.44,624.7,False
2024-01-21T17:20:00,51.11,57.44,672.6,False
2024-01-21T17:20:30,39.32,49.09,624.8,False
2024-01-21T17:21:00,46.81,50.82,669.0,False
2024-01-21T17:21:30,46.15,51.77,639.9,False
2024-01-21T17:22:00,46.96,52.75,650.4,False
2024-01-21T17:22:30,42.88,49.81,649.3,False
2024-01-21T17:23:00,48.48,54.86,645.5,False
2024-01-21T17:23:30,44.63,53.58,655.2,False
2024-01-21T17:24:00,41.37,46.62,632.3,False
2024-01-21T17:24:30,41.62,49.92,639.2,False
2024-01-21T17:25:00,45.25,46.22,640.8,False
2024-01-21T17:25:30,40.06,49.25,644.7,False
2024-01-21T17:26:00,50.22,54.31,740.3,False
2024-01-21T17:26:30,47.94,56.93,709.4,False
2024-01-21T17:27:00,50.25,57.49,710.4,False
2024-01-21T17:27:30,49.91,56.23,642.2,False
2024-01-21T17:28:00,43.66,49.32,716.3,False
2024-01-21T17:28:30,42.08,48.42,639.0,False
2024-01-21T17:29:00,36.63,45.54,605.5,False
2024-01-21T17:29:30,43.42,54.18,619.2,False
2024-01-21T17:30:00,49.91,52.55,690.7,False
2024-01-21T17:30:30,42.1,49.7,684.0,False
2024-01-21T17:31:00,43.93,49.59,682.7,False
2024-01-21T17:31:30,42.87,48.34,630.5,False
2024-01-21T17:32:00,45.63,52.9,726.2,False
2024-01-21T17:32:30,48.34,53.9,646.3,False
2024-01-21T17:33:00,39.83,44.89,551.4,False
2024-01-21T17:33:30,40.38,47.02,545.9,False
2024-01-21T17:34:00,48.86,54.37,722.7,False
2024-01-21T17:34:30,46.57,52.57,644.7,False
2024-01-21T17:35:00,43.56,50.41,642.9,False
2024-01-21T17:35:30,49.44,55.36,739.3,False
2024-01-21T17:36:00,40.19,46.65,634.7,False
2024-01-21T17:36:30,47.05,51.77,629.0,False
2024-01-21T17:37:00,44.03,52.49,717.2,False
2024-01-21T17:37:30,46.03,51.15,656.6,False
2024-01-21T17:38:00,37.02,48.58,593.6,False
2024-01-21T17:38:30,43.37,48.83,618.4,False
2024-01-21T17:39:00,46.33,50.96,626.0,False
2024-01-21T17:39:30,43.9,47.83,660.4,False
2024-01-21T17:40:00,47.83,49.25,625.0,False
2024-01-21T17:40:30,47.7,52.35,678.3,False
2024-01-21T17:41:00,41.13,50.92,692.5,False
2024-01-21T17:41:30,46.45,52.45,701.7,False
2024-01-21T17:42:00,40.98,52.26,635.9,False
2024-01-21T17:42:30,44.09,50.71,608.8,False
2024-01-21T17:43:00,45.87,48.15,664.5,False
2024-01-21T17:43:30,41.36,50.83,599.1,False
2024-01-21T17:44:00,46.2,50.4,727.3,False
2024-01-21T17:44:30,42.29,50.86,619.4,False
2024-01-21T17:45:00,42.04,45.91,604.9,False
2024-01-21T17:45:30,45.87,51.85,658.3,False
2024-01-21T17:46:00,41.22,51.48,598.5,False
2024-01-21T17:46:30,41.04,51.15,637.7,False
2024-01-21T17:47:00,46.79,52.36,747.2,False
2024-01-21T17:47:30,43.96,51.35,652.0,False
2024-01-21T17:48:00,39.25,48.1,577.1,False
2024-01-21T17:48:30,46.15,51.95,662.8,False
2024-01-21T17:49:00,42.33,51.89,587.8,False
2024-01-21T17:49:30,39.31,47.63,729.4,False
2024-01-21T17:50:00,35.97,46.16,659.8,False
2024-01-21T17:50:30,46.17,49.41,719.3,False
2024-01-21T17:51:00,40.85,51.2,656.9,False
2024-01-21T17:51:30,39.67,48.68,610.7,False
2024-01-21T17:52:00,45.29,49.6,656.6,False
2024-01-21T17:52:30,45.76,54.01,657.3,False
2024-01-21T17:53:00,40.95,49.76,722.7,False
2024-01-21T17:53:30,46.02,50.91,660.5,False
2024-01-21T17:54:00,49.42,55.87,672.8,False
2024-01-21T17:54:30,47.26,52.33,673.9,False
2024-01-21T17:55:00,46.77,49.63,694.8,False
2024-01-21T17:55:30,44.1,53.35,513.5,False
2024-01-21T17:56:00,41.8,48.61,650.1,False
2024-01-21T17:56:30,42.93,56.9,541.8,False
2024-01-21T17:57:00,44.39,50.7,714.0,False
2024-01-21T17:57:30,39.27,44.99,545.2,False
2024-01-21T17:58:00,40.7,53.25,593.5,False
2024-01-21T17:58:30,38.7,48.63,532.9,False
2024-01-21T17:59:00,43.65,51.74,721.3,False
2024-01-21T17:59:30,43.17,51.74,644.8,False
2024-01-21T18:00:00,40.93,47.14,716.5,False
2024-01-21T18:00:30,45.32,47.73,742.1,False
2024-01-21T18:01:00,39.69,53.16,667.5,False
2024-01-21T18:01:30,40.73,46.64,569.7,False
2024-01-21T18:02:00,45.11,55.23,667.5,False
2024-01-21T18:02:30,45.52,53.22,718.8,False
2024-01-21T18:03:00,40.31,49.92,638.1,False
2024-01-21T18:03:30,43.37,50.16,632.1,False
2024-01-21T18:04:00,40.3,54.18,636.5,False
2024-01-21T18:04:30,42.02,49.03,654.0,False
2024-01-21T18:05:00,43.01,49.59,585.0,False
2024-01-21T18:05:30,44.23,52.87,631.1,False
2024-01-21T18:06:00,43.47,49.8,673.8,False
2024-01-21T18:06:30,43.3,49.05,681.4,False
2024-01-21T18:07:00,39.21,48.91,623.4,False
2024-01-21T18:07:30,43.58,52.59,632.3,False
2024-01-21T18:08:00,44.04,55.2,644.6,False
2024-01-21T18:08:30,44.42,55.8,625.2,False
2024-01-21T18:09:00,40.16,45.93,617.1,False
2024-01-21T18:09:30,45.04,54.03,694.3,False
2024-01-21T18:10:00,38.31,46.62,703.6,False
2024-01-21T18:10:30,40.93,48.03,579.3,False
2024-01-21T18:11:00,41.37,49.04,681.6,False
2024-01-21T18:11:30,38.37,47.42,622.3,False
2024-01-21T18:12:00,41.26,47.93,566.0,False
2024-01-21T18:12:30,42.76,46.17,638.2,False
2024-01-21T18:13:00,36.59,50.63,585.4,False
2024-01-21T18:13:30,40.85,51.67,626.7,False
2024-01-21T18:14:00,36.75,47.79,635.9,False
2024-01-21T18:14:30,48.09,51.56,763.7,False
2024-01-21T18:15:00,42.57,53.21,692.4,False
2024-01-21T18:15:30,42.28,50.46,646.7,False
2024-01-21T18:16:00,42.56,49.58,653.5,False
2024-01-21T18:16:30,43.65,47.99,732.3,False
2024-01-21T18:17:00,44.74,52.9,615.5,False
2024-01-21T18:17:30,37.08,47.33,646.3,False
2024-01-21T18:18:00,45.66,52.81,619.4,False
2024-01-21T18:18:30,45.44,52.52,602.5,False
2024-01-21T18:19:00,41.47,51.47,657.0,False
2024-01-21T18:19:30,41.28,50.54,563.9,False
2024-01-21T18:20:00,32.29,45.0,542.6,False
2024-01-21T18:20:30,37.84,49.5,657.7,False
2024-01-21T18:21:00,43.09,52.92,608.2,False
2024-01-21T18:21:30,45.1,55.12,732.7,False
2024-01-21T18:22:00,43.65,49.06,558.9,False
2024-01-21T18:22:30,41.21,52.3,671.4,False
2024-01-21T18:23:00,47.18,49.89,622.1,False
2024-01-21T18:23:30,44.38,53.7,647.3,False
2024-01-21T18:24:00,40.15,48.37,629.8,False
2024-01-21T18:24:30,47.84,55.09,671.5,False
2024-01-21T18:25:00,37.98,51.46,593.5,False
2024-01-21T18:25:30,36.81,48.35,536.5,False
2024-01-21T18:26:00,39.93,49.46,676.1,False
2024-01-21T18:26:30,38.89,48.83,561.9,False
2024-01-21T18:27:00,40.03,48.66,571.0,False
2024-01-21T18:27:30,43.49,53.58,644.0,False
2024-01-21T18:28:00,40.96,49.85,599.8,False
2024-01-21T18:28:30,41.0,45.74,661.5,False
2024-01-21T18:29:00,41.17,51.95,608.0,False
2024-01-21T18:29:30,34.02,48.27,572.1,False
2024-01-21T18:30:00,36.37,47.87,595.6,False
2024-01-21T18:30:30,39.73,47.89,656.8,False
2024-01-21T18:31:00,38.32,46.44,585.5,False
2024-01-21T18:31:30,40.12,48.09,554.1,False
2024-01-21T18:32:00,44.99,52.5,627.6,False
2024-01-21T18:32:30,40.52,46.18,669.7,False
2024-01-21T18:33:00,36.75,48.83,607.9,False
2024-01-21T18:33:30,38.3,48.9,591.6,False
2024-01-21T18:34:00,45.77,55.07,668.6,False
2024-01-21T18:34:30,45.2,53.62,651.0,False
2024-01-21T18:35:00,42.36,49.35,670.4,False
2024-01-21T18:35:30,35.85,44.16,600.3,False
2024-01-21T18:36:00,41.42,48.68,620.2,False
2024-01-21T18:36:30,41.62,53.19,669.6,False
2024-01-21T18:37:00,40.51,50.46,671.1,False
2024-01-21T18:37:30,38.68,50.16,572.7,False
2024-01-21T18:38:00,39.27,48.0,578.1,False
2024-01-21T18:38:30,38.4,49.8,703.3,False
2024-01-21T18:39:00,36.85,45.01,619.9,False
2024-01-21T18:39:30,44.35,53.67,721.6,False
2024-01-21T18:40:00,42.86,48.75,678.6,False
2024-01-21T18:40:30,39.33,45.34,633.0,False
2024-01-21T18:41:00,41.2,54.76,544.1,False
2024-01-21T18:41:30,41.28,50.54,581.4,False
2024-01-21T18:42:00,47.1,53.4,702.8,False
2024-01-21T18:42:30,42.66,47.22,605.0,False
2024-01-21T18:43:00,42.51,52.13,634.1,False
2024-01-21T18:43:30,40.08,51.45,657.0,False
2024-01-21T18:44:00,38.63,48.55,614.4,False
2024-01-21T18:44:30,44.04,53.44,668.3,False
2024-01-21T18:45:00,41.81,52.89,690.0,False
2024-01-21T18:45:30,37.33,49.36,658.1,False
2024-01-21T18:46:00,41.15,45.89,626.9,False
2024-01-21T18:46:30,42.26,48.47,689.0,False
2024-01-21T18:47:00,33.42,49.73,529.0,False
2024-01-21T18:47:30,36.91,48.27,604.3,False
2024-01-21T18:48:00,40.73,50.19,648.5,False
2024-01-21T18:48:30,33.83,44.9,566.4,False
2024-01-21T18:49:00,34.27,45.51,565.2,False
2024-01-21T18:49:30,38.72,51.4,565.0,False
2024-01-21T18:50:00,40.97,53.14,626.3,False
2024-01-21T18:50:30,41.07,51.79,564.2,False
2024-01-21T18:51:00,44.16,52.85,648.0,False
2024-01-21T18:51:30,39.63,50.73,619.4,False
2024-01-21T18:52:00,38.23,48.64,635.6,False
2024-01-21T18:52:30,35.38,44.95,536.0,False
2024-01-21T18:53:00,38.12,45.89,618.5,False
2024-01-21T18:53:30,41.36,52.98,653.6,False
2024-01-21T18:54:00,41.45,50.33,630.7,False
2024-01-21T18:54:30,39.95,50.6,637.5,False
2024-01-21T18:55:00,40.76,50.48,636.9,False
2024-01-21T18:55:30,42.91,51.65,539.3,False
2024-01-21T18:56:00,39.27,50.0,577.3,False
2024-01-21T18:56:30,43.11,52.63,730.6,False
2024-01-21T18:57:00,36.79,46.54,620.6,False
2024-01-21T18:57:30,38.71,51.4,585.6,False
2024-01-21T18:58:00,37.45,46.93,614.3,False
2024-01-21T18:58:30,41.24,50.78,658.3,False
2024-01-21T18:59:00,35.78,45.21,647.9,False
2024-01-21T18:59:30,37.82,48.26,587.0,False
2024-01-21T19:00:00,33.17,44.95,541.5,False
2024-01-21T19:00:30,40.49,49.98,604.0,False
2024-01-21T19:01:00,42.41,52.37,616.4,False
2024-01-21T19:01:30,41.36,50.53,606.7,False
2024-01-21T19:02:00,41.03,54.13,635.7,False
2024-01-21T19:02:30,41.07,51.82,611.8,False
2024-01-21T19:03:00,40.62,49.55,622.5,False
2024-01-21T19:03:30,40.32,49.69,697.5,False
2024-01-21T19:04:00,40.48,50.69,585.5,False
2024-01-21T19:04:30,36.44,49.33,605.0,False
2024-01-21T19:05:00,37.76,46.12,556.7,False
2024-01-21T19:05:30,38.54,50.25,645.4,False
2024-01-21T19:06:00,37.28,45.93,643.0,False
2024-01-21T19:06:30,33.55,47.56,533.7,False
2024-01-21T19:07:00,34.51,49.16,548.2,False
2024-01-21T19:07:30,38.86,49.74,637.6,False
2024-01-21T19:08:00,40.85,45.49,615.8,False
2024-01-21T19:08:30,38.12,45.21,661.7,False
2024-01-21T19:09:00,46.35,54.02,622.7,False
2024-01-21T19:09:30,35.26,42.44,625.2,False
2024-01-21T19:10:00,39.32,50.6,704.0,False
2024-01-21T19:10:30,41.82,52.6,650.2,False
2024-01-21T19:11:00,41.1,52.54,603.3,False
2024-01-21T19:11:30,39.83,49.15,587.5,False
2024-01-21T19:12:00,41.04,51.12,621.8,False
2024-01-21T19:12:30,37.95,49.12,630.7,False
2024-01-21T19:13:00,42.74,48.15,582.1,False
2024-01-21T19:13:30,41.56,52.0,620.1,False
2024-01-21T19:14:00,35.11,50.07,586.2,False
2024-01-21T19:14:30,38.59,50.41,670.9,False
2024-01-21T19:15:00,32.95,45.2,638.1,False
2024-01-21T19:15:30,42.12,52.27,631.7,False
2024-01-21T19:16:00,38.19,51.42,561.1,False
2024-01-21T19:16:30,41.52,52.83,637.8,False
2024-01-21T19:17:00,37.11,50.35,603.9,False
2024-01-21T19:17:30,31.83,42.47,602.1,False
2024-01-21T19:18:00,45.27,53.17,644.4,False
2024-01-21T19:18:30,37.71,49.89,562.1,False
2024-01-21T19:19:00,34.28,48.96,573.7,False
2024-01-21T19:19:30,40.67,51.11,611.8,False
2024-01-21T19:20:00,43.31,54.5,631.8,False
2024-01-21T19:20:30,36.55,44.37,557.7,False
2024-01-21T19:21:00,36.82,49.28,544.3,False
2024-01-21T19:21:30,37.79,49.61,626.8,False
2024-01-21T19:22:00,33.71,48.41,580.2,False
2024-01-21T19:22:30,34.93,50.3,547.3,False
2024-01-21T19:23:00,42.31,49.13,671.2,False
2024-01-21T19:23:30,36.52,51.04,518.5,False
2024-01-21T19:24:00,34.37,48.57,558.6,False
2024-01-21T19:24:30,35.48,47.13,592.5,False
2024-01-21T19:25:00,40.02,47.95,664.5,False
2024-01-21T19:25:30,30.83,45.57,524.4,False
2024-01-21T19:26:00,37.48,49.08,644.8,False
2024-01-21T19:26:30,44.07,52.48,626.5,False
2024-01-21T19:27:00,42.73,49.88,674.7,False
2024-01-21T19:27:30,38.32,50.15,673.8,False
2024-01-21T19:28:00,40.51,49.22,584.1,False
2024-01-21T19:28:30,40.44,52.43,629.6,False
2024-01-21T19:29:00,36.1,51.25,610.4,False
2024-01-21T19:29:30,39.21,47.76,563.9,False
2024-01-21T19:30:00,41.76,50.78,651.4,False
2024-01-21T19:30:30,32.57,48.01,537.9,False
2024-01-21T19:31:00,38.05,49.36,570.7,False
2024-01-21T19:31:30,37.36,45.76,582.0,False
2024-01-21T19:32:00,36.55,49.79,572.5,False
2024-01-21T19:32:30,36.24,46.69,622.0,False
2024-01-21T19:33:00,36.85,48.61,594.8,False
2024-01-21T19:33:30,37.06,46.33,688.9,False
2024-01-21T19:34:00,39.43,51.09,594.0,False
2024-01-21T19:34:30,37.46,47.68,618.7,False
2024-01-21T19:35:00,35.46,49.32,577.7,False
2024-01-21T19:35:30,33.43,46.08,516.4,False
2024-01-21T19:36:00,34.5,46.08,639.6,False
2024-01-21T19:36:30,36.66,48.95,598.0,False
2024-01-21T19:37:00,33.71,44.51,538.5,False
2024-01-21T19:37:30,38.63,52.71,625.0,False
2024-01-21T19:38:00,37.04,48.69,637.7,False
2024-01-21T19:38:30,39.14,48.24,579.2,False
2024-01-21T19:39:00,33.75,45.88,572.0,False
2024-01-21T19:39:30,33.13,46.41,606.7,False
2024-01-21T19:40:00,38.99,51.3,618.6,False
2024-01-21T19:40:30,35.93,45.99,609.6,False
2024-01-21T19:41:00,34.9,46.52,568.6,False
2024-01-21T19:41:30,37.56,48.49,537.6,False
2024-01-21T19:42:00,37.41,51.6,589.2,False
2024-01-21T19:42:30,31.61,47.62,530.5,False
2024-01-21T19:43:00,39.49,52.74,611.6,False
2024-01-21T19:43:30,34.07,46.91,550.5,False
2024-01-21T19:44:00,40.36,52.86,629.7,False
2024-01-21T19:44:30,31.21,47.96,535.8,False
2024-01-21T19:45:00,36.13,49.28,621.4,False
2024-01-21T19:45:30,34.58,48.67,601.2,False
2024-01-21T19:46:00,29.17,43.22,496.3,False
2024-01-21T19:46:30,37.02,52.0,646.5,False
2024-01-21T19:47:00,29.24,43.96,505.0,False
2024-01-21T19:47:30,34.09,48.0,527.8,False
2024-01-21T19:48:00,38.24,50.3,648.1,False
2024-01-21T19:48:30,33.29,43.74,542.7,False
2024-01-21T19:49:00,32.13,45.8,561.0,False
2024-01-21T19:49:30,37.2,48.84,546.1,False
2024-01-21T19:50:00,34.01,46.62,557.4,False
2024-01-21T19:50:30,33.5,46.51,563.4,False
2024-01-21T19:51:00,38.5,52.08,592.3,False
2024-01-21T19:51:30,31.13,43.75,528.5,False
2024-01-21T19:52:00,33.21,43.91,567.4,False
2024-01-21T19:52:30,37.15,47.25,636.8,False
2024-01-21T19:53:00,30.81,46.74,508.8,False
2024-01-21T19:53:30,39.79,51.43,517.2,False
2024-01-21T19:54:00,33.78,47.95,619.8,False
2024-01-21T19:54:30,37.01,50.18,569.7,False
2024-01-21T19:55:00,36.96,48.84,572.7,False
2024-01-21T19:55:30,33.84,45.74,548.9,False
2024-01-21T19:56:00,32.82,44.38,509.4,False
2024-01-21T19:56:30,34.09,44.38,556.9,False
2024-01-21T19:57:00,36.31,47.56,579.3,False
2024-01-21T19:57:30,31.17,47.02,566.8,False
2024-01-21T19:58:00,30.48,45.58,521.9,False
2024-01-21T19:58:30,38.5,49.16,510.4,False
2024-01-21T19:59:00,31.8,43.65,500.9,False
2024-01-21T19:59:30,35.03,52.54,624.8,False
2024-01-21T20:00:00,33.32,44.87,532.9,False
2024-01-21T20:00:30,33.41,46.81,589.1,False
2024-01-21T20:01:00,38.13,50.94,576.5,False
2024-01-21T20:01:30,33.54,46.73,600.8,False
2024-01-21T20:02:00,32.68,44.6,565.4,False
2024-01-21T20:02:30,32.9,47.94,505.2,False
2024-01-21T20:03:00,32.16,43.28,510.4,False
2024-01-21T20:03:30,31.62,49.17,493.3,False
2024-01-21T20:04:00,32.09,46.49,593.2,False
2024-01-21T20:04:30,38.53,48.64,557.9,False
2024-01-21T20:05:00,35.63,44.87,570.3,False
2024-01-21T20:05:30,32.42,43.79,556.2,False
2024-01-21T20:06:00,36.36,47.96,599.8,False
2024-01-21T20:06:30,28.61,47.98,510.4,False
2024-01-21T20:07:00,37.46,49.08,536.6,False
2024-01-21T20:07:30,37.17,49.17,549.1,False
2024-01-21T20:08:00,39.95,50.64,577.5,False
2024-01-21T20:08:30,36.24,52.74,484.0,False
2024-01-21T20:09:00,34.47,46.25,593.0,False
2024-01-21T20:09:30,36.99,51.52,616.1,False
2024-01-21T20:10:00,31.2,44.7,506.7,False
2024-01-21T20:10:30,31.85,44.41,606.9,False
2024-01-21T20:11:00,32.8,46.14,558.1,False
2024-01-21T20:11:30,37.05,48.26,630.3,False
2024-01-21T20:12:00,30.34,46.2,573.7,False
2024-01-21T20:12:30,29.97,40.24,534.4,False
2024-01-21T20:13:00,33.53,46.97,487.0,False
2024-01-21T20:13:30,34.93,46.17,587.4,False
2024-01-21T20:14:00,30.62,43.77,566.0,False
2024-01-21T20:14:30,34.7,44.67,551.5,False
2024-01-21T20:15:00,36.75,47.56,600.5,False
2024-01-21T20:15:30,36.21,46.98,588.5,False
2024-01-21T20:16:00,33.62,45.87,530.8,False
2024-01-21T20:16:30,32.25,42.76,554.0,False
2024-01-21T20:17:00,37.68,48.96,581.1,False
2024-01-21T20:17:30,32.48,44.58,574.8,False
2024-01-21T20:18:00,35.21,44.26,558.1,False
2024-01-21T20:18:30,38.22,47.94,577.3,False
2024-01-21T20:19:00,34.81,45.78,513.0,False
2024-01-21T20:19:30,29.27,44.64,622.4,False
2024-01-21T20:20:00,28.5,43.06,509.9,False
2024-01-21T20:20:30,31.28,42.67,505.0,False
2024-01-21T20:21:00,34.26,45.28,598.2,False
2024-01-21T20:21:30,33.42,43.19,574.9,False
2024-01-21T20:22:00,38.67,51.54,631.3,False
2024-01-21T20:22:30,33.31,49.19,592.6,False
2024-01-21T20:23:00,30.98,48.26,591.7,False
2024-01-21T20:23:30,28.52,43.02,485.5,False
2024-01-21T20:24:00,35.42,50.24,589.2,False
2024-01-21T20:24:30,31.81,46.66,491.3,False
2024-01-21T20:25:00,27.27,41.93,505.9,False
2024-01-21T20:25:30,31.81,44.59,581.3,False
2024-01-21T20:26:00,28.71,43.96,493.9,False
2024-01-21T20:26:30,30.38,45.34,632.3,False
2024-01-21T20:27:00,31.63,46.49,553.8,False
2024-01-21T20:27:30,28.86,44.38,458.4,False
2024-01-21T20:28:00,30.07,44.29,568.7,False
2024-01-21T20:28:30,29.25,47.28,622.8,False
2024-01-21T20:29:00,29.29,44.37,444.9,False
2024-01-21T20:29:30,28.38,43.8,555.6,False
2024-01-21T20:30:00,29.91,44.48,499.7,False
2024-01-21T20:30:30,28.63,44.05,526.9,False
2024-01-21T20:31:00,33.03,43.75,511.9,False
2024-01-21T20:31:30,31.83,43.87,588.8,False
2024-01-21T20:32:00,34.77,52.24,565.4,False
2024-01-21T20:32:30,36.8,45.06,640.8,False
2024-01-21T20:33:00,33.13,47.07,523.8,False
2024-01-21T20:33:30,32.4,46.85,550.9,False
2024-01-21T20:34:00,33.23,48.61,473.3,False
2024-01-21T20:34:30,32.37,46.89,662.8,False
2024-01-21T20:35:00,31.07,49.29,625.4,False
2024-01-21T20:35:30,30.79,45.85,633.5,False
2024-01-21T20:36:00,27.77,46.56,583.5,False
2024-01-21T20:36:30,33.31,48.71,542.8,False
2024-01-21T20:37:00,30.66,48.39,543.5,False
2024-01-21T20:37:30,35.05,47.56,592.1,False
2024-01-21T20:38:00,33.41,47.48,582.2,False
2024-01-21T20:38:30,28.74,43.62,486.1,False
2024-01-21T20:39:00,34.32,47.46,528.7,False
2024-01-21T20:39:30,22.85,41.84,429.3,False
2024-01-21T20:40:00,36.28,43.97,573.2,False
2024-01-21T20:40:30,26.43,42.92,498.6,False
2024-01-21T20:41:00,31.89,47.71,537.0,False
2024-01-21T20:41:30,31.64,43.11,563.2,False
2024-01-21T20:42:00,33.69,44.86,514.2,False
2024-01-21T20:42:30,29.28,46.95,500.1,False
2024-01-21T20:43:00,23.79,44.58,459.9,False
2024-01-21T20:43:30,29.2,43.36,566.4,False
2024-01-21T20:44:00,29.48,45.09,543.8,False
2024-01-21T20:44:30,23.95,41.82,505.1,False
2024-01-21T20:45:00,30.19,47.45,504.2,False
2024-01-21T20:45:30,26.78,42.33,515.9,False
2024-01-21T20:46:00,31.91,45.21,524.3,False
2024-01-21T20:46:30,29.18,47.28,503.9,False
2024-01-21T20:47:00,35.76,45.88,600.9,False
2024-01-21T20:47:30,29.07,43.55,506.7,False
2024-01-21T20:48:00,31.08,45.82,544.4,False
2024-01-21T20:48:30,29.11,47.62,522.1,False
2024-01-21T20:49:00,24.84,40.05,451.7,False
2024-01-21T20:49:30,29.05,43.12,509.3,False
2024-01-21T20:50:00,31.88,47.14,532.6,False
2024-01-21T20:50:30,31.38,47.2,535.8,False
2024-01-21T20:51:00,28.65,44.77,457.1,False
2024-01-21T20:51:30,25.12,42.35,471.8,False
2024-01-21T20:52:00,31.38,45.97,587.5,False
2024-01-21T20:52:30,30.66,42.34,562.8,False
2024-01-21T20:53:00,31.89,46.17,539.1,False
2024-01-21T20:53:30,28.49,47.24,480.7,False
2024-01-21T20:54:00,24.22,39.5,497.7,False
2024-01-21T20:54:30,30.83,43.88,585.3,False
2024-01-21T20:55:00,29.15,43.82,593.9,False
2024-01-21T20:55:30,48.74,53.74,969.0,False
2024-01-21T20:56:00,64.17,65.81,1071.0,False
2024-01-21T20:56:30,79.6,67.98,1256.1,False
2024-01-21T20:57:00,78.99,67.27,1246.3,False
2024-01-21T20:57:30,78.69,70.93,1229.9,False
2024-01-21T20:58:00,79.09,68.29,1207.3,False
2024-01-21T20:58:30,80.48,71.86,1191.5,False
2024-01-21T20:59:00,78.09,68.7,1251.7,False
2024-01-21T20:59:30,80.23,71.08,1277.7,False
2024-01-21T21:00:00,78.9,66.36,1216.8,False
2024-01-21T21:00:30,79.39,70.66,1103.6,False
2024-01-21T21:01:00,79.46,70.22,1045.1,False
2024-01-21T21:01:30,79.38,69.23,1028.1,False
2024-01-21T21:02:00,79.32,67.25,987.2,False
2024-01-21T21:02:30,79.16,70.07,965.3,False
2024-01-21T21:03:00,79.03,71.02,1011.8,False
2024-01-21T21:03:30,80.92,69.46,1062.1,False
2024-01-21T21:04:00,64.53,61.3,1009.6,False
2024-01-21T21:04:30,41.93,52.61,738.1,False
2024-01-21T21:05:00,32.71,49.84,685.4,False
2024-01-21T21:05:30,21.93,42.15,242.4,True
2024-01-21T21:06:00,21.21,40.37,278.1,True
2024-01-21T21:06:30,23.8,40.72,293.5,True
2024-01-21T21:07:00,20.09,39.3,222.9,True
2024-01-21T21:07:30,23.68,38.5,342.9,True
2024-01-21T21:08:00,20.18,39.09,256.1,True
2024-01-21T21:08:30,22.83,42.97,326.8,True
2024-01-21T21:09:00,25.57,42.18,305.0,True
2024-01-21T21:09:30,23.26,39.7,272.8,True
2024-01-21T21:10:00,21.43,38.6,240.2,True
2024-01-21T21:10:30,29.45,43.98,321.6,False
2024-01-21T21:11:00,23.57,38.64,347.1,False
2024-01-21T21:11:30,25.23,40.12,265.9,False
2024-01-21T21:12:00,26.41,45.59,337.9,False
2024-01-21T21:12:30,30.02,42.26,327.7,False
2024-01-21T21:13:00,28.83,42.14,354.2,False
2024-01-21T21:13:30,29.17,44.5,341.7,False
2024-01-21T21:14:00,27.44,42.17,266.2,False
2024-01-21T21:14:30,25.12,42.07,307.6,False
2024-01-21T21:15:00,31.9,47.01,441.8,False
2024-01-21T21:15:30,25.3,38.89,314.7,False
2024-01-21T21:16:00,28.61,45.15,365.9,False
2024-01-21T21:16:30,26.97,41.66,327.7,False
2024-01-21T21:17:00,28.95,43.24,363.1,False
2024-01-21T21:17:30,25.4,45.89,274.5,False
2024-01-21T21:18:00,30.33,41.7,337.8,False
2024-01-21T21:18:30,31.27,46.16,385.3,False
2024-01-21T21:19:00,30.06,46.63,326.5,False
2024-01-21T21:19:30,27.52,41.74,363.0,False
2024-01-21T21:20:00,25.7,40.86,265.4,False
2024-01-21T21:20:30,35.43,46.32,385.8,False
2024-01-21T21:21:00,23.94,39.94,281.2,False
2024-01-21T21:21:30,29.52,44.24,441.7,False
2024-01-21T21:22:00,27.83,45.05,307.0,False
2024-01-21T21:22:30,26.6,41.93,329.6,False
2024-01-21T21:23:00,27.3,44.86,238.7,False
2024-01-21T21:23:30,25.17,44.74,254.6,False
2024-01-21T21:24:00,27.94,44.19,335.7,False
2024-01-21T21:24:30,27.56,44.19,309.9,False
2024-01-21T21:25:00,34.6,45.48,367.0,False
2024-01-21T21:25:30,29.74,38.99,324.9,False
2024-01-21T21:26:00,28.03,44.55,316.8,False
2024-01-21T21:26:30,28.16,45.04,256.9,False
2024-01-21T21:27:00,31.91,45.81,351.8,False
2024-01-21T21:27:30,23.44,42.91,278.7,False
2024-01-21T21:28:00,25.76,41.16,348.7,False
2024-01-21T21:28:30,20.54,40.68,297.8,False
2024-01-21T21:29:00,27.9,46.27,210.0,False
2024-01-21T21:29:30,28.72,45.07,300.4,False
2024-01-21T21:30:00,23.15,43.64,357.3,False
2024-01-21T21:30:30,30.4,47.28,379.4,False
2024-01-21T21:31:00,23.89,38.88,310.8,False
2024-01-21T21:31:30,24.98,43.31,279.7,False
2024-01-21T21:32:00,26.32,41.28,340.2,False
2024-01-21T21:32:30,30.7,42.52,285.0,False
2024-01-21T21:33:00,23.3,40.47,263.8,False
2024-01-21T21:33:30,26.71,46.25,327.4,False
2024-01-21T21:34:00,28.11,42.36,349.2,False
2024-01-21T21:34:30,27.45,39.6,328.3,False
2024-01-21T21:35:00,27.52,40.26,335.9,False
2024-01-21T21:35:30,27.94,44.32,330.1,False
2024-01-21T21:36:00,23.95,39.85,279.0,False
2024-01-21T21:36:30,30.64,40.63,398.7,False
2024-01-21T21:37:00,25.2,39.19,375.6,False
2024-01-21T21:37:30,24.76,42.11,296.0,False
2024-01-21T21:38:00,29.49,45.7,288.9,False
2024-01-21T21:38:30,23.51,40.27,278.7,False
2024-01-21T21:39:00,26.32,43.86,314.0,False
2024-01-21T21:39:30,23.15,42.81,196.8,False
2024-01-21T21:40:00,32.83,44.26,416.2,False
2024-01-21T21:40:30,32.16,45.25,331.7,False
2024-01-21T21:41:00,24.86,40.64,265.8,False
2024-01-21T21:41:30,26.7,43.84,300.0,False
2024-01-21T21:42:00,25.12,40.75,282.0,False
2024-01-21T21:42:30,24.01,39.0,294.4,False
2024-01-21T21:43:00,25.37,42.21,334.6,False
2024-01-21T21:43:30,24.85,44.06,349.8,False
2024-01-21T21:44:00,20.37,40.63,294.6,False
2024-01-21T21:44:30,25.68,44.27,267.7,False
2024-01-21T21:45:00,24.72,43.62,293.4,False
2024-01-21T21:45:30,25.74,42.38,310.1,False
2024-01-21T21:46:00,24.53,40.49,308.5,False
2024-01-21T21:46:30,23.63,39.51,308.6,False
2024-01-21T21:47:00,27.3,39.9,321.5,False
2024-01-21T21:47:30,26.23,44.92,306.4,False
2024-01-21T21:48:00,28.78,43.16,366.6,False
2024-01-21T21:48:30,26.03,39.04,302.9,False
2024-01-21T21:49:00,23.91,43.86,329.5,False
2024-01-21T21:49:30,26.31,42.78,343.0,False
2024-01-21T21:50:00,18.47,40.61,305.9,False
2024-01-21T21:50:30,30.69,44.26,354.2,False
2024-01-21T21:51:00,25.15,40.43,359.0,False
2024-01-21T21:51:30,30.84,45.76,334.6,False
2024-01-21T21:52:00,21.64,41.32,286.9,False
2024-01-21T21:52:30,20.85,39.31,297.4,False
2024-01-21T21:53:00,25.26,44.7,261.6,False
2024-01-21T21:53:30,25.21,43.94,285.9,False
2024-01-21T21:54:00,25.09,43.13,274.0,False
2024-01-21T21:54:30,24.59,39.53,294.4,False
2024-01-21T21:55:00,22.11,38.01,255.6,False
2024-01-21T21:55:30,19.49,41.6,260.2,False
2024-01-21T21:56:00,24.76,37.46,294.9,False
2024-01-21T21:56:30,20.02,39.28,249.0,False
2024-01-21T21:57:00,19.69,39.6,263.6,False
2024-01-21T21:57:30,22.64,39.8,253.8,False
2024-01-21T21:58:00,25.03,41.91,265.8,False
2024-01-21T21:58:30,29.66,45.13,289.5,False
2024-01-21T21:59:00,26.59,41.59,241.2,False
2024-01-21T21:59:30,27.91,45.18,296.1,False
2024-01-21T22:00:00,25.53,43.4,325.8,False
2024-01-21T22:00:30,24.63,41.42,289.1,False
2024-01-21T22:01:00,31.0,43.32,348.5,False
2024-01-21T22:01:30,19.47,39.03,239.6,False
2024-01-21T22:02:00,22.16,44.78,354.6,False
2024-01-21T22:02:30,22.35,39.14,285.4,False
2024-01-21T22:03:00,26.0,45.54,285.2,False
2024-01-21T22:03:30,20.34,36.14,220.4,False
2024-01-21T22:04:00,25.52,40.52,372.7,False
2024-01-21T22:04:30,24.93,40.86,243.4,False
2024-01-21T22:05:00,25.59,44.18,272.9,False
2024-01-21T22:05:30,25.49,42.34,272.2,False
2024-01-21T22:06:00,27.68,45.95,320.1,False
2024-01-21T22:06:30,22.88,40.26,297.2,False
2024-01-21T22:07:00,24.57,41.67,299.3,False
2024-01-21T22:07:30,20.73,39.2,251.3,False
2024-01-21T22:08:00,20.0,43.55,204.1,False
2024-01-21T22:08:30,28.15,41.33,399.5,False
2024-01-21T22:09:00,20.38,38.67,273.6,False
2024-01-21T22:09:30,24.7,39.89,320.3,False
2024-01-21T22:10:00,24.32,42.81,267.6,False
2024-01-21T22:10:30,26.21,40.33,297.8,False
2024-01-21T22:11:00,17.67,41.98,288.3,False
2024-01-21T22:11:30,25.28,42.3,214.0,False
2024-01-21T22:12:00,22.39,41.52,309.7,False
2024-01-21T22:12:30,20.72,40.79,255.9,False
2024-01-21T22:13:00,21.73,40.33,290.5,False
2024-01-21T22:13:30,25.55,42.53,371.0,False
2024-01-21T22:14:00,24.59,41.98,277.6,False
2024-01-21T22:14:30,21.97,41.54,167.7,False
2024-01-21T22:15:00,18.9,37.32,207.5,False
2024-01-21T22:15:30,19.07,37.07,253.1,False
2024-01-21T22:16:00,24.49,43.4,361.9,False
2024-01-21T22:16:30,18.36,38.69,231.3,False
2024-01-21T22:17:00,21.8,36.4,336.3,False
2024-01-21T22:17:30,30.15,43.65,248.2,False
2024-01-21T22:18:00,23.45,44.31,267.4,False
2024-01-21T22:18:30,24.25,41.33,335.6,False
2024-01-21T22:19:00,18.8,37.87,288.2,False
2024-01-21T22:19:30,18.26,35.67,167.9,False
2024-01-21T22:20:00,24.29,40.54,260.7,False
2024-01-21T22:20:30,21.02,37.71,262.6,False
2024-01-21T22:21:00,25.34,43.06,276.2,False
2024-01-21T22:21:30,22.21,40.74,324.5,False
2024-01-21T22:22:00,32.41,45.01,359.8,False
2024-01-21T22:22:30,20.28,38.15,204.5,False
2024-01-21T22:23:00,22.83,44.0,301.0,False
2024-01-21T22:23:30,19.24,37.75,274.4,False
2024-01-21T22:24:00,24.97,40.62,253.8,False
2024-01-21T22:24:30,23.16,40.64,249.6,False
2024-01-21T22:25:00,18.91,38.79,222.8,False
2024-01-21T22:25:30,20.8,40.91,321.1,False
2024-01-21T22:26:00,25.83,44.32,303.1,False
2024-01-21T22:26:30,25.43,43.97,215.1,False
2024-01-21T22:27:00,17.39,43.1,191.0,False
2024-01-21T22:27:30,20.2,36.26,290.2,False
2024-01-21T22:28:00,27.02,43.52,299.8,False
2024-01-21T22:28:30,21.01,39.02,219.0,False
2024-01-21T22:29:00,22.02,44.59,261.0,False
2024-01-21T22:29:30,24.51,42.16,335.4,False
2024-01-21T22:30:00,17.4,34.2,326.2,False
2024-01-21T22:30:30,18.53,39.69,245.9,False
2024-01-21T22:31:00,20.34,40.26,282.3,False
2024-01-21T22:31:30,24.88,43.52,295.1,False
2024-01-21T22:32:00,24.29,40.26,303.1,False
2024-01-21T22:32:30,23.35,41.9,249.8,False
2024-01-21T22:33:00,20.73,39.39,323.7,False
2024-01-21T22:33:30,24.5,40.48,277.7,False
2024-01-21T22:34:00,20.61,40.56,220.9,False
2024-01-21T22:34:30,22.76,41.26,251.3,False
2024-01-21T22:35:00,23.73,43.54,316.4,False
2024-01-21T22:35:30,26.04,42.65,280.4,False
2024-01-21T22:36:00,20.74,41.15,326.6,False
2024-01-21T22:36:30,19.78,37.05,283.8,False
2024-01-21T22:37:00,24.72,44.73,332.2,False
2024-01-21T22:37:30,24.91,40.48,282.5,False
2024-01-21T22:38:00,19.12,40.95,228.1,False
2024-01-21T22:38:30,17.4,38.81,240.5,False
2024-01-21T22:39:00,24.33,42.02,247.1,False
2024-01-21T22:39:30,15.71,38.96,244.6,False
